order_id,order_date,customer_id,product_id,quantity,unit_price,discount_pct
3967,2024-05-31,164,6,1,114.35,0
1317,2024-06-12,33,11,2,127.63,0
2452,2024-10-24,180,35,2,11.58,0
420,2024-09-09,220,24,2,73.36,10
996,2024-11-04,169,7,3,37.71,15
2517,2024-04-03,124,13,2,18.09,15
2492,2025-04-17,36,17,5,58.44,5
3251,2024-11-05,58,5,2,15.92,10
37,2025-05-07,67,20,5,60.25,5
259,2025-07-15,130,20,4,60.25,10
3688,2024-11-24,206,15,5,43.35,0
1418,2024-11-06,285,30,3,97.13,0
1575,2025-07-10,179,15,3,43.35,5
3172,2025-02-23,228,39,4,39.05,10
1801,2025-09-06,49,2,4,131.21,0
2923,2024-09-17,131,28,5,93.46,0
1245,2024-12-19,157,28,2,93.46,0
2171,2025-08-05,133,2,4,131.21,0
4123,2024-11-01,175,12,2,85.81,0
606,2024-11-06,166,24,1,73.36,0
1895,2024-08-29,20,25,1,94.83,5
2909,2025-06-12,122,4,5,72.91,0
920,2024-04-10,282,35,3,11.58,15
468,2025-08-22,267,15,1,43.35,15
1204,2024-09-03,195,25,4,94.83,10
1553,2025-08-20,284,8,3,103.07,0
725,2024-04-20,150,38,5,21.84,10
3726,2025-08-09,42,28,3,93.46,10
3472,2024-09-05,209,28,3,93.46,10
3037,2024-08-26,27,24,2,73.36,0
4203,2024-08-11,71,32,4,106.66,0
3819,2025-06-21,160,12,1,85.81,0
1693,2024-11-30,209,18,1,113.61,15
14,2024-08-04,240,28,5,93.46,0
405,2024-05-14,249,6,1,114.35,0
2659,2024-05-15,22,35,4,11.58,10
2544,2024-07-21,150,20,4,60.25,10
4111,2024-08-07,104,32,5,106.66,0
2075,2024-04-20,249,34,4,21.92,0
3645,2024-05-06,118,38,4,21.84,0
591,2025-03-31,25,19,5,43.01,0
3487,2024-11-17,216,11,5,127.63,0
4115,2024-12-19,200,1,4,47.8,15
902,2025-08-17,187,20,1,60.25,15
1048,2024-07-12,221,25,3,94.83,5
674,2025-06-08,47,28,2,93.46,15
3704,2025-06-02,153,3,2,121.61,0
2964,2025-08-27,200,3,2,121.61,5
366,2024-12-13,238,31,4,72.32,10
638,2024-11-10,45,12,2,85.81,0
3635,2024-06-18,112,21,2,97.59,0
1420,2024-10-29,167,30,4,97.13,10
4293,2024-05-09,176,39,2,39.05,0
2138,2025-05-11,69,17,3,58.44,0
1657,2025-05-14,278,16,3,22.92,10
733,2024-08-07,158,29,2,98.91,0
726,2025-02-23,206,32,1,106.66,0
2922,2025-04-15,36,37,3,149.41,0
2484,2025-08-08,27,10,2,62.62,15
4266,2024-10-07,104,9,5,102.79,0
1419,2024-11-06,97,14,2,62.21,0
3310,2025-06-15,15,17,1,58.44,15
1034,2024-06-28,97,13,5,18.09,0
2989,2024-11-02,97,2,5,131.21,10
3428,2024-06-09,84,9,4,102.79,10
3793,2025-06-22,235,28,1,93.46,10
3918,2025-09-16,62,8,1,103.07,0
174,2025-09-09,49,4,2,72.91,15
3181,2025-07-23,203,4,1,72.91,15
2554,2024-07-03,42,19,3,43.01,15
2557,2025-03-04,155,14,1,62.21,15
156,2025-08-26,78,7,2,37.71,0
828,2025-09-28,196,27,5,52.56,0
566,2024-11-01,15,24,3,73.36,5
397,2024-12-02,61,18,1,113.61,10
2999,2024-12-05,142,35,1,11.58,0
1146,2024-09-22,243,36,1,10.4,5
4375,2024-06-15,42,17,5,58.44,0
2097,2025-06-30,157,21,5,97.59,0
189,2025-01-17,14,39,1,39.05,0
1735,2024-12-09,253,8,2,103.07,10
1163,2024-06-24,170,4,4,72.91,15
2148,2024-11-29,276,4,2,72.91,0
974,2025-07-10,283,8,4,103.07,5
1688,2024-06-07,49,35,4,11.58,0
2713,2024-09-13,91,39,5,39.05,0
2736,2024-09-18,168,7,1,37.71,10
3936,2025-06-27,89,14,5,62.21,10
1590,2024-05-17,67,13,4,18.09,0
4151,2024-12-09,39,21,3,97.59,5
1506,2024-06-01,3,34,1,21.92,5
3471,2025-03-31,283,6,3,114.35,10
486,2025-04-28,28,28,4,93.46,0
2574,2024-12-23,21,27,4,52.56,0
2656,2025-02-23,15,24,5,73.36,0
3899,2024-07-25,118,2,3,131.21,10
3758,2025-05-12,70,7,2,37.71,0
3117,2024-04-07,134,7,4,37.71,10
1568,2024-05-12,92,5,2,15.92,0
4005,2025-05-03,297,20,5,60.25,5
3745,2025-02-19,275,26,2,141.76,15
3670,2025-07-06,155,10,1,62.62,10
3521,2024-12-25,167,24,5,73.36,0
1161,2025-01-05,18,26,1,141.76,10
506,2025-04-13,58,34,5,21.92,0
3471,2025-03-31,283,34,4,21.92,0
3525,2024-11-10,147,38,2,21.84,0
3780,2025-07-28,78,36,2,10.4,0
2129,2024-12-22,144,8,5,103.07,0
2140,2025-01-04,52,11,3,127.63,0
70,2024-12-13,106,20,5,60.25,15
4158,2024-11-13,103,33,4,99.14,10
752,2024-11-29,41,38,3,21.84,15
3841,2025-01-16,34,11,3,127.63,10
2146,2025-05-14,230,4,1,72.91,0
1614,2024-10-30,82,39,5,39.05,0
2445,2024-10-24,133,4,5,72.91,0
1602,2024-11-12,137,28,5,93.46,0
4012,2025-07-10,192,40,5,82.94,0
1847,2025-09-05,25,27,3,52.56,5
2324,2024-06-19,264,26,5,141.76,15
2443,2024-12-18,196,39,4,39.05,15
2621,2025-05-30,113,39,2,39.05,5
3954,2024-11-22,228,20,3,60.25,15
1683,2024-09-11,37,1,3,47.8,5
1376,2024-08-03,18,6,1,114.35,0
4141,2024-12-30,165,24,2,73.36,15
124,2024-10-27,131,21,4,97.59,10
1932,2025-08-18,51,20,2,60.25,0
621,2024-12-07,135,20,1,60.25,15
1450,2025-06-15,11,35,4,11.58,0
3381,2024-08-05,296,35,3,11.58,5
328,2024-07-10,74,16,4,22.92,5
2424,2024-06-11,88,8,1,103.07,15
2170,2025-09-27,296,1,5,47.8,5
2798,2024-11-25,152,7,3,37.71,0
2299,2024-08-26,206,26,4,141.76,5
3086,2024-12-14,59,10,4,62.62,15
2568,2024-04-03,124,5,5,15.92,0
1182,2025-06-22,47,10,3,62.62,0
2175,2024-12-23,125,29,5,98.91,0
1105,2025-06-07,182,26,2,141.76,15
925,2024-08-29,157,25,1,94.83,0
2157,2025-03-26,58,9,5,102.79,10
1115,2025-06-11,228,30,1,97.13,15
3116,2024-06-20,96,8,1,103.07,5
3233,2024-11-03,144,6,2,114.35,5
2598,2025-07-14,145,25,2,94.83,5
2894,2024-04-10,124,6,2,114.35,0
3998,2025-01-21,92,9,4,102.79,5
1816,2024-10-06,291,7,2,37.71,0
3914,2025-06-12,101,2,3,131.21,0
812,2025-04-19,256,10,1,62.62,0
4335,2025-03-29,95,27,5,52.56,0
3847,2025-06-13,55,38,2,21.84,10
3249,2025-03-04,263,5,5,15.92,0
1389,2024-09-10,119,32,4,106.66,0
1552,2025-09-16,288,38,2,21.84,5
1854,2024-07-31,131,2,1,131.21,10
733,2024-08-07,158,14,4,62.21,10
4109,2025-01-20,285,38,1,21.84,0
410,2025-04-11,233,33,4,99.14,15
3639,2024-09-17,53,38,1,21.84,5
3253,2025-04-04,210,9,1,102.79,15
3756,2024-12-17,13,11,2,127.63,10
4252,2024-11-21,118,11,2,127.63,0
3610,2025-02-04,100,35,4,11.58,0
1868,2024-04-07,242,4,3,72.91,10
4380,2024-05-17,273,37,1,149.41,10
616,2024-07-31,102,30,2,97.13,5
277,2024-07-28,127,25,4,94.83,15
3724,2024-08-22,3,20,3,60.25,5
2208,2024-11-01,98,16,4,22.92,15
1982,2024-07-22,218,25,3,94.83,10
2032,2024-05-14,64,38,2,21.84,5
2824,2025-03-15,141,36,4,10.4,0
2212,2025-07-28,86,31,2,72.32,5
685,2024-08-30,209,10,2,62.62,0
869,2025-06-07,39,11,4,127.63,15
1158,2025-06-27,251,36,1,10.4,0
1415,2025-01-14,137,33,2,99.14,10
589,2024-12-07,198,37,1,149.41,0
2731,2025-06-19,195,8,3,103.07,5
2184,2024-09-28,241,23,3,102.85,15
1532,2024-08-15,159,21,2,97.59,0
2883,2025-04-26,292,13,1,18.09,0
1399,2025-01-15,128,28,2,93.46,0
1681,2024-11-21,257,30,2,97.13,5
935,2025-01-27,236,27,2,52.56,0
3262,2024-05-13,146,38,2,21.84,10
2148,2024-11-29,276,7,5,37.71,0
1338,2025-02-12,105,25,5,94.83,0
994,2024-12-08,40,24,3,73.36,0
1169,2024-06-28,67,38,1,21.84,0
2708,2024-06-22,297,20,5,60.25,5
4006,2024-11-16,16,11,3,127.63,15
1362,2025-07-02,244,20,2,60.25,5
1426,2025-08-05,33,14,4,62.21,15
3333,2025-01-02,195,17,5,58.44,0
4333,2024-05-04,33,40,1,82.94,5
2722,2024-12-06,239,35,1,11.58,15
2042,2024-06-05,22,11,5,127.63,0
3136,2024-07-14,63,38,2,21.84,0
1286,2025-02-14,107,4,4,72.91,0
1975,2024-07-03,274,2,2,131.21,0
2844,2024-10-12,161,16,4,22.92,0
1344,2025-03-16,129,30,1,97.13,5
2922,2025-04-15,36,18,3,113.61,10
995,2024-12-08,6,30,5,97.13,0
844,2024-08-18,264,15,4,43.35,15
3418,2025-02-18,1,11,5,127.63,0
1812,2025-02-03,70,17,4,58.44,15
3496,2024-04-03,242,25,3,94.83,15
2665,2024-10-21,1,1,4,47.8,0
2439,2024-10-15,291,20,4,60.25,15
2634,2024-04-07,134,32,2,106.66,0
2456,2024-06-07,273,18,3,113.61,5
1930,2025-04-21,86,25,3,94.83,0
2131,2025-07-10,139,8,4,103.07,0
3679,2024-09-10,94,31,2,72.32,15
3496,2024-04-03,242,7,5,37.71,0
15,2024-11-04,50,7,3,37.71,10
1984,2025-07-18,212,20,3,60.25,10
155,2025-09-05,266,24,5,73.36,15
3854,2024-06-30,15,18,3,113.61,0
488,2025-07-24,50,20,2,60.25,0
2601,2024-11-05,300,21,5,97.59,5
3420,2024-10-06,105,35,4,11.58,15
3473,2024-05-17,76,8,2,103.07,0
3202,2024-11-24,81,37,1,149.41,10
2429,2025-01-30,28,32,1,106.66,15
4212,2025-07-16,110,9,3,102.79,0
147,2025-08-21,101,9,5,102.79,5
3608,2024-06-10,33,33,5,99.14,0
955,2025-07-29,132,9,1,102.79,0
1447,2024-10-21,168,1,3,47.8,0
1817,2024-04-10,249,10,4,62.62,0
2310,2025-03-12,161,18,3,113.61,0
918,2024-06-13,221,26,5,141.76,0
3738,2024-12-08,208,19,4,43.01,0
993,2025-09-06,130,23,2,102.85,0
228,2024-08-24,51,26,3,141.76,0
3505,2024-06-04,19,31,4,72.32,5
4035,2024-06-29,59,27,2,52.56,5
3625,2024-06-26,98,25,3,94.83,5
162,2025-07-13,59,32,5,106.66,5
774,2024-05-08,98,29,2,98.91,0
941,2024-09-12,3,30,3,97.13,15
2817,2024-10-24,279,39,4,39.05,0
46,2024-06-25,62,33,2,99.14,5
438,2025-09-22,23,11,2,127.63,15
2293,2025-06-02,202,29,2,98.91,5
1388,2025-05-06,242,22,4,58.86,5
3696,2024-11-22,253,26,5,141.76,0
3284,2025-01-28,181,22,3,58.86,0
1787,2025-06-03,243,12,3,85.81,10
1958,2024-12-25,277,13,2,18.09,0
555,2024-11-14,278,1,1,47.8,5
4076,2024-12-03,190,18,5,113.61,0
682,2024-09-23,253,26,5,141.76,0
2481,2025-03-15,22,29,2,98.91,15
2455,2025-01-10,36,38,4,21.84,15
6,2024-11-25,147,8,2,103.07,0
3678,2024-06-23,295,11,2,127.63,0
4033,2025-05-15,228,10,5,62.62,15
2966,2024-05-08,157,39,4,39.05,0
583,2025-06-12,190,23,4,102.85,15
2119,2024-11-09,215,26,2,141.76,10
1589,2025-03-24,183,7,2,37.71,15
627,2024-11-18,188,38,1,21.84,10
1384,2025-02-21,231,32,2,106.66,0
2829,2024-12-23,187,22,1,58.86,5
3661,2024-12-16,45,18,2,113.61,15
1327,2024-09-06,255,30,4,97.13,0
152,2025-08-04,299,3,2,121.61,15
2494,2025-08-12,138,28,1,93.46,5
333,2024-05-02,296,36,4,10.4,0
1484,2025-01-23,119,31,1,72.32,5
1634,2025-04-12,178,5,1,15.92,0
1822,2025-05-24,135,5,1,15.92,0
1938,2024-04-09,242,40,1,82.94,0
3871,2024-08-31,133,10,3,62.62,0
2586,2024-11-15,46,15,5,43.35,15
4089,2024-06-14,148,35,3,11.58,5
3453,2025-08-11,263,17,4,58.44,5
863,2025-07-02,161,3,2,121.61,10
959,2024-10-02,283,26,4,141.76,0
2865,2025-04-18,101,35,5,11.58,10
2540,2024-10-19,241,6,2,114.35,5
182,2024-11-26,250,7,1,37.71,0
3263,2025-09-28,147,10,2,62.62,10
147,2025-08-21,101,7,4,37.71,0
2584,2025-07-25,285,19,1,43.01,15
3920,2024-04-30,58,7,4,37.71,0
800,2025-06-26,184,14,5,62.21,0
1866,2024-09-14,231,4,5,72.91,0
1723,2024-04-08,249,4,5,72.91,0
1213,2025-08-29,42,21,4,97.59,15
871,2025-09-06,84,10,1,62.62,10
2222,2025-06-22,61,37,2,149.41,0
3014,2024-12-31,273,7,1,37.71,0
2951,2024-11-20,284,5,5,15.92,5
779,2024-07-31,22,3,3,121.61,0
1311,2024-12-24,128,7,4,37.71,10
258,2024-04-21,33,1,4,47.8,0
291,2025-07-15,228,29,4,98.91,5
1309,2024-10-14,146,34,4,21.92,15
4123,2024-11-01,175,13,5,18.09,5
2652,2024-04-13,64,34,4,21.92,0
3665,2024-09-30,65,38,1,21.84,15
3063,2025-04-17,36,7,3,37.71,5
2376,2025-08-17,243,4,3,72.91,0
3644,2025-03-05,254,3,4,121.61,0
3609,2024-10-12,98,16,1,22.92,0
1395,2025-08-14,289,7,4,37.71,5
4349,2024-07-22,280,38,1,21.84,0
290,2024-09-17,33,21,1,97.59,10
1644,2024-04-06,282,22,5,58.86,15
4005,2025-05-03,297,34,2,21.92,0
503,2024-06-26,56,28,5,93.46,5
2422,2025-08-20,37,39,4,39.05,0
2356,2024-06-26,59,1,1,47.8,0
3354,2025-07-24,20,32,1,106.66,0
408,2025-06-23,287,13,3,18.09,15
945,2024-11-03,190,20,2,60.25,10
1308,2024-04-13,150,2,4,131.21,5
3839,2025-01-20,97,9,5,102.79,0
1546,2025-09-06,63,40,1,82.94,0
3472,2024-09-05,209,14,2,62.21,10
1696,2024-10-18,49,12,5,85.81,15
2526,2024-10-03,197,16,2,22.92,0
2917,2024-09-04,223,10,1,62.62,0
3103,2025-09-29,208,27,2,52.56,5
475,2024-05-03,76,6,4,114.35,0
3006,2024-04-05,124,3,3,121.61,0
401,2025-07-16,49,31,3,72.32,0
3978,2024-05-30,59,8,3,103.07,0
2003,2024-09-06,92,4,5,72.91,0
3085,2024-12-14,288,5,1,15.92,0
251,2024-11-30,27,18,3,113.61,0
2188,2024-05-01,242,35,4,11.58,15
4074,2024-09-06,76,15,2,43.35,0
1458,2024-12-09,224,17,1,58.44,0
3342,2024-12-22,10,18,3,113.61,10
3874,2024-11-04,210,32,5,106.66,0
3199,2025-02-27,16,10,1,62.62,0
188,2024-08-22,56,28,1,93.46,0
395,2025-04-18,97,36,2,10.4,15
523,2024-06-01,64,12,4,85.81,0
2955,2024-11-06,57,19,5,43.01,15
3453,2025-08-11,263,13,5,18.09,10
4193,2025-06-21,84,16,5,22.92,0
3806,2024-04-26,282,7,4,37.71,0
4182,2025-09-04,287,21,4,97.59,0
3052,2025-06-07,13,38,1,21.84,0
1320,2025-09-19,132,39,1,39.05,10
135,2025-04-22,283,1,3,47.8,10
3674,2025-03-01,53,37,1,149.41,10
3889,2025-08-27,188,1,5,47.8,0
1939,2025-02-25,191,26,1,141.76,0
1981,2025-02-17,113,25,4,94.83,0
2518,2024-05-25,62,4,5,72.91,5
352,2025-01-16,279,37,2,149.41,15
2582,2024-05-12,295,9,5,102.79,0
2090,2024-11-22,215,23,3,102.85,5
242,2024-11-18,255,10,4,62.62,10
740,2024-09-25,158,26,5,141.76,0
3872,2024-06-29,297,26,1,141.76,5
467,2025-09-24,45,19,5,43.01,10
3698,2025-06-04,250,14,1,62.21,10
871,2025-09-06,84,25,5,94.83,0
4318,2024-10-10,76,3,2,121.61,5
368,2025-05-14,176,36,2,10.4,5
3451,2025-05-29,9,19,1,43.01,0
897,2025-06-14,102,33,2,99.14,0
1846,2024-10-11,132,19,3,43.01,15
1905,2024-12-07,3,16,4,22.92,5
1358,2024-09-07,274,13,2,18.09,15
1106,2025-03-11,173,3,1,121.61,15
3136,2024-07-14,63,39,3,39.05,10
1774,2025-07-23,64,3,5,121.61,0
2382,2024-10-26,242,27,1,52.56,0
865,2025-09-01,153,28,5,93.46,0
644,2025-08-17,242,28,1,93.46,0
660,2025-02-19,272,21,3,97.59,0
798,2025-07-20,249,5,4,15.92,0
3938,2024-06-02,131,17,2,58.44,0
954,2024-09-13,29,37,1,149.41,0
1617,2024-09-29,210,32,4,106.66,15
251,2024-11-30,27,2,1,131.21,0
4297,2025-01-04,209,17,3,58.44,15
1795,2024-12-29,73,23,2,102.85,15
4339,2025-05-13,21,32,5,106.66,15
838,2024-04-04,134,9,5,102.79,0
4348,2024-10-10,42,15,2,43.35,0
477,2025-08-08,257,22,5,58.86,0
3713,2025-08-22,284,28,2,93.46,10
3958,2025-04-01,158,21,3,97.59,0
1653,2024-11-20,130,16,3,22.92,0
3195,2025-01-25,218,3,3,121.61,0
4273,2025-03-31,76,34,4,21.92,0
1231,2025-09-02,35,35,5,11.58,10
4001,2025-06-06,213,16,3,22.92,5
2610,2025-08-18,33,39,4,39.05,10
2383,2025-07-24,154,2,4,131.21,5
2137,2024-07-25,102,33,1,99.14,0
2527,2025-02-06,96,20,1,60.25,0
3393,2025-03-11,148,13,5,18.09,10
3213,2024-12-21,220,24,2,73.36,15
639,2024-11-10,135,38,1,21.84,0
4355,2025-07-04,62,30,1,97.13,10
2243,2025-03-22,14,13,1,18.09,0
2231,2024-07-10,56,38,5,21.84,5
2285,2024-09-17,132,28,5,93.46,0
197,2025-09-18,265,24,1,73.36,0
2506,2024-06-08,184,40,2,82.94,15
1012,2025-07-08,263,13,4,18.09,0
3016,2024-08-01,262,23,2,102.85,15
3716,2025-02-21,175,15,5,43.35,15
2575,2024-12-23,4,27,1,52.56,0
2956,2024-11-06,276,6,4,114.35,0
3625,2024-06-26,98,7,3,37.71,5
515,2024-04-13,150,21,3,97.59,5
976,2024-12-31,266,37,2,149.41,10
1203,2025-01-20,236,35,3,11.58,0
2007,2025-05-24,240,30,5,97.13,10
1319,2025-06-15,130,17,1,58.44,0
249,2024-07-13,97,27,4,52.56,10
4331,2024-08-13,74,36,1,10.4,0
1054,2024-11-24,137,12,4,85.81,5
3832,2024-12-27,220,31,5,72.32,0
571,2024-08-14,243,2,2,131.21,10
3965,2025-01-06,289,14,5,62.21,10
655,2024-04-11,249,26,4,141.76,15
1608,2025-09-17,40,12,5,85.81,10
2625,2025-01-07,16,11,4,127.63,5
702,2025-05-17,85,26,5,141.76,0
3637,2025-01-09,282,33,4,99.14,10
2499,2024-10-09,42,25,1,94.83,10
1950,2024-09-16,15,8,4,103.07,10
4303,2024-12-24,213,10,1,62.62,0
4036,2025-09-30,22,15,1,43.35,10
4041,2024-12-14,278,11,4,127.63,5
838,2024-04-04,134,2,2,131.21,0
985,2024-05-03,49,40,5,82.94,15
1768,2025-06-20,94,35,4,11.58,5
2578,2025-01-30,17,18,1,113.61,0
2192,2025-09-30,87,7,2,37.71,5
1237,2025-09-02,248,20,2,60.25,0
3243,2024-10-21,223,35,2,11.58,0
900,2024-07-22,82,23,1,102.85,0
2571,2025-07-07,179,33,1,99.14,5
4280,2024-04-29,76,22,2,58.86,0
3559,2024-05-21,19,24,3,73.36,0
256,2025-04-17,251,36,1,10.4,5
3014,2024-12-31,273,33,4,99.14,0
2794,2025-01-28,191,33,4,99.14,0
2237,2025-02-03,258,12,5,85.81,0
782,2025-05-13,117,31,5,72.32,10
1186,2024-11-14,188,32,3,106.66,5
1737,2024-05-09,22,36,4,10.4,10
3686,2024-10-13,132,30,4,97.13,10
836,2025-08-11,243,39,3,39.05,15
2209,2024-11-01,33,40,3,82.94,15
4033,2025-05-15,228,14,3,62.21,10
663,2024-09-15,295,28,4,93.46,0
4050,2024-06-04,92,29,5,98.91,0
3121,2024-07-11,280,38,5,21.84,15
3531,2025-09-01,126,17,4,58.44,15
2067,2024-09-23,50,11,4,127.63,0
1058,2024-06-28,264,7,2,37.71,0
2530,2025-05-20,48,26,3,141.76,5
2227,2025-04-09,282,19,5,43.01,0
1152,2025-05-18,131,5,2,15.92,0
3299,2025-06-12,280,12,1,85.81,0
440,2025-08-10,273,12,2,85.81,10
2853,2024-04-01,242,26,3,141.76,15
1878,2024-12-21,214,12,4,85.81,0
2506,2024-06-08,184,22,2,58.86,5
4122,2024-11-01,201,24,5,73.36,15
3935,2024-07-23,42,12,5,85.81,10
3486,2024-11-17,240,17,4,58.44,15
909,2025-04-29,288,26,2,141.76,0
1249,2024-06-15,157,38,1,21.84,5
2931,2024-12-25,278,9,4,102.79,10
398,2024-07-14,96,29,2,98.91,0
1373,2024-12-24,45,2,2,131.21,0
4297,2025-01-04,209,3,5,121.61,0
2722,2024-12-06,239,3,3,121.61,0
2123,2025-05-08,22,16,2,22.92,5
2746,2024-12-21,160,40,1,82.94,0
2028,2024-10-04,146,39,4,39.05,5
2664,2024-09-18,194,30,3,97.13,0
989,2024-11-12,173,28,2,93.46,0
572,2025-03-10,211,38,3,21.84,10
2193,2025-07-08,2,27,2,52.56,0
3726,2025-08-09,42,10,1,62.62,15
3417,2025-05-16,1,15,5,43.35,0
610,2024-06-27,49,38,2,21.84,0
1031,2024-08-04,248,19,2,43.01,10
3383,2025-06-25,52,8,5,103.07,15
384,2024-08-27,74,40,1,82.94,0
2283,2024-04-08,124,32,5,106.66,0
3153,2025-06-15,108,5,3,15.92,0
2391,2024-12-06,152,27,5,52.56,5
2271,2024-12-09,214,38,2,21.84,0
1799,2025-02-02,38,38,5,21.84,15
799,2024-07-12,63,26,3,141.76,0
1353,2024-11-19,239,14,4,62.21,5
795,2024-06-08,105,8,4,103.07,5
790,2025-05-26,201,9,4,102.79,15
3198,2024-12-14,251,11,5,127.63,0
2612,2024-11-19,46,25,3,94.83,0
1162,2025-07-27,233,31,1,72.32,10
1026,2025-08-16,180,17,3,58.44,0
608,2025-02-14,228,27,2,52.56,0
3516,2024-11-22,269,14,4,62.21,0
840,2025-04-04,24,39,3,39.05,5
714,2024-11-06,185,38,4,21.84,15
3592,2024-04-20,282,23,5,102.85,5
264,2025-04-03,260,11,3,127.63,0
1820,2024-04-16,64,26,1,141.76,0
4117,2024-04-02,124,14,5,62.21,15
2898,2025-04-03,48,31,3,72.32,15
2430,2025-04-11,260,28,4,93.46,0
462,2024-04-06,282,14,4,62.21,0
2526,2024-10-03,197,11,3,127.63,0
2052,2025-07-10,54,28,3,93.46,0
4271,2024-11-11,205,1,1,47.8,5
2897,2024-05-19,148,20,2,60.25,10
103,2025-07-10,192,35,5,11.58,5
3983,2024-04-18,231,1,3,47.8,15
4346,2025-09-18,124,18,1,113.61,0
4067,2024-06-01,56,33,3,99.14,15
4380,2024-05-17,273,28,4,93.46,0
1366,2024-08-17,137,10,3,62.62,15
1536,2025-01-23,276,2,5,131.21,10
2139,2024-05-06,218,9,1,102.79,0
1072,2024-04-11,134,35,2,11.58,0
4381,2024-04-15,150,21,3,97.59,15
1429,2024-12-30,251,4,3,72.91,0
3706,2024-12-15,279,36,2,10.4,0
1985,2025-01-22,269,40,3,82.94,5
636,2025-01-31,33,24,2,73.36,0
308,2025-01-11,285,9,3,102.79,0
1928,2024-06-26,253,20,1,60.25,5
2744,2024-11-30,215,39,3,39.05,0
3407,2025-08-28,122,17,3,58.44,10
6,2024-11-25,147,2,3,131.21,0
1285,2024-11-18,293,34,3,21.92,0
3357,2024-10-07,89,19,1,43.01,5
3587,2024-12-26,98,12,5,85.81,5
2162,2025-02-28,118,33,5,99.14,0
102,2024-11-28,232,24,4,73.36,0
2712,2024-05-07,295,37,5,149.41,0
2936,2025-07-21,53,26,1,141.76,0
1083,2025-06-19,219,7,5,37.71,5
2024,2024-12-17,156,10,4,62.62,0
1015,2024-04-30,231,36,5,10.4,5
2156,2024-08-12,250,6,5,114.35,0
2753,2024-12-17,296,14,3,62.21,10
1787,2025-06-03,243,6,5,114.35,0
4311,2024-12-09,213,20,4,60.25,0
2355,2024-05-21,213,39,3,39.05,0
3447,2025-04-23,81,11,2,127.63,0
1181,2025-03-21,235,11,2,127.63,0
3168,2025-06-20,93,29,4,98.91,0
3291,2024-12-25,240,2,5,131.21,0
687,2024-05-08,282,38,1,21.84,5
3199,2025-02-27,16,11,4,127.63,0
3321,2024-08-24,233,10,3,62.62,0
382,2024-12-17,192,36,1,10.4,5
919,2024-04-13,64,25,1,94.83,0
4124,2024-06-26,92,20,4,60.25,0
1059,2024-08-22,2,37,2,149.41,15
2176,2025-01-16,298,26,2,141.76,15
1812,2025-02-03,70,38,3,21.84,5
1757,2024-04-23,249,9,5,102.79,15
3584,2024-12-18,269,29,3,98.91,0
3412,2024-11-01,108,19,5,43.01,0
3205,2024-06-08,171,12,1,85.81,0
4364,2024-12-26,61,33,3,99.14,5
3161,2024-07-11,158,1,3,47.8,10
2678,2024-10-31,221,22,2,58.86,0
2245,2025-07-19,256,17,5,58.44,15
1299,2025-07-12,130,16,3,22.92,5
3933,2024-12-28,297,22,1,58.86,15
2095,2025-09-16,94,31,2,72.32,5
2721,2025-04-09,269,33,4,99.14,10
643,2024-07-02,88,14,3,62.21,15
1420,2024-10-29,167,26,5,141.76,0
86,2024-08-30,102,37,1,149.41,0
1282,2025-08-30,94,13,3,18.09,10
842,2025-07-23,87,16,4,22.92,15
2379,2025-04-27,202,16,5,22.92,10
1817,2024-04-10,249,11,3,127.63,0
3454,2024-09-02,295,10,5,62.62,0
3217,2025-09-09,257,20,5,60.25,0
3105,2025-09-16,205,36,5,10.4,0
3175,2024-07-29,249,13,5,18.09,10
4039,2025-01-19,100,3,5,121.61,0
1831,2024-08-27,113,15,1,43.35,15
1743,2025-08-25,48,10,4,62.62,0
2096,2024-10-19,3,28,1,93.46,0
2162,2025-02-28,118,18,4,113.61,0
2814,2025-04-26,222,37,5,149.41,0
3467,2024-08-24,273,18,1,113.61,0
1082,2025-02-07,17,2,3,131.21,10
2495,2024-04-04,134,11,2,127.63,0
3268,2024-11-18,192,16,2,22.92,5
1778,2025-04-27,285,27,2,52.56,5
29,2024-10-20,61,5,4,15.92,5
1642,2024-09-27,85,23,5,102.85,0
2606,2024-05-17,124,1,1,47.8,5
973,2025-05-27,54,40,5,82.94,10
586,2024-09-27,214,37,4,149.41,0
2369,2024-06-28,253,3,3,121.61,10
3413,2024-11-01,72,18,1,113.61,0
3397,2024-09-19,132,14,5,62.21,5
3112,2024-11-24,14,24,1,73.36,0
2844,2024-10-12,161,17,4,58.44,5
2011,2024-11-27,266,38,1,21.84,0
2329,2024-11-27,49,20,1,60.25,0
4266,2024-10-07,104,7,4,37.71,0
1427,2024-05-09,242,30,5,97.13,0
1453,2025-04-18,286,31,5,72.32,5
1175,2024-11-02,154,34,5,21.92,0
834,2025-08-10,52,4,3,72.91,0
3700,2024-11-22,249,14,3,62.21,10
698,2025-01-25,227,10,2,62.62,5
396,2024-12-02,297,19,4,43.01,0
3963,2025-04-07,166,17,1,58.44,0
176,2025-01-01,213,29,5,98.91,15
880,2025-08-18,6,32,1,106.66,10
136,2024-11-03,294,18,5,113.61,15
3283,2024-09-17,206,24,5,73.36,15
2858,2025-05-03,193,20,4,60.25,0
3523,2024-08-01,296,12,4,85.81,0
396,2024-12-02,297,35,1,11.58,0
376,2024-07-13,116,17,2,58.44,0
1090,2024-05-10,81,36,3,10.4,10
1314,2024-08-30,29,5,3,15.92,15
700,2024-12-08,84,15,4,43.35,5
3000,2025-09-15,6,11,3,127.63,0
3862,2024-10-06,272,23,1,102.85,0
3897,2024-05-30,295,31,1,72.32,0
1208,2025-08-16,121,39,5,39.05,0
453,2025-08-15,167,26,3,141.76,5
56,2025-02-12,264,17,3,58.44,0
1791,2025-06-08,58,32,4,106.66,0
3775,2025-09-17,198,32,1,106.66,0
2798,2024-11-25,152,17,5,58.44,0
3870,2024-10-01,225,8,5,103.07,0
445,2024-12-03,87,29,5,98.91,15
2188,2024-05-01,242,1,3,47.8,0
4054,2024-12-01,92,29,4,98.91,5
1747,2025-03-18,271,16,1,22.92,0
613,2024-08-04,133,15,1,43.35,0
1739,2024-10-24,6,25,1,94.83,5
1427,2024-05-09,242,12,3,85.81,15
3480,2024-11-04,65,20,5,60.25,5
33,2024-05-13,218,21,4,97.59,10
3017,2024-08-31,246,1,4,47.8,10
1654,2024-11-20,205,40,5,82.94,0
2187,2024-09-27,80,37,1,149.41,0
1991,2024-09-25,46,3,5,121.61,0
3572,2024-11-25,237,19,4,43.01,0
818,2024-09-16,297,16,2,22.92,10
1884,2024-07-19,15,2,1,131.21,0
4037,2025-06-12,203,11,5,127.63,0
3877,2024-04-17,242,12,5,85.81,5
1357,2024-09-08,278,12,5,85.81,15
2130,2024-12-22,221,1,5,47.8,10
442,2025-02-07,171,26,3,141.76,0
4258,2025-06-24,153,25,4,94.83,15
1761,2024-12-14,247,36,1,10.4,15
2352,2024-08-10,3,30,4,97.13,10
2584,2025-07-25,285,9,5,102.79,15
4276,2024-05-06,165,32,3,106.66,15
3360,2025-05-24,208,28,3,93.46,5
2873,2025-07-28,99,26,3,141.76,15
1104,2025-06-03,135,7,1,37.71,15
4291,2025-03-18,188,6,3,114.35,5
1937,2025-05-01,258,18,1,113.61,10
3304,2024-09-05,30,21,2,97.59,0
1176,2025-04-17,289,38,3,21.84,0
2931,2024-12-25,278,12,3,85.81,5
2744,2024-11-30,215,5,3,15.92,15
1882,2024-05-25,150,4,3,72.91,0
4345,2024-12-31,294,18,2,113.61,5
3926,2025-09-24,158,19,4,43.01,0
3178,2024-07-29,241,39,5,39.05,0
1925,2025-05-31,38,39,1,39.05,0
2591,2025-04-16,228,6,4,114.35,0
2489,2024-08-16,157,33,4,99.14,15
3974,2025-08-06,44,13,3,18.09,0
3969,2025-04-20,127,19,4,43.01,15
2190,2024-12-21,47,16,4,22.92,15
2926,2024-12-26,109,28,4,93.46,0
253,2025-08-10,265,33,5,99.14,5
4279,2024-05-17,164,29,5,98.91,0
2191,2024-08-31,110,23,4,102.85,0
272,2024-12-11,24,34,2,21.92,0
3272,2024-05-13,67,27,4,52.56,5
1753,2025-01-08,98,21,2,97.59,0
4279,2024-05-17,164,5,5,15.92,0
432,2024-08-12,71,32,5,106.66,0
3024,2025-01-02,274,19,2,43.01,0
157,2025-02-14,176,31,4,72.32,0
19,2025-04-21,215,11,5,127.63,0
2945,2025-05-23,24,35,3,11.58,0
4271,2024-11-11,205,33,1,99.14,15
2962,2024-11-29,269,1,4,47.8,0
1536,2025-01-23,276,3,4,121.61,10
633,2025-01-19,83,26,1,141.76,0
2001,2024-04-29,22,18,1,113.61,15
3597,2024-06-29,64,26,4,141.76,0
221,2025-08-10,177,12,1,85.81,0
777,2025-07-23,222,21,2,97.59,0
3069,2024-05-29,37,22,1,58.86,0
1982,2024-07-22,218,9,2,102.79,0
1988,2025-01-17,116,27,5,52.56,15
3111,2024-11-24,134,37,3,149.41,0
3847,2025-06-13,55,14,3,62.21,0
3056,2025-03-27,46,27,3,52.56,15
3883,2025-09-17,242,17,1,58.44,0
788,2024-07-21,98,6,1,114.35,15
1936,2025-05-17,138,13,4,18.09,0
1288,2024-10-16,88,5,2,15.92,5
636,2025-01-31,33,6,5,114.35,15
1481,2024-09-01,166,2,4,131.21,5
3051,2025-02-16,288,23,1,102.85,0
3905,2025-05-12,132,29,2,98.91,0
3033,2025-02-25,214,16,3,22.92,5
2057,2024-12-29,228,23,3,102.85,0
699,2025-03-16,147,6,3,114.35,15
2374,2024-06-15,295,1,1,47.8,15
1810,2025-05-10,107,9,5,102.79,0
3846,2024-11-12,104,7,4,37.71,5
1588,2024-12-13,4,14,1,62.21,10
4168,2025-09-16,129,14,4,62.21,0
145,2025-09-16,87,20,3,60.25,5
1516,2024-07-10,278,37,2,149.41,10
3137,2024-10-07,225,20,4,60.25,15
1340,2024-12-19,211,37,2,149.41,0
2821,2025-09-18,192,16,3,22.92,0
135,2025-04-22,283,4,4,72.91,5
499,2024-08-09,156,24,5,73.36,0
3003,2024-07-05,264,27,2,52.56,10
2694,2025-07-14,132,15,5,43.35,0
2497,2024-12-18,296,29,2,98.91,10
4039,2025-01-19,100,21,1,97.59,5
4121,2025-04-30,138,40,2,82.94,10
2213,2024-07-18,137,36,5,10.4,0
1010,2024-10-10,177,22,2,58.86,10
3573,2024-09-18,199,29,5,98.91,5
3346,2025-05-30,35,14,5,62.21,15
2704,2024-12-04,272,21,2,97.59,10
397,2024-12-02,61,29,1,98.91,0
3636,2025-03-04,170,28,1,93.46,0
3634,2024-08-31,167,8,5,103.07,10
3323,2024-11-03,68,11,5,127.63,10
1932,2025-08-18,51,10,5,62.62,10
1284,2024-11-18,257,40,3,82.94,0
3561,2025-09-04,28,1,1,47.8,0
1590,2024-05-17,67,14,2,62.21,0
2646,2025-01-24,201,31,3,72.32,10
3474,2025-02-24,136,29,1,98.91,0
3203,2024-11-24,144,28,1,93.46,10
2832,2024-11-21,291,9,1,102.79,5
1066,2025-03-04,32,32,5,106.66,10
3644,2025-03-05,254,10,3,62.62,10
1361,2025-04-01,104,20,5,60.25,0
1328,2025-04-10,73,13,3,18.09,0
2666,2024-08-28,33,10,3,62.62,0
3751,2025-07-29,253,18,3,113.61,5
3956,2024-05-28,63,2,5,131.21,15
4273,2025-03-31,76,19,1,43.01,15
1396,2024-12-29,35,13,4,18.09,0
2451,2024-12-18,161,5,5,15.92,5
1283,2025-09-20,25,15,2,43.35,0
1167,2024-10-21,239,1,1,47.8,0
2425,2024-12-08,118,12,2,85.81,0
2704,2024-12-04,272,28,1,93.46,10
366,2024-12-13,238,37,4,149.41,15
3919,2025-03-10,209,29,3,98.91,10
1410,2024-12-24,22,15,2,43.35,0
1352,2024-09-26,146,11,4,127.63,0
3056,2025-03-27,46,3,5,121.61,5
3420,2024-10-06,105,7,5,37.71,0
2955,2024-11-06,57,21,1,97.59,0
4341,2024-07-30,282,10,2,62.62,10
1128,2025-07-03,210,11,1,127.63,10
1043,2025-08-21,70,10,3,62.62,15
2479,2024-11-23,248,21,4,97.59,10
575,2024-09-05,71,8,3,103.07,10
196,2024-04-13,124,11,4,127.63,0
2747,2024-09-08,281,21,4,97.59,10
4025,2024-06-13,273,11,2,127.63,10
1372,2024-12-24,287,19,4,43.01,15
4047,2025-08-23,35,10,2,62.62,0
2106,2024-08-25,33,30,3,97.13,10
832,2024-07-21,220,6,1,114.35,5
3816,2024-12-29,57,21,1,97.59,5
2862,2024-11-18,255,27,3,52.56,0
1952,2024-11-05,294,10,2,62.62,15
2208,2024-11-01,98,8,1,103.07,10
916,2025-05-10,80,15,4,43.35,0
2095,2025-09-16,94,3,2,121.61,10
1656,2024-04-16,242,7,5,37.71,0
891,2025-03-06,17,13,3,18.09,0
2260,2024-11-17,14,28,4,93.46,5
2292,2024-09-27,227,1,5,47.8,15
4046,2025-01-08,54,37,5,149.41,5
3655,2024-12-13,45,16,4,22.92,5
2833,2024-11-21,98,20,2,60.25,10
3118,2024-08-03,102,22,4,58.86,15
2550,2025-01-04,140,27,2,52.56,15
1154,2025-04-28,170,31,2,72.32,0
3020,2024-10-05,108,27,1,52.56,10
3347,2025-02-15,61,11,1,127.63,15
910,2025-07-11,258,19,2,43.01,0
2733,2024-11-15,84,3,2,121.61,0
465,2024-09-29,174,3,3,121.61,0
3830,2025-05-12,218,14,5,62.21,5
3439,2025-06-17,286,40,3,82.94,10
3514,2024-11-08,188,18,3,113.61,0
905,2025-03-18,155,13,2,18.09,0
241,2025-04-26,190,29,3,98.91,5
4274,2025-03-26,218,30,4,97.13,0
1487,2024-11-21,159,17,2,58.44,0
3996,2024-06-18,231,18,2,113.61,15
3816,2024-12-29,57,1,5,47.8,0
435,2025-06-27,75,13,1,18.09,0
852,2025-05-07,154,2,4,131.21,0
2804,2024-04-30,231,31,3,72.32,0
325,2025-05-09,276,20,2,60.25,15
1040,2024-08-07,220,30,5,97.13,5
3715,2024-11-05,195,18,3,113.61,0
1764,2024-07-09,291,10,1,62.62,5
2514,2024-12-06,298,16,5,22.92,0
3355,2025-02-02,206,17,1,58.44,10
3526,2025-08-24,211,33,4,99.14,15
1111,2025-03-22,146,19,4,43.01,0
1808,2024-08-17,85,31,3,72.32,0
1886,2025-04-15,120,12,4,85.81,0
3479,2024-11-04,281,35,3,11.58,5
1312,2024-11-20,207,30,5,97.13,0
4032,2024-05-05,240,24,5,73.36,0
2961,2025-09-03,247,3,1,121.61,10
798,2025-07-20,249,36,2,10.4,0
1994,2024-08-18,56,22,5,58.86,15
2426,2024-12-08,255,5,4,15.92,0
291,2025-07-15,228,21,1,97.59,10
341,2024-09-01,81,39,2,39.05,5
448,2024-07-31,56,10,4,62.62,5
731,2025-01-01,32,27,2,52.56,0
1834,2025-01-11,131,28,3,93.46,15
3947,2025-08-06,85,9,1,102.79,0
1435,2024-11-19,198,21,4,97.59,0
2340,2025-06-08,58,31,1,72.32,10
2166,2025-04-21,128,16,1,22.92,10
140,2024-11-20,213,28,1,93.46,10
749,2024-11-16,273,15,4,43.35,0
2166,2025-04-21,128,30,5,97.13,0
2861,2024-10-10,116,7,2,37.71,10
58,2025-06-15,93,7,3,37.71,0
883,2025-09-19,116,5,2,15.92,10
1530,2025-05-25,63,3,3,121.61,0
4178,2024-05-20,131,15,5,43.35,10
2663,2025-07-28,65,30,2,97.13,10
2269,2024-11-18,102,22,4,58.86,10
848,2025-02-18,75,15,2,43.35,10
1889,2025-03-14,17,32,4,106.66,10
485,2024-06-12,156,4,1,72.91,0
3081,2024-11-09,181,32,5,106.66,0
1930,2025-04-21,86,9,1,102.79,0
4109,2025-01-20,285,3,5,121.61,5
841,2025-08-01,52,13,2,18.09,5
4037,2025-06-12,203,28,1,93.46,0
1696,2024-10-18,49,40,2,82.94,15
3277,2025-01-11,82,32,3,106.66,0
1671,2024-07-14,33,1,1,47.8,0
2380,2025-05-14,143,29,5,98.91,10
4006,2024-11-16,16,32,2,106.66,5
3906,2024-05-12,296,31,1,72.32,0
1371,2025-07-26,195,22,3,58.86,15
245,2025-09-12,293,29,2,98.91,0
3964,2025-01-23,215,4,2,72.91,5
545,2025-09-02,113,18,4,113.61,5
4138,2025-06-30,190,10,4,62.62,0
3071,2024-10-31,188,16,4,22.92,0
1582,2025-04-01,242,35,4,11.58,0
4305,2024-06-01,184,6,2,114.35,5
922,2025-08-04,80,4,3,72.91,15
2589,2025-06-15,291,20,3,60.25,0
4027,2025-06-27,255,18,4,113.61,15
3454,2024-09-02,295,3,1,121.61,5
127,2024-08-28,6,27,2,52.56,5
4319,2025-05-22,241,16,4,22.92,0
1676,2024-05-25,72,7,4,37.71,15
2073,2025-04-02,199,36,4,10.4,10
964,2024-12-15,218,20,4,60.25,5
3762,2025-03-29,234,12,4,85.81,15
3203,2024-11-24,144,37,5,149.41,0
4295,2025-08-12,72,20,3,60.25,10
2086,2024-08-25,295,32,5,106.66,15
2662,2025-09-13,190,16,1,22.92,10
2196,2025-09-05,156,9,1,102.79,0
2285,2024-09-17,132,18,5,113.61,10
4055,2024-12-01,137,1,1,47.8,0
1888,2024-05-22,33,22,5,58.86,0
1883,2024-10-28,186,1,1,47.8,10
2016,2024-05-12,291,26,3,141.76,10
2295,2024-12-25,101,31,1,72.32,0
51,2024-08-26,129,23,1,102.85,10
609,2025-08-01,189,32,4,106.66,10
3432,2025-09-03,254,4,2,72.91,0
1620,2025-09-24,221,20,4,60.25,0
1241,2025-08-27,157,34,3,21.92,10
4143,2025-08-21,236,36,3,10.4,0
3907,2024-10-20,22,5,1,15.92,5
2236,2025-02-20,158,2,3,131.21,0
263,2025-06-03,208,38,2,21.84,15
1145,2024-10-20,153,3,4,121.61,5
1385,2024-09-22,18,30,4,97.13,5
755,2024-04-27,240,7,1,37.71,10
2269,2024-11-18,102,15,5,43.35,0
2818,2024-07-14,278,28,5,93.46,5
4341,2024-07-30,282,39,4,39.05,15
2123,2025-05-08,22,33,4,99.14,5
3484,2024-09-05,102,8,4,103.07,15
456,2024-12-08,92,34,2,21.92,10
685,2024-08-30,209,11,4,127.63,10
3699,2024-11-22,206,29,1,98.91,0
4104,2025-03-02,30,39,2,39.05,15
436,2025-01-20,8,20,3,60.25,0
2602,2024-11-18,13,39,5,39.05,10
698,2025-01-25,227,7,2,37.71,0
2269,2024-11-18,102,3,5,121.61,10
2571,2025-07-07,179,19,2,43.01,5
925,2024-08-29,157,15,4,43.35,0
395,2025-04-18,97,28,4,93.46,5
3997,2025-01-31,7,6,4,114.35,0
180,2024-07-11,241,8,4,103.07,0
1520,2024-12-06,5,28,2,93.46,0
3761,2024-07-02,214,17,3,58.44,15
2472,2024-12-22,110,38,5,21.84,0
197,2025-09-18,265,9,3,102.79,5
1470,2025-03-16,75,17,1,58.44,0
1947,2025-04-12,167,3,1,121.61,0
2386,2024-08-27,171,18,4,113.61,0
3775,2025-09-17,198,5,3,15.92,0
2649,2024-06-09,33,18,4,113.61,5
271,2024-12-11,124,9,5,102.79,0
2259,2024-11-17,39,32,5,106.66,0
2597,2024-07-23,243,22,5,58.86,0
1786,2025-06-25,260,35,5,11.58,0
3961,2025-05-21,192,11,2,127.63,5
456,2024-12-08,92,4,5,72.91,0
3729,2024-04-30,213,20,4,60.25,10
3505,2024-06-04,19,13,5,18.09,0
3935,2024-07-23,42,32,4,106.66,0
1339,2025-05-10,22,9,1,102.79,0
4119,2025-03-03,248,24,5,73.36,0
3590,2025-08-31,40,3,5,121.61,0
315,2024-05-15,118,21,1,97.59,0
1565,2025-09-23,150,26,3,141.76,0
4210,2025-06-19,111,37,3,149.41,10
792,2025-02-12,104,10,3,62.62,10
2988,2025-03-26,215,30,5,97.13,5
2633,2025-04-16,3,13,4,18.09,10
3616,2025-04-07,43,16,4,22.92,0
2041,2025-06-21,75,5,2,15.92,0
1873,2025-02-16,8,31,3,72.32,15
1032,2024-09-14,119,30,4,97.13,0
2502,2024-10-31,241,28,4,93.46,0
352,2025-01-16,279,1,4,47.8,15
738,2025-08-30,163,17,2,58.44,15
3249,2025-03-04,263,19,1,43.01,0
4170,2025-02-22,77,10,5,62.62,0
2250,2024-07-26,85,26,1,141.76,0
845,2024-11-25,129,8,1,103.07,0
3481,2024-09-18,265,26,4,141.76,15
2300,2025-01-14,112,1,2,47.8,5
2619,2025-06-27,13,22,5,58.86,0
1397,2024-12-29,183,10,5,62.62,10
671,2024-06-12,297,17,2,58.44,0
1434,2025-05-11,42,33,5,99.14,0
1200,2024-12-06,27,37,4,149.41,0
1953,2024-11-05,224,39,1,39.05,0
2766,2025-07-14,4,8,3,103.07,15
752,2024-11-29,41,8,1,103.07,0
662,2024-12-27,98,4,2,72.91,0
738,2025-08-30,163,18,2,113.61,5
2791,2024-10-11,292,8,2,103.07,15
427,2024-08-02,265,39,4,39.05,0
3770,2025-01-24,174,34,4,21.92,5
2628,2025-04-12,62,20,4,60.25,15
4326,2024-04-17,64,1,1,47.8,10
888,2025-07-26,203,28,4,93.46,15
780,2025-01-07,98,35,1,11.58,0
957,2024-05-29,232,1,3,47.8,5
1713,2025-03-05,286,38,3,21.84,0
573,2024-08-14,150,17,4,58.44,0
3238,2024-05-17,295,17,5,58.44,10
74,2025-06-25,213,30,2,97.13,0
3372,2025-04-26,117,33,4,99.14,5
1307,2024-09-06,282,15,2,43.35,0
965,2025-09-20,110,6,2,114.35,0
521,2024-11-09,41,12,1,85.81,15
2915,2025-05-08,21,9,2,102.79,5
3008,2025-01-04,35,34,1,21.92,0
2310,2025-03-12,161,26,1,141.76,10
971,2025-06-11,268,30,5,97.13,0
885,2024-11-05,1,20,4,60.25,0
4148,2025-07-03,295,28,2,93.46,15
472,2024-09-07,264,27,5,52.56,0
3491,2024-04-25,296,28,2,93.46,10
2508,2024-04-03,124,5,3,15.92,10
2025,2025-02-23,134,19,5,43.01,5
4234,2024-05-27,297,6,4,114.35,15
3674,2025-03-01,53,20,3,60.25,0
1625,2024-12-04,33,19,2,43.01,0
3075,2025-05-02,79,7,3,37.71,0
2694,2025-07-14,132,1,1,47.8,0
3547,2025-03-03,156,25,3,94.83,10
1174,2024-11-02,227,14,5,62.21,0
2396,2025-06-19,5,34,1,21.92,10
1356,2025-02-09,110,10,4,62.62,0
3277,2025-01-11,82,27,1,52.56,0
658,2024-05-17,3,25,5,94.83,0
352,2025-01-16,279,17,5,58.44,0
3004,2025-07-28,290,11,1,127.63,0
222,2024-05-30,242,15,5,43.35,15
3821,2025-04-05,154,10,4,62.62,0
383,2024-09-26,104,32,3,106.66,5
3155,2024-12-19,67,28,2,93.46,15
1226,2024-04-13,150,26,2,141.76,10
3230,2025-01-21,290,12,4,85.81,0
3046,2024-07-03,89,2,3,131.21,10
3596,2024-05-15,118,40,3,82.94,0
479,2024-05-08,242,20,1,60.25,0
696,2024-07-18,282,36,1,10.4,10
1827,2025-07-23,174,5,2,15.92,0
3697,2024-11-22,16,5,4,15.92,0
4242,2024-12-12,284,12,5,85.81,0
2990,2024-11-02,123,1,5,47.8,15
2875,2024-05-31,242,19,4,43.01,10
1517,2025-08-06,34,28,4,93.46,5
2500,2025-04-22,213,1,3,47.8,0
2718,2025-04-25,278,17,4,58.44,15
3688,2024-11-24,206,40,4,82.94,15
982,2024-07-15,44,8,2,103.07,0
3020,2024-10-05,108,16,4,22.92,0
652,2025-09-21,223,32,2,106.66,0
887,2024-07-13,157,33,3,99.14,0
1226,2024-04-13,150,33,4,99.14,10
1471,2024-10-11,296,32,5,106.66,0
2814,2025-04-26,222,39,3,39.05,0
2333,2024-07-24,131,1,1,47.8,0
3402,2025-04-10,287,1,3,47.8,0
613,2024-08-04,133,32,1,106.66,15
1983,2025-07-22,5,23,5,102.85,0
3296,2024-08-18,105,21,4,97.59,0
4212,2025-07-16,110,37,2,149.41,10
569,2024-09-16,108,10,4,62.62,0
472,2024-09-07,264,35,1,11.58,10
2136,2024-07-06,84,39,1,39.05,10
81,2024-12-27,261,40,3,82.94,10
977,2025-05-08,27,12,2,85.81,0
1140,2025-07-29,268,4,3,72.91,5
3570,2025-01-30,146,29,1,98.91,10
1173,2025-09-18,231,38,5,21.84,10
69,2025-02-06,85,21,3,97.59,10
1805,2024-08-27,44,18,3,113.61,10
3337,2024-11-23,81,10,4,62.62,10
2330,2024-11-27,161,40,4,82.94,10
2432,2025-09-03,183,19,5,43.01,0
3862,2024-10-06,272,25,5,94.83,0
3547,2025-03-03,156,33,1,99.14,15
2362,2025-06-11,220,40,3,82.94,10
1766,2024-12-09,29,6,4,114.35,0
1219,2025-08-06,31,26,4,141.76,15
444,2024-12-20,80,6,2,114.35,5
2325,2024-04-16,232,12,1,85.81,15
4267,2025-04-16,100,31,5,72.32,0
82,2024-10-21,206,22,2,58.86,0
1885,2024-04-20,124,29,2,98.91,0
2834,2025-02-26,252,20,5,60.25,15
1444,2024-05-06,176,29,1,98.91,0
2527,2025-02-06,96,40,3,82.94,10
448,2024-07-31,56,21,3,97.59,0
1189,2024-12-24,180,26,1,141.76,0
2602,2024-11-18,13,2,4,131.21,5
204,2025-03-02,45,19,5,43.01,5
3156,2024-12-19,110,16,1,22.92,15
982,2024-07-15,44,39,3,39.05,0
3906,2024-05-12,296,22,1,58.86,0
3201,2024-05-23,56,1,3,47.8,0
1131,2025-04-06,275,11,4,127.63,15
3006,2024-04-05,124,12,1,85.81,0
574,2024-08-30,156,11,5,127.63,0
3406,2025-07-05,227,38,5,21.84,10
4130,2025-08-28,260,30,5,97.13,0
3246,2025-07-02,157,1,2,47.8,5
189,2025-01-17,14,34,4,21.92,0
720,2024-11-07,289,31,5,72.32,15
2706,2025-01-23,64,31,5,72.32,0
1390,2025-08-13,31,21,2,97.59,10
4166,2024-05-06,232,23,1,102.85,5
4106,2025-05-12,78,36,5,10.4,0
3556,2024-11-13,105,11,4,127.63,5
1785,2024-06-12,296,20,4,60.25,0
1214,2025-05-04,283,11,3,127.63,15
2257,2025-06-18,124,35,2,11.58,10
1647,2024-06-06,157,37,4,149.41,0
1739,2024-10-24,6,16,5,22.92,0
3823,2024-10-25,197,16,2,22.92,0
3537,2024-06-01,241,30,2,97.13,0
2697,2025-06-07,120,23,4,102.85,5
2641,2025-06-08,232,2,5,131.21,5
3013,2024-05-21,33,22,2,58.86,0
2653,2024-05-09,72,7,5,37.71,15
1946,2024-10-10,72,4,1,72.91,0
1956,2024-10-09,142,13,2,18.09,5
484,2024-07-14,74,18,2,113.61,0
2705,2025-04-14,273,21,1,97.59,0
1937,2025-05-01,258,5,2,15.92,0
3517,2024-11-22,126,13,4,18.09,0
2963,2024-11-29,53,19,1,43.01,15
4271,2024-11-11,205,21,3,97.59,0
2582,2024-05-12,295,16,1,22.92,0
900,2024-07-22,82,18,2,113.61,0
615,2025-09-15,253,33,1,99.14,5
339,2024-12-26,130,26,1,141.76,10
557,2025-08-04,51,16,4,22.92,0
1727,2024-07-02,220,7,4,37.71,0
2295,2024-12-25,101,5,3,15.92,15
3901,2024-11-06,51,3,1,121.61,0
1939,2025-02-25,191,29,3,98.91,0
1078,2024-04-22,295,18,3,113.61,10
271,2024-12-11,124,7,2,37.71,0
240,2025-01-24,42,31,2,72.32,0
2634,2024-04-07,134,37,1,149.41,10
4333,2024-05-04,33,31,4,72.32,15
3719,2024-08-22,15,39,4,39.05,0
2530,2025-05-20,48,12,3,85.81,0
2950,2024-11-20,217,36,2,10.4,0
201,2024-05-18,194,25,1,94.83,10
1028,2024-12-07,237,14,4,62.21,15
435,2025-06-27,75,15,1,43.35,0
3558,2025-08-08,204,19,1,43.01,5
1499,2025-09-19,209,33,2,99.14,0
1292,2025-04-07,124,4,5,72.91,0
1467,2025-06-09,97,13,5,18.09,10
438,2025-09-22,23,19,1,43.01,5
4142,2024-06-01,249,13,3,18.09,15
577,2024-12-23,78,35,1,11.58,0
1493,2024-07-13,92,8,3,103.07,15
1188,2024-12-24,219,11,5,127.63,0
3047,2025-07-26,57,32,4,106.66,0
3728,2025-08-28,238,11,3,127.63,0
3262,2024-05-13,146,25,5,94.83,0
1745,2025-07-16,210,9,1,102.79,0
4146,2024-05-31,14,7,4,37.71,0
1203,2025-01-20,236,22,1,58.86,0
3958,2025-04-01,158,26,1,141.76,0
519,2025-09-20,54,17,5,58.44,15
1101,2025-08-31,40,15,2,43.35,10
206,2025-03-21,5,1,1,47.8,0
526,2024-12-22,132,10,2,62.62,15
3301,2025-01-22,157,11,5,127.63,10
180,2024-07-11,241,2,4,131.21,0
1367,2025-06-02,87,13,1,18.09,5
51,2024-08-26,129,16,3,22.92,0
3895,2024-06-21,218,22,3,58.86,10
3198,2024-12-14,251,7,2,37.71,5
585,2025-02-05,244,38,4,21.84,15
175,2024-08-14,118,16,2,22.92,10
2577,2025-07-27,168,13,5,18.09,10
4382,2025-01-16,251,16,5,22.92,5
2582,2024-05-12,295,2,3,131.21,0
3441,2024-12-21,240,12,4,85.81,5
1138,2024-11-24,266,7,1,37.71,0
67,2025-02-11,204,5,5,15.92,0
1103,2024-12-07,45,33,2,99.14,0
954,2024-09-13,29,24,2,73.36,15
1415,2025-01-14,137,11,2,127.63,0
3170,2025-09-02,4,8,3,103.07,0
2249,2025-04-15,251,32,2,106.66,10
3921,2024-08-11,78,36,3,10.4,15
3931,2025-09-23,285,14,3,62.21,0
3693,2025-01-12,184,24,1,73.36,0
589,2024-12-07,198,31,3,72.32,0
680,2025-01-30,161,40,2,82.94,0
1807,2025-06-25,160,6,1,114.35,0
3551,2024-08-16,75,32,3,106.66,15
2328,2025-06-08,158,38,5,21.84,10
2119,2024-11-09,215,33,5,99.14,0
4002,2024-04-15,157,27,5,52.56,0
1665,2024-05-30,220,27,1,52.56,15
3826,2024-12-26,11,17,5,58.44,5
704,2024-08-29,182,14,3,62.21,15
3812,2025-08-26,241,14,5,62.21,0
1289,2024-09-03,87,10,1,62.62,10
1233,2024-12-19,291,6,2,114.35,10
363,2025-03-23,178,39,5,39.05,0
3034,2024-11-28,231,1,2,47.8,10
3062,2025-05-02,247,37,4,149.41,10
354,2025-04-10,142,14,2,62.21,0
1024,2024-04-02,242,8,5,103.07,15
2391,2024-12-06,152,32,4,106.66,0
3861,2025-05-29,62,36,3,10.4,0
2438,2025-03-14,117,1,4,47.8,5
2394,2025-07-04,4,34,3,21.92,0
3105,2025-09-16,205,25,5,94.83,0
1712,2024-04-07,134,33,2,99.14,0
3457,2025-02-13,84,30,3,97.13,0
1322,2024-04-29,242,5,5,15.92,5
1512,2024-05-09,124,11,5,127.63,15
823,2025-05-20,213,20,5,60.25,0
239,2025-08-05,103,2,2,131.21,0
1593,2024-04-08,64,35,1,11.58,0
76,2024-08-04,146,4,3,72.91,10
1869,2024-05-31,22,37,3,149.41,0
4283,2024-11-07,9,36,4,10.4,10
527,2024-04-04,242,28,1,93.46,5
1399,2025-01-15,128,1,3,47.8,0
214,2024-12-12,51,8,4,103.07,0
3860,2024-05-15,19,14,4,62.21,15
376,2024-07-13,116,12,4,85.81,10
4169,2024-04-21,76,8,3,103.07,15
704,2024-08-29,182,35,4,11.58,0
1509,2025-06-25,137,13,4,18.09,0
2965,2025-03-03,206,30,1,97.13,5
572,2025-03-10,211,21,5,97.59,10
653,2024-10-29,197,19,4,43.01,0
674,2025-06-08,47,24,4,73.36,0
4290,2025-04-14,31,16,1,22.92,5
1783,2024-04-29,282,35,5,11.58,10
3916,2024-06-19,42,26,5,141.76,5
3509,2024-06-20,156,29,2,98.91,0
4063,2024-11-21,84,4,1,72.91,0
2801,2025-07-20,70,36,1,10.4,5
1634,2025-04-12,178,4,3,72.91,10
3833,2024-12-27,72,32,5,106.66,0
3703,2024-04-27,14,7,2,37.71,15
4156,2024-05-27,291,25,3,94.83,0
611,2025-04-08,102,39,4,39.05,15
2335,2024-05-18,49,10,2,62.62,0
3708,2024-10-27,102,3,1,121.61,0
1894,2024-07-06,82,35,5,11.58,0
2396,2025-06-19,5,3,1,121.61,15
2580,2024-12-31,60,2,3,131.21,5
1675,2025-09-05,23,28,3,93.46,0
1094,2025-04-19,241,11,5,127.63,0
1133,2025-08-27,204,11,2,127.63,0
3062,2025-05-02,247,28,4,93.46,5
3643,2025-02-04,164,16,1,22.92,0
775,2025-06-10,194,24,5,73.36,0
590,2024-05-30,42,23,4,102.85,15
2910,2025-03-26,259,4,4,72.91,0
2200,2025-02-09,116,38,5,21.84,0
3462,2024-04-08,124,28,2,93.46,10
545,2025-09-02,113,14,1,62.21,0
3519,2024-04-22,134,3,5,121.61,0
1350,2024-11-26,11,40,3,82.94,0
758,2025-06-21,263,38,4,21.84,0
1504,2025-04-19,28,30,1,97.13,10
830,2024-07-09,29,28,4,93.46,0
629,2025-02-04,259,35,4,11.58,0
2359,2024-11-09,257,35,5,11.58,5
3427,2025-09-17,285,10,1,62.62,5
1056,2024-05-09,49,2,2,131.21,15
1070,2024-11-17,184,2,4,131.21,5
1477,2025-02-19,113,25,5,94.83,10
2299,2024-08-26,206,3,4,121.61,0
3290,2025-01-28,152,4,2,72.91,5
1843,2024-11-22,101,2,1,131.21,15
1021,2024-10-28,58,23,5,102.85,0
286,2024-07-16,148,40,4,82.94,0
260,2024-07-14,1,19,1,43.01,0
914,2024-11-11,228,2,4,131.21,15
1505,2025-08-02,21,22,1,58.86,0
3008,2025-01-04,35,32,3,106.66,5
2918,2025-02-23,112,2,4,131.21,0
1382,2024-12-14,154,5,1,15.92,5
1262,2024-10-31,124,29,4,98.91,5
2173,2024-07-04,282,33,1,99.14,0
2296,2024-11-24,44,6,5,114.35,0
120,2025-02-02,74,27,2,52.56,0
3615,2025-08-19,122,5,3,15.92,15
2617,2024-05-27,124,40,1,82.94,0
102,2024-11-28,232,8,5,103.07,0
911,2025-09-29,122,10,1,62.62,15
4004,2025-04-18,203,6,3,114.35,10
898,2025-01-06,99,2,1,131.21,0
1167,2024-10-21,239,18,1,113.61,10
885,2024-11-05,1,3,5,121.61,5
3910,2025-07-05,202,22,1,58.86,0
1415,2025-01-14,137,25,3,94.83,0
825,2025-08-03,18,2,5,131.21,5
2370,2024-06-12,88,30,3,97.13,0
462,2024-04-06,282,16,4,22.92,5
2203,2024-07-03,62,13,2,18.09,0
1598,2025-09-29,58,26,5,141.76,0
1619,2025-01-28,88,11,2,127.63,0
3386,2025-04-07,105,9,2,102.79,15
4186,2025-03-20,30,16,4,22.92,0
2823,2024-11-01,13,8,1,103.07,0
1061,2024-08-20,33,37,4,149.41,0
3186,2024-12-22,28,24,4,73.36,0
2750,2025-06-28,112,28,3,93.46,0
175,2024-08-14,118,21,4,97.59,5
1503,2024-10-27,156,4,1,72.91,0
3651,2025-08-25,20,30,1,97.13,15
1770,2024-10-21,231,26,3,141.76,5
235,2024-04-21,240,7,2,37.71,5
3464,2025-04-04,98,24,2,73.36,5
4210,2025-06-19,111,6,5,114.35,15
3580,2025-08-17,155,32,1,106.66,0
1393,2025-04-14,214,14,2,62.21,0
3121,2024-07-11,280,26,3,141.76,0
55,2025-01-26,104,13,1,18.09,0
266,2024-12-23,154,4,2,72.91,10
1923,2025-05-13,300,40,5,82.94,0
3598,2025-03-14,262,27,2,52.56,0
2635,2024-05-24,164,14,2,62.21,15
3814,2024-09-11,53,1,2,47.8,15
686,2025-01-27,292,1,5,47.8,10
922,2025-08-04,80,35,5,11.58,0
685,2024-08-30,209,8,4,103.07,0
531,2024-12-01,282,32,3,106.66,15
2322,2025-05-30,105,33,4,99.14,0
1862,2025-07-05,28,24,1,73.36,10
2096,2024-10-19,3,12,2,85.81,0
2130,2024-12-22,221,26,5,141.76,0
705,2025-03-09,200,34,3,21.92,0
3245,2024-09-15,239,10,5,62.62,0
617,2025-06-16,69,25,5,94.83,15
4043,2024-04-15,64,25,5,94.83,5
1621,2025-05-05,150,23,4,102.85,0
602,2024-07-11,221,34,2,21.92,15
1001,2024-05-19,157,30,3,97.13,10
4269,2025-08-14,167,33,2,99.14,5
4158,2024-11-13,103,11,4,127.63,0
144,2024-07-05,249,25,4,94.83,5
1318,2024-07-01,39,37,2,149.41,0
3894,2024-04-15,33,7,5,37.71,15
1941,2024-10-18,87,27,3,52.56,0
181,2025-01-06,48,6,4,114.35,15
2370,2024-06-12,88,14,2,62.21,0
2158,2025-05-20,147,36,2,10.4,5
1050,2024-04-10,64,14,5,62.21,0
2741,2025-02-10,258,19,3,43.01,10
1929,2024-10-19,239,13,3,18.09,0
1330,2025-09-27,268,13,2,18.09,0
1242,2024-09-08,82,11,4,127.63,15
3130,2024-08-18,65,27,2,52.56,0
750,2024-12-12,106,20,1,60.25,0
2230,2024-12-22,287,29,4,98.91,0
3211,2025-01-12,94,21,4,97.59,15
1056,2024-05-09,49,24,3,73.36,0
3321,2024-08-24,233,24,3,73.36,0
756,2024-10-16,199,17,4,58.44,15
2117,2024-05-31,218,35,1,11.58,0
308,2025-01-11,285,11,3,127.63,5
3463,2025-02-01,165,9,1,102.79,15
2118,2025-02-01,109,26,2,141.76,5
1377,2025-06-18,120,4,4,72.91,0
2643,2025-06-04,144,8,2,103.07,0
2546,2024-12-25,214,19,5,43.01,5
3487,2024-11-17,216,17,2,58.44,5
3019,2025-06-29,43,2,1,131.21,0
2516,2025-05-21,269,20,1,60.25,5
1097,2024-06-20,33,33,5,99.14,15
2929,2025-07-19,239,4,1,72.91,0
406,2025-03-31,79,9,4,102.79,0
470,2024-06-09,157,21,4,97.59,15
2765,2025-07-12,59,36,3,10.4,0
938,2024-05-01,64,6,5,114.35,5
2404,2025-05-04,179,19,2,43.01,0
1563,2024-08-08,85,1,5,47.8,15
3609,2024-10-12,98,15,4,43.35,15
3225,2024-12-24,62,26,4,141.76,5
506,2025-04-13,58,18,2,113.61,5
3527,2024-05-01,164,30,3,97.13,5
3722,2024-05-27,221,22,3,58.86,0
1916,2024-04-02,124,36,5,10.4,0
3231,2025-07-29,138,28,2,93.46,0
4178,2024-05-20,131,22,1,58.86,15
3970,2024-09-19,7,23,2,102.85,0
1674,2024-05-21,295,38,1,21.84,0
3326,2025-05-08,119,6,2,114.35,0
3330,2024-07-25,233,25,5,94.83,5
2440,2025-08-30,252,33,5,99.14,10
2905,2025-08-03,166,39,5,39.05,5
246,2024-08-08,20,28,3,93.46,15
2976,2024-05-19,33,35,2,11.58,0
4139,2024-09-10,242,12,3,85.81,0
3370,2025-06-22,92,4,3,72.91,0
461,2025-02-10,159,8,1,103.07,5
310,2025-04-02,38,34,5,21.92,0
3399,2024-04-24,249,10,3,62.62,0
2891,2025-03-29,221,33,5,99.14,10
3614,2025-06-30,192,23,5,102.85,0
4221,2025-03-06,33,14,2,62.21,0
2124,2024-04-29,76,1,1,47.8,5
562,2024-05-27,157,25,3,94.83,0
2464,2024-12-30,164,37,4,149.41,0
1070,2024-11-17,184,31,4,72.32,10
3247,2024-06-22,97,12,3,85.81,0
4204,2025-04-06,229,7,1,37.71,0
787,2025-05-06,196,5,2,15.92,5
731,2025-01-01,32,30,1,97.13,5
3810,2025-08-25,158,18,2,113.61,5
3866,2024-11-21,5,12,3,85.81,0
1907,2024-06-29,63,3,2,121.61,5
4146,2024-05-31,14,13,4,18.09,5
4395,2025-08-22,254,10,3,62.62,15
772,2025-01-12,65,6,5,114.35,5
464,2024-08-27,15,4,3,72.91,10
2414,2024-10-08,90,31,2,72.32,0
3848,2025-07-18,27,23,1,102.85,0
3353,2025-05-30,167,7,1,37.71,10
2908,2025-05-22,183,5,3,15.92,0
4151,2024-12-09,39,15,5,43.35,0
4207,2025-08-29,160,25,5,94.83,0
379,2024-08-28,65,27,3,52.56,5
2331,2025-03-15,276,1,2,47.8,0
2431,2024-04-03,134,3,4,121.61,0
3380,2024-08-24,91,3,1,121.61,0
1820,2024-04-16,64,38,4,21.84,10
2301,2024-07-02,171,10,2,62.62,5
1291,2024-11-24,21,28,1,93.46,0
362,2025-05-10,208,34,1,21.92,0
4021,2025-01-10,16,32,2,106.66,0
3245,2024-09-15,239,7,4,37.71,15
2891,2025-03-29,221,15,5,43.35,5
2129,2024-12-22,144,15,5,43.35,0
754,2024-07-08,249,1,1,47.8,0
3594,2024-11-13,12,10,3,62.62,0
1956,2024-10-09,142,8,4,103.07,0
1076,2025-01-12,41,9,2,102.79,0
897,2025-06-14,102,40,1,82.94,0
3379,2025-07-27,28,35,5,11.58,0
3784,2024-05-01,76,1,5,47.8,0
324,2024-08-23,56,1,5,47.8,10
1635,2025-09-21,295,35,4,11.58,10
3372,2025-04-26,117,6,3,114.35,0
4299,2024-07-22,249,4,4,72.91,0
2098,2025-08-03,97,32,4,106.66,0
286,2024-07-16,148,12,2,85.81,5
1253,2025-08-30,168,22,1,58.86,10
687,2024-05-08,282,33,1,99.14,10
3718,2025-08-10,164,40,1,82.94,10
39,2024-04-19,157,14,2,62.21,0
4359,2024-07-10,19,28,2,93.46,0
3424,2024-11-14,197,40,2,82.94,15
864,2024-10-29,215,36,1,10.4,0
1334,2024-05-24,249,33,1,99.14,0
4358,2025-04-06,94,2,4,131.21,5
1546,2025-09-06,63,23,3,102.85,15
2061,2024-04-24,249,40,1,82.94,5
387,2024-12-14,42,11,1,127.63,0
1191,2025-07-06,258,31,3,72.32,0
3687,2024-04-22,295,18,2,113.61,15
1313,2024-11-20,265,5,1,15.92,0
3565,2025-04-16,283,39,1,39.05,0
4104,2025-03-02,30,18,2,113.61,0
299,2024-12-11,152,29,5,98.91,0
3261,2025-09-17,91,5,5,15.92,5
3820,2025-09-14,254,38,5,21.84,5
2153,2024-05-26,56,19,3,43.01,0
304,2024-12-30,53,36,2,10.4,10
901,2024-05-24,242,14,3,62.21,10
2899,2024-12-18,269,22,5,58.86,15
3953,2024-11-22,15,32,5,106.66,15
2786,2025-08-18,109,7,5,37.71,5
3194,2024-05-25,63,9,3,102.79,5
4031,2024-12-26,40,28,3,93.46,0
2554,2024-07-03,42,38,2,21.84,0
169,2024-09-20,182,33,5,99.14,0
2778,2024-08-27,265,11,4,127.63,0
379,2024-08-28,65,12,5,85.81,10
3425,2025-08-16,52,6,2,114.35,0
2613,2024-07-31,176,13,4,18.09,5
1195,2025-01-30,19,23,1,102.85,10
4122,2024-11-01,201,39,4,39.05,0
3058,2025-08-04,80,8,2,103.07,0
1046,2025-07-30,13,20,5,60.25,15
4265,2025-02-24,282,3,5,121.61,0
1355,2024-10-13,199,40,4,82.94,10
1863,2025-08-11,24,33,2,99.14,0
3299,2025-06-12,280,32,2,106.66,0
400,2025-05-07,37,17,4,58.44,0
2271,2024-12-09,214,28,5,93.46,0
3145,2024-08-28,108,18,2,113.61,5
1331,2024-06-24,220,32,1,106.66,0
3084,2025-05-06,166,20,2,60.25,0
3146,2024-08-30,156,28,3,93.46,15
820,2025-06-18,80,28,5,93.46,15
3436,2024-04-14,150,35,1,11.58,0
2164,2025-08-17,76,23,3,102.85,0
819,2025-01-18,296,13,3,18.09,5
1506,2024-06-01,3,24,4,73.36,0
2209,2024-11-01,33,23,1,102.85,10
3963,2025-04-07,166,15,3,43.35,15
2573,2024-05-14,42,15,4,43.35,0
1258,2025-03-30,296,13,2,18.09,0
3239,2024-11-01,61,24,2,73.36,5
1411,2024-08-19,241,25,3,94.83,5
2032,2024-05-14,64,26,2,141.76,15
2655,2025-09-16,104,11,1,127.63,5
1932,2025-08-18,51,6,5,114.35,0
1501,2025-04-20,154,2,2,131.21,0
4165,2025-06-19,89,39,4,39.05,0
445,2024-12-03,87,20,5,60.25,0
56,2025-02-12,264,3,1,121.61,0
1537,2024-11-23,183,17,1,58.44,0
439,2024-04-09,33,7,4,37.71,10
1909,2024-08-08,1,11,4,127.63,15
3108,2024-07-15,44,29,1,98.91,10
2996,2024-04-29,164,1,2,47.8,0
2840,2025-05-18,261,16,1,22.92,15
1224,2025-04-07,150,20,3,60.25,0
113,2025-06-09,273,15,2,43.35,0
106,2024-10-28,239,6,4,114.35,0
2461,2025-03-07,267,40,2,82.94,0
3369,2025-08-24,245,3,2,121.61,0
4324,2024-04-16,157,3,5,121.61,0
643,2024-07-02,88,11,4,127.63,0
1883,2024-10-28,186,39,3,39.05,0
138,2024-08-22,36,4,2,72.91,0
2013,2025-05-29,133,21,3,97.59,0
658,2024-05-17,3,40,3,82.94,0
3630,2025-08-22,135,32,5,106.66,10
4125,2024-05-11,295,35,4,11.58,0
4333,2024-05-04,33,38,2,21.84,15
727,2025-06-22,93,21,5,97.59,0
2389,2024-04-08,134,19,2,43.01,0
87,2024-04-20,232,10,5,62.62,5
265,2024-10-05,255,23,3,102.85,0
3519,2024-04-22,134,31,1,72.32,5
711,2025-03-02,265,24,1,73.36,0
4274,2025-03-26,218,29,3,98.91,15
88,2024-08-20,243,21,4,97.59,0
2038,2024-05-30,98,9,2,102.79,10
1170,2024-12-09,169,20,3,60.25,0
776,2025-01-28,228,3,4,121.61,5
3589,2024-10-27,183,1,4,47.8,0
4285,2025-03-01,149,1,3,47.8,15
1625,2024-12-04,33,4,2,72.91,0
4216,2025-08-30,209,26,3,141.76,10
3461,2025-03-11,188,34,4,21.92,0
3241,2024-06-12,295,33,2,99.14,0
1005,2025-03-04,195,9,2,102.79,0
2912,2025-08-05,196,37,5,149.41,0
4250,2024-07-21,1,17,5,58.44,15
2089,2025-09-24,25,6,3,114.35,5
999,2025-07-17,146,26,5,141.76,10
473,2024-10-31,190,23,3,102.85,0
468,2025-08-22,267,12,1,85.81,0
3643,2025-02-04,164,23,5,102.85,15
4148,2025-07-03,295,14,4,62.21,0
3005,2024-07-25,150,28,5,93.46,10
2841,2025-06-06,46,4,4,72.91,0
2789,2025-09-26,86,8,2,103.07,15
234,2024-12-12,223,25,4,94.83,10
2412,2024-06-21,242,20,3,60.25,5
1636,2024-04-28,249,13,2,18.09,0
257,2024-05-21,62,14,4,62.21,10
2354,2025-09-10,238,24,5,73.36,0
3715,2024-11-05,195,3,1,121.61,0
2535,2025-01-30,53,11,5,127.63,0
3725,2024-07-18,243,1,4,47.8,5
2739,2024-11-26,17,38,4,21.84,5
4064,2024-12-12,126,30,1,97.13,15
360,2024-04-11,134,39,2,39.05,15
1055,2024-11-24,35,40,3,82.94,0
4357,2025-03-07,212,11,1,127.63,5
2178,2025-09-02,78,15,4,43.35,10
3978,2024-05-30,59,33,3,99.14,15
4376,2024-08-31,99,21,4,97.59,0
2013,2025-05-29,133,7,3,37.71,5
3427,2025-09-17,285,25,3,94.83,10
4315,2024-08-04,205,1,2,47.8,15
2194,2025-06-27,262,19,2,43.01,10
1963,2024-05-27,72,18,3,113.61,0
4386,2024-11-06,101,18,1,113.61,0
4268,2024-09-08,209,39,5,39.05,5
130,2024-09-02,3,33,3,99.14,0
3570,2025-01-30,146,27,3,52.56,0
1090,2024-05-10,81,21,3,97.59,0
1341,2024-12-19,293,9,1,102.79,0
3074,2024-11-15,213,29,4,98.91,0
209,2024-08-12,119,21,4,97.59,0
3925,2024-04-17,124,2,5,131.21,10
965,2025-09-20,110,12,4,85.81,0
2994,2024-11-15,182,12,2,85.81,0
469,2024-10-30,269,3,2,121.61,0
1965,2024-09-26,153,33,3,99.14,15
1066,2025-03-04,32,5,1,15.92,0
934,2024-08-15,56,23,3,102.85,0
3802,2025-02-07,93,1,4,47.8,10
3432,2025-09-03,254,28,1,93.46,0
2418,2024-10-09,93,31,2,72.32,0
792,2025-02-12,104,13,4,18.09,10
3511,2025-01-05,269,17,5,58.44,0
3234,2024-11-03,260,29,5,98.91,0
489,2025-03-05,167,2,4,131.21,5
1198,2024-06-18,156,10,5,62.62,15
3488,2024-07-16,74,13,4,18.09,0
2836,2024-12-07,283,15,1,43.35,0
857,2024-08-30,166,23,3,102.85,10
2017,2025-08-11,128,37,1,149.41,0
380,2024-05-19,157,11,1,127.63,0
2572,2025-05-19,69,26,3,141.76,5
1174,2024-11-02,227,22,3,58.86,0
1933,2024-12-02,76,24,2,73.36,0
2947,2024-05-19,240,11,4,127.63,15
3619,2024-10-02,4,21,1,97.59,10
1597,2025-07-21,47,9,1,102.79,0
1453,2025-04-18,286,12,1,85.81,0
61,2025-04-11,186,37,4,149.41,0
1820,2024-04-16,64,31,5,72.32,10
2004,2025-07-04,173,9,5,102.79,0
1429,2024-12-30,251,19,5,43.01,0
793,2025-08-16,236,37,4,149.41,0
2945,2025-05-23,24,9,2,102.79,0
2070,2024-05-13,148,36,1,10.4,10
1601,2024-11-12,218,34,2,21.92,10
747,2025-07-09,2,21,5,97.59,5
2225,2024-08-19,133,33,1,99.14,0
1790,2025-03-30,118,17,1,58.44,10
987,2024-12-17,81,8,3,103.07,0
195,2024-06-07,164,16,1,22.92,5
2784,2025-07-04,30,11,4,127.63,0
1517,2025-08-06,34,26,1,141.76,0
98,2024-07-25,97,17,3,58.44,0
3546,2025-03-13,22,4,1,72.91,10
3266,2025-03-13,96,34,2,21.92,0
1874,2024-06-28,221,21,2,97.59,10
1289,2024-09-03,87,21,1,97.59,15
1005,2025-03-04,195,38,2,21.84,10
786,2025-02-28,12,9,2,102.79,0
2215,2025-08-06,252,35,2,11.58,5
3452,2024-06-27,58,17,3,58.44,15
3041,2024-10-01,61,31,5,72.32,10
1249,2024-06-15,157,10,2,62.62,10
579,2024-08-29,248,8,5,103.07,0
1504,2025-04-19,28,28,5,93.46,10
659,2024-10-01,97,33,3,99.14,5
26,2024-04-22,232,30,4,97.13,0
818,2024-09-16,297,28,2,93.46,0
2516,2025-05-21,269,9,5,102.79,15
1351,2025-07-10,246,30,3,97.13,0
2069,2025-09-15,54,36,5,10.4,0
2345,2024-12-29,293,16,2,22.92,0
2475,2024-09-02,96,8,1,103.07,10
443,2024-12-20,206,36,3,10.4,0
3246,2025-07-02,157,19,1,43.01,5
2662,2025-09-13,190,28,1,93.46,10
13,2024-11-07,49,28,5,93.46,10
3515,2025-03-27,1,17,2,58.44,5
190,2025-08-20,198,16,4,22.92,15
931,2025-09-29,253,6,4,114.35,10
3876,2024-04-05,242,27,3,52.56,15
787,2025-05-06,196,26,5,141.76,5
650,2024-12-25,88,26,5,141.76,5
811,2024-08-06,165,16,1,22.92,0
3742,2025-02-11,136,28,2,93.46,15
2190,2024-12-21,47,24,3,73.36,5
753,2024-11-29,33,28,4,93.46,5
1285,2024-11-18,293,27,1,52.56,0
3488,2024-07-16,74,37,5,149.41,5
397,2024-12-02,61,40,2,82.94,0
2642,2024-04-09,282,39,2,39.05,0
1422,2025-01-06,1,25,1,94.83,0
3927,2025-03-22,68,39,5,39.05,15
1178,2025-06-20,205,17,4,58.44,0
3201,2024-05-23,56,22,4,58.86,10
3202,2024-11-24,81,39,2,39.05,15
3745,2025-02-19,275,34,5,21.92,0
2766,2025-07-14,4,6,1,114.35,10
2723,2024-12-06,17,18,2,113.61,15
1135,2024-09-03,44,39,1,39.05,0
1799,2025-02-02,38,8,2,103.07,0
773,2025-07-20,92,24,4,73.36,5
1063,2024-06-16,274,34,5,21.92,0
976,2024-12-31,266,22,4,58.86,0
1287,2024-08-26,215,16,2,22.92,15
161,2024-11-24,268,1,1,47.8,10
830,2024-07-09,29,19,2,43.01,0
2135,2025-07-26,227,15,4,43.35,5
776,2025-01-28,228,15,4,43.35,10
3719,2024-08-22,15,18,2,113.61,0
3863,2025-05-26,103,30,3,97.13,0
4344,2024-12-31,233,4,4,72.91,15
2241,2024-05-24,148,17,5,58.44,10
1513,2025-04-17,241,37,3,149.41,10
792,2025-02-12,104,1,2,47.8,10
3617,2025-09-14,132,25,2,94.83,15
426,2024-07-07,241,37,3,149.41,0
1992,2024-08-14,64,16,1,22.92,0
1541,2024-10-23,4,16,3,22.92,0
514,2025-07-20,205,31,4,72.32,5
557,2025-08-04,51,36,3,10.4,0
1036,2024-09-25,218,21,3,97.59,0
4207,2025-08-29,160,4,5,72.91,0
1722,2024-07-18,264,13,2,18.09,0
1085,2025-01-06,44,19,4,43.01,0
3685,2025-02-21,95,7,5,37.71,10
2331,2025-03-15,276,24,2,73.36,10
1013,2025-02-09,296,10,4,62.62,0
2481,2025-03-15,22,23,4,102.85,10
4149,2024-04-25,176,36,4,10.4,5
233,2024-12-12,35,7,4,37.71,15
3911,2025-08-23,84,30,2,97.13,10
3704,2025-06-02,153,9,1,102.79,15
593,2025-09-13,145,32,2,106.66,0
2992,2025-06-28,226,24,5,73.36,5
2342,2024-12-02,104,32,3,106.66,15
4146,2024-05-31,14,8,4,103.07,15
2247,2024-10-29,62,12,2,85.81,15
3182,2024-11-29,288,40,3,82.94,0
2805,2024-10-02,113,11,1,127.63,15
3248,2025-06-08,229,30,3,97.13,0
1901,2025-02-15,131,26,3,141.76,0
1655,2024-08-29,194,6,5,114.35,5
3194,2024-05-25,63,16,4,22.92,0
2443,2024-12-18,196,37,3,149.41,10
3884,2025-04-04,43,40,2,82.94,15
1475,2024-12-31,291,1,1,47.8,0
3983,2024-04-18,231,28,4,93.46,5
889,2025-06-24,83,23,1,102.85,0
553,2025-07-21,235,22,5,58.86,0
4286,2025-06-27,247,1,2,47.8,0
2913,2024-10-26,68,36,3,10.4,0
168,2025-08-17,213,37,5,149.41,0
1679,2025-03-15,252,15,1,43.35,10
1474,2024-12-31,66,28,2,93.46,0
673,2025-02-12,68,7,2,37.71,5
1124,2025-05-07,183,7,4,37.71,0
2726,2025-03-10,287,3,3,121.61,0
3838,2025-05-23,112,39,3,39.05,0
3915,2025-02-17,33,31,3,72.32,5
2322,2025-05-30,105,11,5,127.63,5
2371,2024-04-01,242,35,4,11.58,5
645,2025-03-01,233,4,2,72.91,15
2758,2025-01-13,193,7,5,37.71,0
214,2024-12-12,51,7,1,37.71,0
63,2024-07-30,75,29,3,98.91,15
1073,2024-05-15,131,16,4,22.92,5
2060,2024-09-14,134,15,4,43.35,15
3594,2024-11-13,12,5,2,15.92,0
420,2024-09-09,220,36,3,10.4,10
4177,2024-04-26,231,36,1,10.4,15
1272,2024-07-08,190,37,5,149.41,0
3630,2025-08-22,135,19,2,43.01,0
462,2024-04-06,282,31,1,72.32,0
1564,2024-10-10,180,28,4,93.46,0
3848,2025-07-18,27,5,1,15.92,15
3822,2024-09-22,232,34,4,21.92,5
2618,2024-08-14,116,8,4,103.07,5
2780,2024-08-27,257,6,5,114.35,5
3077,2024-05-09,67,19,3,43.01,5
2141,2024-06-17,30,20,5,60.25,5
2566,2024-11-30,47,22,4,58.86,15
3113,2024-10-02,145,23,5,102.85,5
2983,2024-11-20,133,17,4,58.44,15
2235,2024-06-02,241,17,1,58.44,5
3969,2025-04-20,127,40,3,82.94,0
1242,2024-09-08,82,34,3,21.92,5
2333,2024-07-24,131,33,2,99.14,15
2892,2025-09-05,227,28,4,93.46,15
4217,2024-12-16,22,29,1,98.91,0
1779,2025-08-10,246,12,5,85.81,15
961,2025-08-11,109,30,2,97.13,0
3216,2024-12-13,246,28,1,93.46,0
858,2025-06-19,77,3,5,121.61,0
2461,2025-03-07,267,2,2,131.21,0
1718,2024-07-28,264,5,3,15.92,5
1039,2025-09-07,192,40,5,82.94,0
3032,2024-12-29,157,11,5,127.63,15
1399,2025-01-15,128,17,4,58.44,0
2650,2024-06-17,96,13,3,18.09,10
293,2025-03-06,287,8,3,103.07,10
4258,2025-06-24,153,28,5,93.46,10
947,2024-05-16,232,6,2,114.35,0
2063,2025-07-13,158,36,4,10.4,0
3462,2024-04-08,124,31,1,72.32,10
4140,2024-12-30,133,37,1,149.41,15
3350,2025-02-03,287,6,2,114.35,0
2941,2024-05-02,242,7,4,37.71,15
4123,2024-11-01,175,39,1,39.05,0
3655,2024-12-13,45,15,3,43.35,0
4241,2024-12-12,234,32,5,106.66,0
971,2025-06-11,268,8,4,103.07,0
1587,2024-12-13,289,3,3,121.61,10
2749,2024-06-25,19,40,5,82.94,0
465,2024-09-29,174,20,4,60.25,10
2545,2024-12-25,261,8,2,103.07,15
1112,2024-09-21,108,39,3,39.05,0
3705,2024-12-15,13,29,1,98.91,0
2255,2025-01-24,299,14,4,62.21,5
772,2025-01-12,65,40,4,82.94,10
2383,2025-07-24,154,33,1,99.14,10
3176,2024-04-08,242,18,4,113.61,15
2924,2025-09-15,126,37,4,149.41,5
1974,2025-03-14,296,27,5,52.56,15
2427,2024-10-30,184,16,5,22.92,0
4376,2024-08-31,99,28,2,93.46,0
887,2024-07-13,157,34,1,21.92,0
2905,2025-08-03,166,11,3,127.63,10
541,2024-07-01,283,9,4,102.79,5
1423,2024-10-13,151,27,3,52.56,0
2415,2025-04-04,222,13,2,18.09,0
303,2024-12-30,83,4,3,72.91,5
457,2024-08-17,190,21,4,97.59,10
1160,2024-04-11,134,1,5,47.8,0
2515,2025-08-06,274,7,5,37.71,5
1534,2024-04-03,124,13,5,18.09,0
2107,2024-06-23,214,22,5,58.86,10
1037,2025-01-30,291,28,3,93.46,5
3772,2024-08-15,221,27,1,52.56,0
592,2025-02-25,162,24,3,73.36,0
293,2025-03-06,287,24,2,73.36,0
48,2024-08-19,19,31,5,72.32,0
3624,2024-10-19,47,11,5,127.63,5
2452,2024-10-24,180,2,1,131.21,5
3850,2024-12-17,286,19,5,43.01,0
2388,2025-05-18,17,30,1,97.13,0
1689,2025-04-01,92,35,4,11.58,5
3412,2024-11-01,108,40,1,82.94,0
3384,2025-05-01,152,10,5,62.62,0
1630,2025-09-20,5,12,2,85.81,0
815,2024-11-14,186,12,2,85.81,0
1378,2025-08-01,102,19,1,43.01,0
1418,2024-11-06,285,24,2,73.36,10
1850,2025-06-18,200,5,1,15.92,15
3376,2024-12-21,68,23,5,102.85,0
905,2025-03-18,155,35,4,11.58,10
44,2025-09-23,215,39,1,39.05,15
2750,2025-06-28,112,31,5,72.32,10
2199,2024-07-13,250,36,1,10.4,15
4388,2024-09-04,165,33,5,99.14,10
2557,2025-03-04,155,4,1,72.91,5
3726,2025-08-09,42,18,3,113.61,5
2017,2025-08-11,128,29,1,98.91,0
326,2025-03-19,109,12,5,85.81,0
3708,2024-10-27,102,7,1,37.71,0
868,2024-10-10,52,39,3,39.05,0
1107,2025-03-30,230,28,2,93.46,15
2611,2024-11-19,1,14,4,62.21,15
413,2024-07-08,213,3,2,121.61,0
221,2025-08-10,177,25,1,94.83,0
3648,2025-02-02,75,38,2,21.84,0
1460,2025-05-22,81,34,1,21.92,5
554,2025-05-27,268,38,4,21.84,15
1197,2025-08-19,221,23,2,102.85,15
2023,2024-12-17,132,30,1,97.13,0
3019,2025-06-29,43,11,4,127.63,0
2147,2024-11-29,223,9,2,102.79,5
2664,2024-09-18,194,31,3,72.32,0
268,2024-08-25,135,6,3,114.35,15
2312,2024-11-12,96,27,4,52.56,10
3857,2025-08-26,123,30,5,97.13,5
3267,2024-11-18,251,1,2,47.8,0
32,2024-05-09,33,6,4,114.35,10
2276,2024-10-03,148,15,4,43.35,0
3055,2024-05-10,131,25,4,94.83,10
972,2025-06-21,196,40,1,82.94,10
233,2024-12-12,35,17,1,58.44,5
3595,2024-11-13,246,8,2,103.07,0
1915,2024-09-06,214,12,3,85.81,0
58,2025-06-15,93,21,3,97.59,15
218,2025-06-11,89,12,2,85.81,0
3580,2025-08-17,155,16,5,22.92,5
4243,2025-04-09,173,10,3,62.62,0
3713,2025-08-22,284,31,4,72.32,5
18,2024-08-24,296,6,5,114.35,0
929,2024-07-25,190,18,2,113.61,0
1776,2024-06-07,165,17,5,58.44,0
916,2025-05-10,80,10,2,62.62,0
2936,2025-07-21,53,29,5,98.91,5
405,2024-05-14,249,24,5,73.36,0
120,2025-02-02,74,36,2,10.4,0
755,2024-04-27,240,13,5,18.09,15
2232,2025-03-16,186,3,4,121.61,0
1268,2025-01-26,191,34,1,21.92,5
213,2024-07-03,89,33,2,99.14,0
1980,2025-03-05,17,27,2,52.56,0
717,2024-05-12,240,8,3,103.07,0
3570,2025-01-30,146,34,4,21.92,5
2528,2024-12-31,90,38,3,21.84,0
1490,2024-11-21,152,28,2,93.46,10
3907,2024-10-20,22,4,3,72.91,0
2776,2024-11-23,2,18,5,113.61,0
2892,2025-09-05,227,23,1,102.85,0
753,2024-11-29,33,20,1,60.25,10
121,2025-04-15,48,4,4,72.91,15
3541,2024-11-30,30,34,5,21.92,0
1052,2025-07-28,93,38,4,21.84,0
280,2024-10-22,273,13,2,18.09,0
2181,2024-12-25,162,15,4,43.35,0
1313,2024-11-20,265,11,4,127.63,15
1295,2024-12-29,54,37,5,149.41,0
1806,2024-10-07,145,17,5,58.44,10
1392,2024-08-11,294,22,3,58.86,10
2738,2024-11-26,47,39,3,39.05,0
3241,2024-06-12,295,27,5,52.56,10
691,2024-06-28,214,12,2,85.81,10
1991,2024-09-25,46,31,2,72.32,0
127,2024-08-28,6,38,2,21.84,0
3980,2024-10-27,190,24,1,73.36,10
747,2025-07-09,2,27,5,52.56,0
3384,2025-05-01,152,20,4,60.25,15
639,2024-11-10,135,17,5,58.44,0
1526,2025-05-08,174,29,3,98.91,0
3712,2024-08-09,118,9,5,102.79,10
3629,2024-12-02,240,18,2,113.61,0
3994,2024-05-15,249,28,2,93.46,15
2114,2025-07-20,7,13,1,18.09,15
1619,2025-01-28,88,20,4,60.25,15
2839,2025-05-02,168,10,2,62.62,0
1246,2024-12-19,265,16,1,22.92,15
2101,2024-05-20,218,37,3,149.41,0
281,2024-10-30,227,1,1,47.8,10
3218,2024-06-12,194,8,1,103.07,0
2332,2025-01-10,126,10,1,62.62,5
3416,2025-02-16,267,24,4,73.36,15
142,2025-02-10,228,18,1,113.61,0
512,2024-10-03,200,22,1,58.86,0
3694,2024-05-06,176,23,3,102.85,0
136,2024-11-03,294,5,3,15.92,0
1961,2025-03-29,208,25,2,94.83,10
277,2024-07-28,127,8,2,103.07,0
1231,2025-09-02,35,6,2,114.35,0
1383,2024-12-14,31,29,5,98.91,15
1899,2025-07-14,194,22,1,58.86,0
815,2024-11-14,186,29,2,98.91,0
206,2025-03-21,5,20,4,60.25,5
1384,2025-02-21,231,24,3,73.36,10
932,2024-11-11,219,16,3,22.92,0
3396,2024-07-03,7,14,4,62.21,0
3833,2024-12-27,72,24,2,73.36,5
3137,2024-10-07,225,18,5,113.61,0
2338,2025-09-22,168,2,4,131.21,0
3200,2025-01-16,215,16,3,22.92,0
2647,2024-06-01,157,14,5,62.21,15
3236,2024-05-18,148,40,5,82.94,0
266,2024-12-23,154,8,5,103.07,10
2410,2024-10-01,96,14,3,62.21,5
1509,2025-06-25,137,10,1,62.62,10
2400,2024-11-23,64,3,5,121.61,5
246,2024-08-08,20,6,5,114.35,0
3563,2024-11-15,122,3,4,121.61,0
871,2025-09-06,84,21,2,97.59,0
1255,2024-10-04,242,30,1,97.13,5
2541,2024-07-07,97,9,2,102.79,0
1884,2024-07-19,15,39,4,39.05,10
4083,2024-11-05,123,26,1,141.76,10
3441,2024-12-21,240,21,4,97.59,10
2410,2024-10-01,96,5,5,15.92,0
2553,2024-12-28,112,5,3,15.92,10
3776,2024-04-05,134,36,4,10.4,0
2088,2025-05-21,60,40,3,82.94,0
1208,2025-08-16,121,25,2,94.83,0
2572,2025-05-19,69,2,1,131.21,15
1072,2024-04-11,134,1,2,47.8,0
2766,2025-07-14,4,38,3,21.84,0
4317,2025-08-29,32,34,4,21.92,0
1658,2024-05-12,15,15,5,43.35,5
1592,2025-06-17,79,11,4,127.63,5
3357,2024-10-07,89,32,1,106.66,15
2911,2025-03-02,295,18,2,113.61,0
277,2024-07-28,127,36,1,10.4,0
4246,2025-08-10,81,32,1,106.66,5
2389,2024-04-08,134,18,1,113.61,10
4313,2025-03-27,98,23,2,102.85,0
4058,2024-05-31,295,34,3,21.92,5
878,2024-07-02,278,5,2,15.92,0
2278,2024-09-10,277,18,1,113.61,0
1649,2024-12-11,81,19,5,43.01,0
2055,2025-08-07,253,3,1,121.61,15
664,2024-08-30,56,14,5,62.21,0
2942,2024-05-07,231,18,5,113.61,0
2097,2025-06-30,157,31,3,72.32,5
4236,2024-12-09,255,22,3,58.86,0
4037,2025-06-12,203,29,3,98.91,0
1416,2024-12-23,206,19,4,43.01,0
1011,2025-09-23,264,20,5,60.25,0
2352,2024-08-10,3,27,5,52.56,10
3334,2025-08-25,232,18,1,113.61,0
1194,2025-04-14,130,35,4,11.58,0
1502,2024-08-22,132,15,4,43.35,0
651,2024-12-25,135,24,1,73.36,0
3790,2025-02-26,24,26,4,141.76,5
1440,2025-05-18,6,25,4,94.83,10
3797,2025-05-04,177,33,4,99.14,0
2800,2025-05-15,267,3,3,121.61,0
4352,2025-05-03,142,25,2,94.83,0
4393,2025-05-05,249,14,4,62.21,15
1725,2024-06-29,297,30,2,97.13,5
943,2025-07-24,245,26,1,141.76,0
1117,2024-06-16,156,22,5,58.86,15
1338,2025-02-12,105,27,3,52.56,0
2414,2024-10-08,90,35,2,11.58,0
910,2025-07-11,258,20,3,60.25,10
3355,2025-02-02,206,25,5,94.83,0
568,2025-09-28,150,5,2,15.92,0
4114,2024-12-19,189,34,3,21.92,15
2409,2025-08-22,49,28,5,93.46,5
2361,2024-09-02,24,22,5,58.86,5
3679,2024-09-10,94,25,5,94.83,10
3244,2025-08-21,69,22,3,58.86,0
350,2025-06-05,190,34,4,21.92,0
1251,2024-12-23,168,24,5,73.36,15
3423,2024-11-14,260,6,4,114.35,0
229,2024-09-09,176,12,5,85.81,0
2306,2024-09-20,108,29,3,98.91,0
3137,2024-10-07,225,17,2,58.44,15
2160,2024-07-22,190,32,3,106.66,10
3274,2024-06-10,176,15,3,43.35,0
3164,2024-04-19,249,7,2,37.71,15
3802,2025-02-07,93,2,1,131.21,0
1002,2024-04-11,124,21,4,97.59,0
3949,2024-12-24,85,4,1,72.91,0
394,2025-03-19,147,31,1,72.32,10
974,2025-07-10,283,23,5,102.85,0
1706,2024-06-28,148,20,3,60.25,5
2266,2024-09-08,142,14,2,62.21,0
2378,2024-12-08,297,12,5,85.81,0
3067,2024-10-22,33,31,3,72.32,0
59,2025-06-11,86,40,5,82.94,15
3320,2025-07-24,172,37,4,149.41,0
1476,2025-01-09,146,40,2,82.94,0
2782,2024-06-29,233,29,5,98.91,5
3139,2025-02-23,288,31,3,72.32,10
4187,2024-05-11,249,13,3,18.09,15
3247,2024-06-22,97,32,5,106.66,0
4231,2024-12-23,107,26,2,141.76,10
2913,2024-10-26,68,5,2,15.92,0
1835,2024-06-07,273,29,1,98.91,0
1121,2025-08-22,145,13,5,18.09,15
1074,2024-06-18,37,14,4,62.21,15
461,2025-02-10,159,19,2,43.01,0
2235,2024-06-02,241,25,1,94.83,0
2354,2025-09-10,238,12,2,85.81,0
632,2025-05-26,164,14,4,62.21,0
2411,2024-05-28,231,7,4,37.71,0
3364,2025-06-01,223,3,1,121.61,10
3409,2025-05-05,144,15,5,43.35,0
371,2025-03-31,80,8,1,103.07,15
2875,2024-05-31,242,1,1,47.8,15
1854,2024-07-31,131,40,3,82.94,10
267,2024-12-23,199,10,5,62.62,5
2544,2024-07-21,150,38,1,21.84,0
1272,2024-07-08,190,9,1,102.79,15
2728,2024-11-19,39,39,2,39.05,0
1612,2024-08-04,129,10,3,62.62,0
879,2024-09-17,232,6,3,114.35,10
1198,2024-06-18,156,3,1,121.61,5
1426,2025-08-05,33,5,4,15.92,0
4315,2024-08-04,205,5,3,15.92,0
2680,2025-01-16,293,31,4,72.32,0
4207,2025-08-29,160,37,2,149.41,0
1448,2024-11-21,267,7,2,37.71,0
1118,2024-06-15,156,28,1,93.46,15
2833,2024-11-21,98,8,3,103.07,0
2287,2024-04-19,282,26,5,141.76,0
2451,2024-12-18,161,33,3,99.14,0
1230,2025-09-19,117,24,4,73.36,15
3813,2024-06-24,295,14,5,62.21,10
3283,2024-09-17,206,21,5,97.59,0
753,2024-11-29,33,40,1,82.94,0
2434,2025-01-10,40,33,5,99.14,0
1712,2024-04-07,134,16,3,22.92,5
2603,2024-11-18,27,11,2,127.63,10
4228,2024-10-19,133,24,4,73.36,5
1298,2025-09-18,20,28,2,93.46,0
1327,2024-09-06,255,36,5,10.4,0
2141,2024-06-17,30,7,1,37.71,10
873,2025-04-22,114,34,5,21.92,0
280,2024-10-22,273,23,5,102.85,5
1317,2024-06-12,33,16,4,22.92,15
2094,2024-11-14,23,13,2,18.09,15
2957,2024-05-30,59,38,2,21.84,5
1824,2025-05-01,273,30,5,97.13,0
1841,2025-08-25,16,11,5,127.63,10
2612,2024-11-19,46,22,4,58.86,15
1593,2024-04-08,64,3,4,121.61,0
2960,2024-10-07,167,14,2,62.21,0
1272,2024-07-08,190,13,2,18.09,0
1581,2025-01-04,103,7,1,37.71,0
963,2024-12-15,95,10,1,62.62,0
2030,2024-08-24,278,2,5,131.21,15
308,2025-01-11,285,38,2,21.84,0
4199,2024-08-05,242,28,4,93.46,15
4073,2024-10-07,153,37,2,149.41,0
4006,2024-11-16,16,4,5,72.91,0
741,2025-04-02,199,1,4,47.8,0
2664,2024-09-18,194,8,4,103.07,15
598,2024-11-19,10,13,1,18.09,5
185,2025-06-07,68,15,3,43.35,0
4084,2024-11-05,94,11,4,127.63,0
2687,2024-10-23,281,6,1,114.35,0
1564,2024-10-10,180,4,2,72.91,10
2842,2025-05-29,70,29,5,98.91,10
1215,2025-07-28,103,5,4,15.92,0
3110,2024-09-22,37,6,4,114.35,5
1972,2025-05-19,237,26,4,141.76,0
4231,2024-12-23,107,37,3,149.41,0
2670,2025-04-22,269,13,3,18.09,0
842,2025-07-23,87,35,1,11.58,0
1324,2024-09-29,195,29,5,98.91,0
3934,2024-12-28,286,25,1,94.83,0
937,2024-07-18,233,31,5,72.32,0
1144,2024-06-19,167,1,5,47.8,15
4272,2024-08-22,281,11,1,127.63,5
3051,2025-02-16,288,27,2,52.56,15
1848,2024-04-04,124,30,4,97.13,0
337,2024-05-11,148,34,3,21.92,15
2130,2024-12-22,221,39,5,39.05,0
4170,2025-02-22,77,9,1,102.79,0
3038,2024-04-20,150,12,5,85.81,15
2605,2025-04-27,108,26,2,141.76,0
3163,2024-04-04,242,19,1,43.01,0
378,2025-05-16,144,15,4,43.35,0
3610,2025-02-04,100,1,4,47.8,0
2849,2024-08-12,219,17,1,58.44,15
1959,2024-12-25,112,11,1,127.63,10
2611,2024-11-19,1,23,2,102.85,0
2985,2025-02-05,225,35,4,11.58,0
3127,2024-10-15,185,40,4,82.94,0
1478,2024-07-03,242,8,2,103.07,0
1617,2024-09-29,210,13,3,18.09,0
100,2024-04-07,134,16,3,22.92,10
147,2025-08-21,101,20,3,60.25,5
70,2024-12-13,106,40,2,82.94,10
1728,2024-06-04,273,29,5,98.91,0
3982,2024-12-12,36,22,4,58.86,0
1211,2025-03-09,238,7,5,37.71,15
2626,2025-08-13,94,21,2,97.59,5
504,2024-11-18,57,32,5,106.66,0
3039,2024-11-14,103,16,1,22.92,5
3521,2024-12-25,167,34,2,21.92,5
2465,2025-04-05,281,11,2,127.63,0
2950,2024-11-20,217,25,4,94.83,0
3924,2025-04-05,258,40,4,82.94,15
4306,2024-06-24,96,29,3,98.91,0
906,2025-07-04,61,27,3,52.56,15
3864,2024-07-20,282,26,5,141.76,0
667,2024-07-06,124,19,1,43.01,5
2027,2025-04-22,260,21,3,97.59,10
2480,2025-08-12,227,7,2,37.71,0
1862,2025-07-05,28,9,3,102.79,0
3249,2025-03-04,263,29,2,98.91,0
2446,2024-08-23,185,25,4,94.83,0
3808,2025-08-29,235,6,1,114.35,15
3723,2025-05-29,234,33,2,99.14,15
3971,2025-05-23,40,34,5,21.92,5
3522,2024-05-03,64,26,4,141.76,0
731,2025-01-01,32,36,1,10.4,5
24,2024-08-01,1,9,5,102.79,15
1588,2024-12-13,4,7,1,37.71,5
1905,2024-12-07,3,1,2,47.8,0
96,2024-05-09,81,32,5,106.66,10
4272,2024-08-22,281,40,5,82.94,0
2588,2025-02-25,177,24,1,73.36,10
2664,2024-09-18,194,33,5,99.14,5
2839,2025-05-02,168,4,3,72.91,15
2039,2025-06-27,269,25,1,94.83,10
3227,2025-06-28,195,27,1,52.56,10
2297,2024-11-24,144,40,4,82.94,0
2979,2025-07-07,30,17,4,58.44,0
3155,2024-12-19,67,12,1,85.81,0
3280,2024-11-16,79,28,1,93.46,0
761,2024-10-23,218,5,2,15.92,15
3392,2025-03-27,290,19,5,43.01,10
81,2024-12-27,261,8,3,103.07,0
2968,2025-07-06,28,36,1,10.4,15
2288,2025-02-21,192,38,4,21.84,0
3921,2024-08-11,78,1,3,47.8,0
1612,2024-08-04,129,15,5,43.35,5
3049,2025-04-09,222,21,1,97.59,0
2546,2024-12-25,214,30,1,97.13,5
219,2024-12-08,163,27,1,52.56,0
540,2024-04-17,232,1,1,47.8,0
2984,2024-11-20,299,8,3,103.07,10
2441,2024-08-23,58,29,5,98.91,15
1748,2024-04-14,282,20,2,60.25,0
1399,2025-01-15,128,20,1,60.25,15
2972,2024-04-26,295,24,2,73.36,10
3567,2024-10-12,242,37,4,149.41,10
2592,2024-08-26,199,27,1,52.56,0
130,2024-09-02,3,30,5,97.13,15
1890,2025-03-29,188,15,1,43.35,0
3684,2025-06-22,273,12,2,85.81,10
3215,2024-12-13,252,17,4,58.44,0
2719,2025-06-14,282,13,2,18.09,15
2243,2025-03-22,14,31,5,72.32,5
1137,2024-12-27,127,26,2,141.76,10
334,2025-01-23,69,24,2,73.36,5
1114,2024-04-07,242,24,2,73.36,0
4080,2024-07-12,156,13,2,18.09,10
24,2024-08-01,1,12,2,85.81,10
24,2024-08-01,1,25,3,94.83,0
351,2025-08-07,196,37,3,149.41,5
2070,2024-05-13,148,20,5,60.25,10
2843,2025-08-21,136,19,5,43.01,0
1139,2024-11-24,98,38,2,21.84,5
2819,2024-09-28,145,36,3,10.4,0
3821,2025-04-05,154,11,5,127.63,0
2660,2024-10-25,2,22,4,58.86,0
3021,2024-06-11,81,37,2,149.41,15
4166,2024-05-06,232,22,1,58.86,0
2853,2024-04-01,242,25,2,94.83,0
616,2024-07-31,102,21,1,97.59,0
1829,2024-10-14,295,31,1,72.32,10
3582,2024-08-13,205,17,2,58.44,5
4264,2024-04-30,22,21,2,97.59,5
2979,2025-07-07,30,5,4,15.92,0
173,2025-03-26,273,39,3,39.05,15
841,2025-08-01,52,39,5,39.05,0
799,2024-07-12,63,35,1,11.58,15
2103,2025-09-17,149,19,5,43.01,10
3624,2024-10-19,47,2,4,131.21,0
2405,2025-04-15,77,32,5,106.66,5
1633,2025-07-28,255,19,4,43.01,0
3243,2024-10-21,223,1,4,47.8,0
3886,2024-11-27,108,27,2,52.56,5
165,2025-04-28,217,32,2,106.66,10
3951,2024-12-09,290,23,3,102.85,15
3893,2025-03-23,10,30,3,97.13,5
3182,2024-11-29,288,20,3,60.25,0
3676,2024-11-09,30,35,2,11.58,10
1140,2025-07-29,268,32,3,106.66,15
2757,2024-08-14,226,5,3,15.92,0
931,2025-09-29,253,25,5,94.83,15
1527,2025-05-16,215,20,2,60.25,0
3177,2025-09-02,296,1,3,47.8,5
1383,2024-12-14,31,6,5,114.35,0
269,2024-05-30,1,37,4,149.41,5
1469,2025-08-22,192,31,4,72.32,10
3951,2024-12-09,290,5,2,15.92,10
3005,2024-07-25,150,1,1,47.8,5
224,2025-02-20,184,23,5,102.85,10
489,2025-03-05,167,5,2,15.92,0
1573,2025-08-14,141,4,4,72.91,0
2977,2025-04-12,263,37,3,149.41,10
975,2024-12-31,136,27,4,52.56,0
4271,2024-11-11,205,22,3,58.86,15
3782,2024-08-13,116,5,5,15.92,10
3833,2024-12-27,72,8,4,103.07,10
3075,2025-05-02,79,13,5,18.09,5
2447,2024-04-08,33,29,5,98.91,5
1599,2024-06-15,112,22,5,58.86,10
1834,2025-01-11,131,17,2,58.44,10
264,2025-04-03,260,36,4,10.4,0
595,2024-07-29,264,31,3,72.32,0
580,2024-11-12,142,6,5,114.35,15
4294,2025-09-01,21,14,4,62.21,0
1713,2025-03-05,286,21,4,97.59,0
3520,2024-12-25,239,13,1,18.09,0
3805,2025-02-25,223,29,4,98.91,0
1337,2025-05-05,117,26,2,141.76,10
4321,2025-07-02,235,37,2,149.41,0
3911,2025-08-23,84,11,2,127.63,15
829,2025-05-13,158,11,4,127.63,0
4298,2025-06-02,254,7,5,37.71,5
4265,2025-02-24,282,19,5,43.01,0
1928,2024-06-26,253,24,3,73.36,0
3557,2024-11-13,137,40,3,82.94,0
3079,2024-09-17,205,22,1,58.86,5
1606,2024-04-27,92,25,3,94.83,0
461,2025-02-10,159,12,5,85.81,0
762,2025-07-23,170,40,3,82.94,0
3139,2025-02-23,288,21,2,97.59,5
4192,2025-04-17,196,24,2,73.36,5
2800,2025-05-15,267,40,4,82.94,15
42,2025-05-26,187,40,4,82.94,0
1533,2024-08-22,101,18,1,113.61,0
2801,2025-07-20,70,40,4,82.94,15
1317,2024-06-12,33,39,1,39.05,0
3731,2024-11-20,60,39,4,39.05,10
2261,2025-03-06,88,11,2,127.63,10
2920,2025-04-15,204,26,3,141.76,0
644,2025-08-17,242,22,3,58.86,10
2275,2025-04-29,94,6,4,114.35,0
884,2025-06-07,254,8,3,103.07,5
3630,2025-08-22,135,29,3,98.91,15
103,2025-07-10,192,14,5,62.21,15
853,2025-07-29,179,19,1,43.01,0
2502,2024-10-31,241,27,4,52.56,5
3635,2024-06-18,112,36,4,10.4,10
3129,2024-08-06,277,21,5,97.59,10
1652,2024-04-24,296,10,4,62.62,0
2141,2024-06-17,30,10,5,62.62,5
1532,2024-08-15,159,12,4,85.81,0
1639,2024-04-22,232,32,4,106.66,5
3952,2024-12-09,247,14,2,62.21,10
1935,2025-09-24,256,2,4,131.21,15
1721,2025-01-20,108,34,2,21.92,0
3649,2025-09-20,37,10,5,62.62,0
3071,2024-10-31,188,30,2,97.13,0
2749,2024-06-25,19,15,1,43.35,10
2510,2024-06-07,134,6,5,114.35,0
276,2024-05-20,232,7,1,37.71,0
267,2024-12-23,199,4,3,72.91,5
3361,2024-06-04,240,9,2,102.79,15
4264,2024-04-30,22,1,1,47.8,5
1621,2025-05-05,150,11,1,127.63,0
1724,2025-05-31,135,11,3,127.63,0
3263,2025-09-28,147,22,2,58.86,15
3061,2025-04-16,53,39,1,39.05,0
1266,2024-04-17,150,10,1,62.62,0
1455,2024-12-29,273,20,2,60.25,0
1785,2024-06-12,296,17,2,58.44,0
955,2025-07-29,132,8,3,103.07,5
4172,2025-06-28,38,36,4,10.4,0
353,2025-02-18,210,10,3,62.62,10
3437,2024-05-10,295,18,5,113.61,0
2460,2024-11-15,53,3,5,121.61,0
3290,2025-01-28,152,10,1,62.62,15
2907,2025-05-01,81,40,3,82.94,10
596,2025-06-27,268,2,2,131.21,15
3383,2025-06-25,52,31,4,72.32,10
2022,2025-03-30,92,7,4,37.71,15
3078,2024-07-14,64,6,5,114.35,15
2825,2025-05-17,194,38,1,21.84,5
1158,2025-06-27,251,8,3,103.07,0
2307,2024-09-20,87,22,3,58.86,5
3248,2025-06-08,229,40,5,82.94,10
1562,2025-03-09,87,7,2,37.71,15
2244,2025-07-05,220,1,3,47.8,5
1244,2025-02-10,218,4,2,72.91,0
120,2025-02-02,74,4,2,72.91,5
1088,2024-06-21,112,12,2,85.81,0
2997,2025-05-07,166,39,1,39.05,0
136,2024-11-03,294,35,2,11.58,10
1546,2025-09-06,63,6,2,114.35,10
1574,2025-05-29,57,19,1,43.01,5
1513,2025-04-17,241,22,5,58.86,10
1436,2024-11-19,63,30,2,97.13,15
2876,2025-05-23,185,21,4,97.59,0
3458,2025-03-22,66,14,5,62.21,0
3243,2024-10-21,223,3,2,121.61,0
1930,2025-04-21,86,11,3,127.63,0
3382,2025-04-04,250,18,4,113.61,0
1525,2024-06-06,273,11,4,127.63,10
553,2025-07-21,235,19,2,43.01,0
3165,2024-12-07,90,36,3,10.4,10
3539,2024-04-23,231,13,5,18.09,0
2375,2025-07-07,134,40,2,82.94,10
2924,2025-09-15,126,31,4,72.32,0
1204,2024-09-03,195,35,1,11.58,15
3048,2025-09-10,68,2,1,131.21,15
1773,2025-05-18,213,20,1,60.25,0
1600,2024-07-05,92,22,2,58.86,0
3577,2025-04-20,138,34,2,21.92,10
3631,2024-11-08,169,25,5,94.83,5
2533,2025-01-21,227,26,2,141.76,0
1269,2024-10-26,102,40,4,82.94,0
1030,2025-01-08,159,38,3,21.84,10
2668,2024-07-06,253,38,5,21.84,5
1584,2025-05-26,23,30,5,97.13,15
3641,2025-01-09,225,21,4,97.59,10
191,2024-06-12,291,24,3,73.36,0
204,2025-03-02,45,24,5,73.36,0
299,2024-12-11,152,22,2,58.86,5
1627,2024-07-06,296,34,1,21.92,10
1529,2024-08-30,50,19,4,43.01,5
3666,2024-07-15,242,11,5,127.63,0
1161,2025-01-05,18,31,3,72.32,0
1022,2024-10-07,185,21,1,97.59,15
2710,2025-07-02,288,4,1,72.91,0
3000,2025-09-15,6,24,5,73.36,0
3901,2024-11-06,51,11,4,127.63,5
1558,2024-08-05,90,6,3,114.35,0
437,2024-10-26,183,40,5,82.94,15
121,2025-04-15,48,18,5,113.61,10
3798,2025-05-09,297,38,2,21.84,15
3295,2024-12-13,258,38,1,21.84,0
3107,2024-04-05,124,32,5,106.66,0
232,2025-03-22,164,22,3,58.86,0
1823,2024-05-25,64,31,3,72.32,15
2131,2025-07-10,139,16,4,22.92,0
1503,2024-10-27,156,27,2,52.56,0
1525,2024-06-06,273,7,3,37.71,0
2369,2024-06-28,253,10,5,62.62,10
1724,2025-05-31,135,36,4,10.4,5
3356,2025-07-13,186,32,3,106.66,15
4223,2025-03-09,273,21,1,97.59,0
1719,2024-10-26,211,19,4,43.01,10
2008,2025-03-22,162,4,3,72.91,15
3683,2025-08-18,75,30,3,97.13,0
824,2024-10-16,274,33,4,99.14,5
2413,2025-02-25,254,26,4,141.76,0
1127,2024-11-27,180,26,1,141.76,0
2309,2024-05-13,124,12,3,85.81,0
3557,2024-11-13,137,2,2,131.21,0
3470,2024-10-28,265,19,4,43.01,0
1277,2025-08-06,248,13,4,18.09,0
3013,2024-05-21,33,39,4,39.05,0
996,2024-11-04,169,36,5,10.4,15
2513,2024-12-06,245,28,1,93.46,15
4,2024-04-22,64,9,5,102.79,0
1196,2025-05-11,128,35,2,11.58,15
806,2024-11-05,33,12,3,85.81,0
2020,2024-06-15,232,32,3,106.66,15
626,2024-06-17,273,17,5,58.44,5
1591,2025-07-05,116,3,2,121.61,0
157,2025-02-14,176,14,4,62.21,0
1104,2025-06-03,135,3,2,121.61,10
110,2025-07-28,17,9,4,102.79,5
2645,2024-12-24,26,5,1,15.92,0
513,2024-09-05,207,25,2,94.83,10
1962,2025-03-12,109,25,1,94.83,15
441,2025-07-13,288,3,2,121.61,10
1585,2025-06-26,70,24,3,73.36,0
3900,2024-11-06,56,35,3,11.58,0
2985,2025-02-05,225,8,1,103.07,0
2750,2025-06-28,112,2,1,131.21,5
296,2024-10-13,253,7,5,37.71,0
4230,2025-09-18,115,25,1,94.83,0
897,2025-06-14,102,12,4,85.81,0
1516,2024-07-10,278,26,1,141.76,0
1295,2024-12-29,54,39,4,39.05,0
405,2024-05-14,249,39,2,39.05,0
747,2025-07-09,2,4,3,72.91,0
1635,2025-09-21,295,7,2,37.71,0
3870,2024-10-01,225,2,3,131.21,15
577,2024-12-23,78,29,5,98.91,0
2912,2025-08-05,196,36,3,10.4,5
2510,2024-06-07,134,25,4,94.83,0
1717,2025-02-09,191,15,2,43.35,15
3828,2025-07-13,130,34,4,21.92,10
903,2025-04-06,271,18,1,113.61,0
1209,2024-09-30,62,27,3,52.56,0
596,2025-06-27,268,12,1,85.81,0
1612,2024-08-04,129,33,3,99.14,0
2952,2024-08-08,65,5,2,15.92,0
1686,2024-04-17,124,3,1,121.61,10
328,2024-07-10,74,22,1,58.86,0
1756,2024-06-02,124,28,4,93.46,10
1714,2024-08-20,231,22,3,58.86,15
2989,2024-11-02,97,18,5,113.61,0
3936,2025-06-27,89,29,2,98.91,15
1430,2025-07-12,242,24,5,73.36,0
2697,2025-06-07,120,2,1,131.21,10
4131,2025-05-26,127,8,3,103.07,5
3173,2025-07-23,211,17,1,58.44,0
2365,2024-04-03,134,7,4,37.71,0
838,2024-04-04,134,39,4,39.05,10
791,2024-06-10,200,9,3,102.79,5
520,2024-11-09,300,8,1,103.07,10
4330,2024-12-23,123,4,4,72.91,15
1648,2025-06-05,294,39,5,39.05,0
3419,2025-08-07,99,7,1,37.71,0
956,2025-04-11,263,24,5,73.36,5
1292,2025-04-07,124,27,3,52.56,0
3581,2025-02-28,231,30,1,97.13,0
2155,2025-01-04,157,25,3,94.83,0
2113,2025-02-18,76,28,3,93.46,0
2902,2024-12-08,292,32,1,106.66,10
2101,2024-05-20,218,31,1,72.32,10
1234,2024-12-06,267,35,4,11.58,0
1367,2025-06-02,87,33,3,99.14,0
2710,2025-07-02,288,30,5,97.13,0
3924,2025-04-05,258,12,5,85.81,0
2609,2024-04-23,134,25,3,94.83,15
615,2025-09-15,253,13,3,18.09,10
1193,2024-10-20,176,19,5,43.01,15
532,2024-12-01,22,8,5,103.07,0
826,2024-09-13,4,6,4,114.35,5
2609,2024-04-23,134,28,2,93.46,0
3917,2024-07-01,62,29,3,98.91,10
3531,2025-09-01,126,16,5,22.92,0
1729,2024-04-30,150,10,5,62.62,0
719,2024-11-07,57,1,1,47.8,0
2374,2024-06-15,295,33,3,99.14,10
4372,2024-05-29,221,10,3,62.62,0
2418,2024-10-09,93,29,2,98.91,10
3427,2025-09-17,285,29,4,98.91,0
1566,2024-08-06,231,1,3,47.8,15
2063,2025-07-13,158,23,1,102.85,10
2651,2025-02-22,181,13,1,18.09,10
1484,2025-01-23,119,39,2,39.05,15
1561,2024-04-05,124,3,5,121.61,0
921,2024-06-27,76,37,3,149.41,0
2357,2025-01-30,26,10,2,62.62,0
3212,2024-08-27,27,10,2,62.62,5
3818,2025-05-16,129,3,5,121.61,15
2372,2025-02-24,40,31,1,72.32,15
3305,2025-06-27,78,28,4,93.46,0
4044,2024-05-27,15,21,3,97.59,15
1720,2025-08-16,74,29,3,98.91,10
3318,2024-12-12,99,14,3,62.21,10
1257,2024-09-02,104,21,2,97.59,10
4375,2024-06-15,42,4,3,72.91,10
455,2024-12-08,283,34,3,21.92,5
3128,2024-10-19,233,5,3,15.92,15
1015,2024-04-30,231,17,4,58.44,0
4170,2025-02-22,77,22,3,58.86,5
3102,2024-11-26,139,3,1,121.61,0
1957,2024-07-12,127,12,4,85.81,15
1751,2024-09-01,255,2,4,131.21,0
4286,2025-06-27,247,23,3,102.85,0
530,2025-05-05,55,32,2,106.66,0
3082,2024-11-09,197,38,5,21.84,5
2603,2024-11-18,27,7,2,37.71,0
669,2024-04-06,134,40,4,82.94,0
3566,2024-09-25,18,26,1,141.76,0
1459,2024-12-09,105,29,2,98.91,5
3513,2024-11-08,62,13,2,18.09,5
1786,2025-06-25,260,1,1,47.8,0
2721,2025-04-09,269,19,3,43.01,0
3733,2024-07-17,243,6,3,114.35,0
3698,2025-06-04,250,13,2,18.09,10
2275,2025-04-29,94,14,5,62.21,0
888,2025-07-26,203,24,3,73.36,0
3263,2025-09-28,147,3,1,121.61,15
493,2025-07-19,167,29,2,98.91,0
3769,2024-04-07,124,39,4,39.05,15
702,2025-05-17,85,3,4,121.61,5
554,2025-05-27,268,30,3,97.13,5
282,2024-07-13,88,30,3,97.13,5
352,2025-01-16,279,13,5,18.09,0
582,2025-08-16,163,24,4,73.36,0
47,2025-05-30,28,24,2,73.36,0
1777,2025-01-30,255,34,4,21.92,10
1963,2024-05-27,72,7,5,37.71,0
2719,2025-06-14,282,33,3,99.14,10
1445,2024-04-29,232,30,1,97.13,0
181,2025-01-06,48,24,3,73.36,15
2704,2024-12-04,272,30,5,97.13,5
4081,2025-02-16,198,29,2,98.91,0
2715,2024-10-18,7,12,4,85.81,0
2304,2025-06-05,17,14,2,62.21,10
4115,2024-12-19,200,9,4,102.79,0
3777,2024-05-02,242,4,2,72.91,0
330,2025-02-15,127,28,3,93.46,0
1519,2024-12-06,92,39,1,39.05,0
3274,2024-06-10,176,19,5,43.01,5
430,2025-05-09,76,22,4,58.86,10
305,2024-05-19,150,4,2,72.91,15
1695,2024-09-28,292,24,2,73.36,10
479,2024-05-08,242,34,1,21.92,15
3043,2024-08-07,129,21,1,97.59,5
2059,2025-04-13,205,37,5,149.41,10
1266,2024-04-17,150,16,5,22.92,0
2223,2024-07-28,280,5,1,15.92,15
3880,2024-12-03,142,28,1,93.46,0
3229,2025-04-06,15,24,3,73.36,15
345,2025-01-16,44,39,2,39.05,0
2022,2025-03-30,92,8,2,103.07,0
3562,2024-10-23,23,22,5,58.86,5
3569,2025-07-03,266,36,2,10.4,10
3879,2025-05-28,277,4,2,72.91,0
3546,2025-03-13,22,33,4,99.14,15
3863,2025-05-26,103,21,5,97.59,0
116,2024-11-09,238,9,5,102.79,0
3707,2024-06-05,156,2,2,131.21,15
2756,2025-06-09,278,3,1,121.61,0
4000,2025-09-03,36,23,3,102.85,0
1373,2024-12-24,45,33,2,99.14,0
3144,2025-02-22,177,15,4,43.35,10
882,2025-03-20,126,39,4,39.05,0
3973,2024-10-11,239,33,3,99.14,0
2194,2025-06-27,262,31,1,72.32,15
596,2025-06-27,268,20,2,60.25,15
2471,2024-12-22,37,27,5,52.56,10
3065,2025-06-24,108,3,5,121.61,0
926,2025-04-01,40,8,1,103.07,10
1356,2025-02-09,110,31,5,72.32,5
1572,2025-04-23,266,13,3,18.09,0
2725,2025-08-15,73,18,2,113.61,10
4371,2025-04-02,217,5,2,15.92,5
468,2025-08-22,267,40,1,82.94,5
615,2025-09-15,253,32,5,106.66,0
3369,2025-08-24,245,1,3,47.8,0
2738,2024-11-26,47,40,4,82.94,0
1059,2024-08-22,2,35,5,11.58,5
2470,2025-06-13,162,4,5,72.91,0
2927,2024-12-26,292,1,5,47.8,0
3519,2024-04-22,134,28,1,93.46,15
1444,2024-05-06,176,14,2,62.21,10
3790,2025-02-26,24,10,3,62.62,15
1532,2024-08-15,159,37,4,149.41,0
1236,2025-06-15,58,38,4,21.84,10
4198,2024-11-05,20,14,2,62.21,0
2171,2025-08-05,133,4,2,72.91,0
3563,2024-11-15,122,40,5,82.94,10
4326,2024-04-17,64,26,2,141.76,0
4361,2025-04-12,242,32,3,106.66,0
2803,2024-06-05,37,40,4,82.94,5
2579,2024-12-31,232,15,3,43.35,0
2085,2024-08-09,92,5,4,15.92,0
2462,2025-06-25,236,19,3,43.01,10
555,2024-11-14,278,37,4,149.41,0
4045,2025-08-22,145,26,2,141.76,10
168,2025-08-17,213,32,1,106.66,0
1900,2025-03-23,6,32,2,106.66,5
2182,2024-06-29,62,36,2,10.4,10
4248,2024-12-08,27,35,4,11.58,0
2060,2024-09-14,134,39,1,39.05,5
805,2024-09-19,20,21,4,97.59,5
580,2024-11-12,142,4,5,72.91,0
4288,2025-02-28,271,22,2,58.86,0
2321,2024-04-17,242,22,4,58.86,5
3391,2024-04-01,124,20,2,60.25,0
1447,2024-10-21,168,16,4,22.92,0
3260,2025-02-28,152,34,1,21.92,0
2653,2024-05-09,72,26,2,141.76,5
3377,2024-12-21,246,15,2,43.35,0
1605,2024-06-23,33,7,3,37.71,0
3635,2024-06-18,112,3,4,121.61,0
2447,2024-04-08,33,23,3,102.85,5
684,2024-08-27,296,28,2,93.46,0
435,2025-06-27,75,24,5,73.36,0
2770,2025-04-17,187,7,3,37.71,0
2675,2024-12-06,63,22,1,58.86,15
3298,2024-06-10,88,40,2,82.94,5
2072,2024-11-29,24,26,3,141.76,15
3471,2025-03-31,283,5,4,15.92,10
4329,2024-12-23,46,6,1,114.35,10
1255,2024-10-04,242,28,1,93.46,10
1837,2024-06-02,76,31,4,72.32,0
3535,2025-05-17,196,15,5,43.35,0
1303,2024-04-17,64,38,5,21.84,15
4348,2024-10-10,42,10,3,62.62,10
1728,2024-06-04,273,13,2,18.09,10
2947,2024-05-19,240,32,2,106.66,0
3619,2024-10-02,4,10,1,62.62,0
2630,2025-06-03,168,22,2,58.86,5
2043,2024-07-24,30,29,5,98.91,10
1538,2024-11-23,150,17,1,58.44,0
567,2025-08-11,257,31,5,72.32,15
1168,2025-07-19,46,6,2,114.35,15
4057,2025-06-23,230,5,5,15.92,0
4,2024-04-22,64,37,5,149.41,0
3470,2024-10-28,265,20,5,60.25,15
163,2025-03-23,181,40,1,82.94,15
63,2024-07-30,75,40,1,82.94,0
2478,2024-11-23,129,33,5,99.14,5
956,2025-04-11,263,27,1,52.56,10
1352,2024-09-26,146,2,4,131.21,5
2304,2025-06-05,17,39,4,39.05,0
4371,2025-04-02,217,1,5,47.8,0
4195,2025-03-19,174,11,4,127.63,0
3927,2025-03-22,68,5,5,15.92,5
833,2024-06-05,184,38,2,21.84,5
4384,2024-09-07,148,31,3,72.32,0
1379,2024-10-20,90,35,2,11.58,15
3047,2025-07-26,57,21,4,97.59,5
3318,2024-12-12,99,20,1,60.25,5
2960,2024-10-07,167,35,4,11.58,0
3416,2025-02-16,267,14,2,62.21,10
2128,2024-04-02,124,1,2,47.8,5
820,2025-06-18,80,2,3,131.21,10
3656,2024-05-21,295,27,1,52.56,0
3022,2024-09-23,300,22,4,58.86,0
939,2025-07-26,72,31,4,72.32,15
3345,2024-06-26,213,9,5,102.79,0
1147,2025-02-25,191,19,2,43.01,10
3097,2025-05-05,140,9,4,102.79,10
789,2024-10-21,20,34,2,21.92,0
977,2025-05-08,27,26,2,141.76,10
3659,2024-09-29,1,19,3,43.01,5
2365,2024-04-03,134,28,3,93.46,0
3221,2025-05-17,194,37,4,149.41,10
1027,2025-08-09,58,10,4,62.62,0
1325,2025-02-14,150,23,2,102.85,10
3828,2025-07-13,130,30,3,97.13,0
3411,2025-07-07,33,34,5,21.92,0
4120,2024-10-19,137,21,2,97.59,5
3699,2024-11-22,206,21,2,97.59,5
1100,2024-07-28,225,29,3,98.91,0
1949,2024-10-17,41,2,5,131.21,15
3987,2024-12-18,89,3,5,121.61,0
4195,2025-03-19,174,3,1,121.61,5
2592,2024-08-26,199,36,3,10.4,0
1129,2025-03-04,67,2,4,131.21,0
1617,2024-09-29,210,34,1,21.92,5
2860,2025-08-26,174,30,2,97.13,0
3360,2025-05-24,208,10,2,62.62,10
2135,2025-07-26,227,33,4,99.14,0
1494,2024-10-01,61,1,3,47.8,10
442,2025-02-07,171,23,1,102.85,15
3786,2024-05-19,176,32,3,106.66,15
4353,2024-07-06,102,36,2,10.4,0
4019,2024-06-15,118,21,3,97.59,0
3924,2025-04-05,258,30,2,97.13,15
221,2025-08-10,177,18,5,113.61,0
3189,2025-05-03,49,2,5,131.21,10
1889,2025-03-14,17,7,5,37.71,0
1921,2024-08-13,65,23,2,102.85,0
671,2024-06-12,297,26,1,141.76,0
1366,2024-08-17,137,21,1,97.59,10
4274,2025-03-26,218,8,3,103.07,0
1157,2025-02-14,268,39,2,39.05,5
4012,2025-07-10,192,11,3,127.63,0
2348,2025-01-11,9,26,5,141.76,10
1516,2024-07-10,278,27,3,52.56,0
944,2024-07-16,30,39,2,39.05,0
2008,2025-03-22,162,12,3,85.81,0
502,2025-04-29,185,9,4,102.79,15
3743,2024-12-28,71,8,3,103.07,15
4013,2024-09-11,194,14,5,62.21,0
1853,2024-08-23,167,30,5,97.13,10
3483,2025-03-15,267,38,1,21.84,10
1532,2024-08-15,159,1,2,47.8,0
2859,2025-07-06,125,38,4,21.84,15
2928,2025-08-12,208,20,3,60.25,0
2055,2025-08-07,253,7,5,37.71,0
1172,2024-10-22,62,29,5,98.91,0
831,2025-08-28,57,14,2,62.21,0
3826,2024-12-26,11,35,2,11.58,15
1519,2024-12-06,92,11,5,127.63,5
2943,2024-07-10,148,24,5,73.36,10
1760,2025-04-15,227,24,2,73.36,0
1608,2025-09-17,40,19,1,43.01,0
2673,2024-04-14,232,24,3,73.36,5
4335,2025-03-29,95,34,1,21.92,10
4053,2025-01-19,149,2,1,131.21,10
1478,2024-07-03,242,32,2,106.66,5
1595,2024-09-18,102,29,5,98.91,15
101,2024-11-28,33,30,3,97.13,0
3520,2024-12-25,239,37,2,149.41,0
3791,2024-10-24,294,7,4,37.71,0
4263,2024-06-23,250,24,2,73.36,15
899,2025-04-25,209,15,4,43.35,0
1206,2025-07-23,16,38,3,21.84,10
1445,2024-04-29,232,33,5,99.14,5
1908,2025-04-14,182,5,4,15.92,5
867,2025-09-05,108,3,2,121.61,0
3439,2025-06-17,286,35,1,11.58,5
1579,2025-09-25,94,1,5,47.8,5
3815,2024-04-07,134,23,3,102.85,15
784,2024-05-01,150,9,1,102.79,5
147,2025-08-21,101,1,3,47.8,5
2339,2025-09-11,260,30,5,97.13,0
1852,2024-04-16,157,27,3,52.56,10
4097,2024-12-17,8,30,2,97.13,0
2768,2024-12-22,226,6,5,114.35,10
1951,2024-09-05,218,2,3,131.21,0
3370,2025-06-22,92,15,4,43.35,15
2654,2025-04-10,265,6,5,114.35,15
2124,2024-04-29,76,27,2,52.56,10
1643,2024-07-21,164,40,2,82.94,0
943,2025-07-24,245,11,3,127.63,0
467,2025-09-24,45,21,5,97.59,10
104,2025-04-06,40,4,5,72.91,10
1766,2024-12-09,29,22,5,58.86,0
1227,2025-08-27,161,25,5,94.83,5
3833,2024-12-27,72,34,5,21.92,5
2570,2024-05-02,134,38,3,21.84,5
479,2024-05-08,242,1,3,47.8,5
2038,2024-05-30,98,1,5,47.8,5
3034,2024-11-28,231,13,5,18.09,0
156,2025-08-26,78,2,3,131.21,5
53,2025-05-02,192,23,1,102.85,10
137,2024-11-03,46,20,4,60.25,15
275,2024-08-05,201,25,3,94.83,10
391,2025-01-04,281,12,5,85.81,15
4354,2024-07-17,1,31,1,72.32,15
1457,2024-08-09,281,31,5,72.32,0
2541,2024-07-07,97,36,3,10.4,10
13,2024-11-07,49,5,3,15.92,0
3840,2025-01-09,8,32,5,106.66,10
3315,2025-01-13,207,39,4,39.05,0
2226,2024-06-16,3,3,1,121.61,5
472,2024-09-07,264,30,3,97.13,10
2812,2025-04-30,39,2,2,131.21,0
4388,2024-09-04,165,14,1,62.21,0
307,2024-09-25,289,25,1,94.83,5
4245,2025-04-01,74,34,3,21.92,15
392,2025-03-22,247,29,4,98.91,0
4342,2024-09-26,121,19,3,43.01,5
3860,2024-05-15,19,33,4,99.14,0
1653,2024-11-20,130,39,5,39.05,0
4190,2024-12-14,198,10,3,62.62,10
1641,2024-10-26,121,2,2,131.21,0
3340,2025-07-06,11,17,5,58.44,10
2059,2025-04-13,205,40,3,82.94,5
983,2025-05-06,52,27,4,52.56,5
2603,2024-11-18,27,19,1,43.01,5
694,2024-07-26,205,36,3,10.4,0
1061,2024-08-20,33,5,1,15.92,0
2767,2024-12-22,192,40,2,82.94,5
3811,2025-09-01,186,5,1,15.92,15
706,2025-02-14,267,35,4,11.58,10
2357,2025-01-30,26,40,3,82.94,15
1805,2024-08-27,44,29,1,98.91,0
1792,2024-11-16,102,30,1,97.13,10
2128,2024-04-02,124,10,1,62.62,0
1442,2024-05-02,92,7,4,37.71,0
2606,2024-05-17,124,10,5,62.62,0
2158,2025-05-20,147,31,4,72.32,0
2051,2024-10-29,294,14,5,62.21,0
4106,2025-05-12,78,15,3,43.35,0
1632,2024-08-09,294,16,4,22.92,0
906,2025-07-04,61,31,2,72.32,10
100,2024-04-07,134,29,5,98.91,0
1210,2025-02-20,258,15,3,43.35,5
3050,2024-06-14,157,19,2,43.01,0
3592,2024-04-20,282,40,1,82.94,0
506,2025-04-13,58,6,4,114.35,10
3400,2024-10-20,227,40,1,82.94,10
99,2024-10-15,61,21,2,97.59,5
148,2024-08-18,137,13,4,18.09,0
2517,2024-04-03,124,38,3,21.84,0
460,2025-09-06,82,3,2,121.61,0
2875,2024-05-31,242,29,1,98.91,0
2062,2025-05-11,249,36,1,10.4,10
4077,2024-06-27,96,4,2,72.91,0
3616,2025-04-07,43,39,1,39.05,5
3172,2025-02-23,228,7,1,37.71,15
720,2024-11-07,289,25,2,94.83,0
3817,2024-12-29,159,29,4,98.91,5
3113,2024-10-02,145,14,4,62.21,0
468,2025-08-22,267,32,3,106.66,0
1921,2024-08-13,65,7,1,37.71,5
3174,2025-05-04,1,34,1,21.92,0
2214,2025-07-26,80,39,4,39.05,0
3753,2025-09-27,262,25,5,94.83,5
3567,2024-10-12,242,14,4,62.21,0
972,2025-06-21,196,19,1,43.01,0
240,2025-01-24,42,20,3,60.25,0
2110,2025-06-19,275,6,5,114.35,0
3536,2025-05-15,181,1,4,47.8,10
1986,2024-12-25,152,17,5,58.44,0
3641,2025-01-09,225,4,4,72.91,15
2153,2024-05-26,56,20,2,60.25,0
2845,2024-09-01,7,30,4,97.13,0
1160,2024-04-11,134,13,3,18.09,0
4002,2024-04-15,157,21,1,97.59,0
2650,2024-06-17,96,7,3,37.71,5
1512,2024-05-09,124,15,1,43.35,15
2656,2025-02-23,15,35,2,11.58,0
583,2025-06-12,190,1,4,47.8,10
3010,2025-05-21,293,17,2,58.44,15
3727,2025-05-30,241,8,1,103.07,0
844,2024-08-18,264,37,5,149.41,5
3577,2025-04-20,138,5,2,15.92,0
1037,2025-01-30,291,12,5,85.81,5
142,2025-02-10,228,7,4,37.71,5
3423,2024-11-14,260,33,5,99.14,0
3335,2025-01-23,140,22,4,58.86,5
159,2024-09-16,96,11,4,127.63,5
1925,2025-05-31,38,20,2,60.25,10
4257,2025-02-19,298,39,5,39.05,0
1283,2025-09-20,25,35,2,11.58,0
718,2025-08-11,15,10,4,62.62,0
688,2024-06-05,148,8,4,103.07,0
899,2025-04-25,209,22,5,58.86,5
2221,2025-04-27,283,17,4,58.44,5
4049,2024-05-13,81,1,5,47.8,0
3561,2025-09-04,28,38,1,21.84,0
2330,2024-11-27,161,27,2,52.56,0
2918,2025-02-23,112,32,3,106.66,10
2432,2025-09-03,183,5,5,15.92,5
1026,2025-08-16,180,24,3,73.36,10
3394,2025-03-23,165,28,1,93.46,10
926,2025-04-01,40,6,4,114.35,10
757,2025-06-30,96,9,1,102.79,0
3209,2024-09-09,240,40,3,82.94,0
3360,2025-05-24,208,2,3,131.21,15
3866,2024-11-21,5,9,3,102.79,0
819,2025-01-18,296,6,4,114.35,10
3049,2025-04-09,222,9,4,102.79,5
270,2025-06-14,245,35,2,11.58,0
3993,2025-03-21,24,20,4,60.25,5
1762,2024-12-14,222,29,1,98.91,5
2496,2025-09-08,49,37,1,149.41,0
1500,2025-04-12,153,39,4,39.05,5
3892,2024-06-21,67,16,2,22.92,0
2049,2024-09-13,170,37,1,149.41,0
887,2024-07-13,157,13,2,18.09,5
1001,2024-05-19,157,32,1,106.66,0
1786,2025-06-25,260,29,2,98.91,0
2421,2024-10-11,84,34,3,21.92,0
4061,2024-10-11,146,37,3,149.41,15
3774,2025-08-15,226,5,2,15.92,15
1199,2025-02-04,217,2,4,131.21,0
1172,2024-10-22,62,6,3,114.35,15
2209,2024-11-01,33,10,5,62.62,0
1662,2024-05-28,194,6,1,114.35,15
1956,2024-10-09,142,11,4,127.63,0
1194,2025-04-14,130,19,3,43.01,0
4052,2024-12-09,110,37,5,149.41,5
1696,2024-10-18,49,19,2,43.01,15
926,2025-04-01,40,24,2,73.36,0
3861,2025-05-29,62,30,2,97.13,0
1588,2024-12-13,4,22,5,58.86,0
3850,2024-12-17,286,33,4,99.14,5
1401,2025-02-16,56,30,5,97.13,5
2764,2024-06-22,96,4,4,72.91,0
3844,2024-04-25,14,7,3,37.71,15
3025,2025-07-27,298,19,2,43.01,5
2706,2025-01-23,64,7,5,37.71,10
808,2024-11-10,128,39,5,39.05,10
3832,2024-12-27,220,27,4,52.56,15
3438,2025-03-27,16,22,4,58.86,0
3489,2025-08-01,250,14,1,62.21,0
1221,2025-05-28,174,31,1,72.32,0
3988,2024-07-24,54,12,5,85.81,0
336,2024-06-04,146,15,5,43.35,0
3977,2025-05-31,249,16,3,22.92,0
1611,2025-04-22,177,34,4,21.92,10
249,2024-07-13,97,17,5,58.44,5
3187,2025-06-01,283,25,4,94.83,10
3366,2025-06-25,210,40,3,82.94,0
660,2025-02-19,272,17,4,58.44,0
551,2025-05-02,192,30,3,97.13,0
3544,2024-09-08,204,13,2,18.09,5
1957,2024-07-12,127,36,1,10.4,5
3078,2024-07-14,64,24,1,73.36,0
302,2025-08-05,299,1,1,47.8,0
745,2024-09-27,23,5,3,15.92,10
896,2024-09-04,215,16,1,22.92,0
727,2025-06-22,93,25,3,94.83,0
570,2024-10-27,174,19,4,43.01,15
3795,2024-11-28,62,34,3,21.92,5
2401,2024-11-23,23,30,4,97.13,0
1914,2024-05-22,295,31,1,72.32,10
715,2024-08-09,272,8,3,103.07,0
492,2024-10-31,275,28,2,93.46,0
4003,2025-05-31,97,9,3,102.79,0
795,2024-06-08,105,36,5,10.4,0
1784,2025-08-30,300,6,5,114.35,0
1069,2024-11-17,197,31,1,72.32,0
2341,2024-12-02,67,4,3,72.91,0
1270,2024-05-18,220,39,1,39.05,0
3590,2025-08-31,40,9,3,102.79,10
2515,2025-08-06,274,32,5,106.66,15
2995,2024-08-25,93,17,4,58.44,0
4138,2025-06-30,190,3,1,121.61,15
72,2024-06-23,15,27,5,52.56,0
1745,2025-07-16,210,39,2,39.05,0
1035,2024-05-03,157,28,5,93.46,0
907,2024-05-17,232,13,4,18.09,5
3004,2025-07-28,290,34,2,21.92,0
2793,2024-05-08,22,39,4,39.05,15
3611,2024-08-29,44,29,5,98.91,0
3384,2025-05-01,152,23,1,102.85,0
2016,2024-05-12,291,35,2,11.58,0
855,2024-09-15,239,29,3,98.91,0
3349,2024-07-15,49,26,3,141.76,10
688,2024-06-05,148,40,2,82.94,5
1524,2025-01-24,270,40,3,82.94,0
1241,2025-08-27,157,31,2,72.32,10
12,2024-11-07,133,27,1,52.56,0
2281,2024-08-22,110,17,3,58.44,15
3550,2025-04-05,178,39,3,39.05,10
998,2024-09-23,233,16,5,22.92,0
247,2025-05-12,283,30,5,97.13,5
3871,2024-08-31,133,39,2,39.05,10
4270,2024-11-11,181,25,5,94.83,5
2813,2025-04-28,164,12,2,85.81,0
4284,2024-11-07,123,27,3,52.56,0
501,2025-06-17,202,25,5,94.83,0
510,2025-08-31,40,17,3,58.44,0
3486,2024-11-17,240,7,3,37.71,0
1186,2024-11-14,188,5,2,15.92,0
1166,2024-10-15,293,18,2,113.61,5
1285,2024-11-18,293,19,4,43.01,5
2413,2025-02-25,254,36,5,10.4,0
2156,2024-08-12,250,39,3,39.05,15
1007,2025-08-03,251,31,3,72.32,15
3779,2024-09-11,289,34,5,21.92,0
1614,2024-10-30,82,40,1,82.94,10
1385,2024-09-22,18,27,4,52.56,5
3039,2024-11-14,103,33,2,99.14,0
429,2025-05-08,229,15,4,43.35,0
1464,2024-08-19,221,32,5,106.66,15
1899,2025-07-14,194,21,2,97.59,15
437,2024-10-26,183,31,1,72.32,5
1349,2024-11-26,4,1,5,47.8,0
843,2024-04-30,76,18,4,113.61,15
2465,2025-04-05,281,30,4,97.13,0
2270,2024-11-18,210,40,2,82.94,0
2473,2025-04-14,262,14,2,62.21,10
737,2024-12-13,36,6,2,114.35,15
2319,2024-12-10,238,26,1,141.76,10
3280,2024-11-16,79,36,5,10.4,0
2737,2025-06-27,201,1,5,47.8,0
2541,2024-07-07,97,31,4,72.32,15
877,2025-07-24,258,34,4,21.92,0
2268,2025-03-06,177,8,5,103.07,15
386,2025-07-06,212,12,2,85.81,15
1214,2025-05-04,283,30,2,97.13,0
95,2024-10-22,262,19,5,43.01,0
3173,2025-07-23,211,29,3,98.91,15
260,2024-07-14,1,36,3,10.4,15
1866,2024-09-14,231,1,5,47.8,15
3057,2025-03-09,205,25,2,94.83,10
623,2025-09-10,216,38,4,21.84,0
4187,2024-05-11,249,10,2,62.62,0
1480,2025-05-01,229,7,4,37.71,5
4165,2025-06-19,89,36,2,10.4,5
2953,2024-09-10,153,7,5,37.71,5
3945,2024-07-14,42,1,2,47.8,0
4284,2024-11-07,123,3,5,121.61,0
2950,2024-11-20,217,10,2,62.62,15
1401,2025-02-16,56,18,3,113.61,0
991,2024-09-17,84,29,1,98.91,10
4394,2024-07-28,78,13,3,18.09,0
2973,2025-01-31,99,1,4,47.8,0
3104,2025-01-21,11,18,4,113.61,0
2276,2024-10-03,148,5,3,15.92,0
3942,2025-05-31,7,38,5,21.84,15
3258,2025-08-13,277,26,4,141.76,0
1655,2024-08-29,194,25,1,94.83,0
2743,2024-11-30,59,9,3,102.79,5
1540,2024-07-28,283,25,3,94.83,0
3998,2025-01-21,92,36,5,10.4,0
3739,2025-03-11,133,5,1,15.92,10
714,2024-11-06,185,28,2,93.46,10
421,2024-11-06,118,24,1,73.36,15
3287,2025-04-11,74,30,5,97.13,15
3324,2025-08-14,101,16,3,22.92,5
4056,2024-06-21,253,15,5,43.35,5
1879,2025-04-04,225,16,5,22.92,0
3103,2025-09-29,208,7,1,37.71,5
3916,2024-06-19,42,18,5,113.61,10
4067,2024-06-01,56,28,3,93.46,5
4350,2024-05-02,33,14,2,62.21,0
1299,2025-07-12,130,23,4,102.85,0
1434,2025-05-11,42,35,3,11.58,10
1463,2025-01-13,238,35,4,11.58,10
581,2024-11-12,245,13,5,18.09,5
3139,2025-02-23,288,6,1,114.35,15
2436,2024-11-14,300,25,1,94.83,0
733,2024-08-07,158,6,5,114.35,0
1291,2024-11-24,21,8,4,103.07,0
396,2024-12-02,297,18,2,113.61,0
1565,2025-09-23,150,38,2,21.84,10
2830,2025-08-17,150,37,3,149.41,15
3920,2024-04-30,58,3,4,121.61,5
952,2024-11-24,198,24,2,73.36,10
489,2025-03-05,167,32,1,106.66,0
377,2025-03-18,188,32,2,106.66,5
2505,2025-05-10,185,20,1,60.25,10
4121,2025-04-30,138,33,2,99.14,0
3750,2025-02-18,24,33,2,99.14,0
1670,2024-09-23,81,7,4,37.71,0
404,2025-01-08,300,26,2,141.76,0
1840,2025-07-05,84,16,1,22.92,0
4091,2025-02-14,270,6,1,114.35,15
2228,2025-02-28,9,18,4,113.61,5
1730,2025-05-27,88,28,3,93.46,15
586,2024-09-27,214,13,1,18.09,0
3503,2025-03-10,158,30,4,97.13,0
2462,2025-06-25,236,30,5,97.13,5
4335,2025-03-29,95,24,4,73.36,10
1336,2024-07-29,84,16,3,22.92,0
4211,2024-06-06,62,29,3,98.91,15
1250,2024-12-23,291,2,3,131.21,0
4390,2025-08-13,263,33,5,99.14,15
1485,2025-04-04,196,32,4,106.66,15
1048,2024-07-12,221,26,2,141.76,0
2836,2024-12-07,283,2,2,131.21,5
680,2025-01-30,161,22,1,58.86,5
258,2024-04-21,33,39,3,39.05,5
3247,2024-06-22,97,30,1,97.13,0
1846,2024-10-11,132,16,1,22.92,10
201,2024-05-18,194,12,3,85.81,0
2654,2025-04-10,265,34,4,21.92,5
3603,2024-11-23,9,34,3,21.92,0
2632,2024-11-23,125,9,1,102.79,0
1551,2024-04-18,282,27,1,52.56,0
302,2025-08-05,299,28,2,93.46,0
2573,2024-05-14,42,8,5,103.07,15
2567,2024-11-30,36,23,4,102.85,15
456,2024-12-08,92,19,2,43.01,5
4360,2025-06-29,148,20,5,60.25,0
3775,2025-09-17,198,22,3,58.86,0
3486,2024-11-17,240,6,5,114.35,15
3436,2024-04-14,150,27,1,52.56,15
3789,2024-08-06,148,3,2,121.61,15
2029,2024-09-22,63,2,5,131.21,0
1878,2024-12-21,214,5,2,15.92,15
4085,2024-05-21,194,19,1,43.01,5
3563,2024-11-15,122,16,5,22.92,10
2538,2024-08-29,130,38,5,21.84,15
3156,2024-12-19,110,1,3,47.8,0
2272,2024-12-09,189,8,3,103.07,0
1793,2024-11-16,194,40,2,82.94,15
4084,2024-11-05,94,3,4,121.61,0
400,2025-05-07,37,12,1,85.81,0
846,2024-11-25,67,25,1,94.83,10
1498,2025-09-24,251,26,5,141.76,10
199,2024-06-18,242,24,3,73.36,0
692,2025-05-31,253,36,3,10.4,15
3604,2024-11-23,282,29,5,98.91,0
975,2024-12-31,136,1,2,47.8,0
528,2025-04-03,171,6,4,114.35,0
1717,2025-02-09,191,38,1,21.84,0
3148,2024-05-03,242,37,3,149.41,15
2977,2025-04-12,263,15,1,43.35,5
3986,2024-12-18,71,38,2,21.84,10
2456,2024-06-07,273,9,1,102.79,0
3830,2025-05-12,218,16,3,22.92,15
3434,2025-05-02,56,19,1,43.01,0
958,2024-09-10,233,5,1,15.92,0
1182,2025-06-22,47,36,4,10.4,0
94,2024-07-12,148,31,1,72.32,10
1235,2024-12-06,56,32,1,106.66,10
1745,2025-07-16,210,8,4,103.07,0
1395,2025-08-14,289,21,5,97.59,0
491,2024-06-12,150,38,5,21.84,0
1340,2024-12-19,211,35,3,11.58,0
3795,2024-11-28,62,39,5,39.05,0
1656,2024-04-16,242,13,2,18.09,0
1330,2025-09-27,268,19,4,43.01,5
1906,2024-12-07,4,22,5,58.86,10
1394,2025-03-15,296,21,2,97.59,0
3551,2024-08-16,75,29,4,98.91,0
47,2025-05-30,28,25,3,94.83,0
2844,2024-10-12,161,31,1,72.32,0
2538,2024-08-29,130,16,1,22.92,5
3107,2024-04-05,124,15,5,43.35,0
628,2024-11-18,102,5,4,15.92,5
2793,2024-05-08,22,4,2,72.91,10
2170,2025-09-27,296,25,5,94.83,0
2952,2024-08-08,65,11,3,127.63,15
773,2025-07-20,92,31,4,72.32,15
3960,2024-08-12,142,19,5,43.01,15
1205,2025-03-20,43,24,3,73.36,5
4243,2025-04-09,173,15,2,43.35,15
2768,2024-12-22,226,8,5,103.07,0
734,2025-07-07,22,30,5,97.13,0
3721,2025-02-16,216,1,1,47.8,0
2536,2025-02-26,139,27,5,52.56,15
3596,2024-05-15,118,6,2,114.35,5
724,2024-05-25,214,33,5,99.14,0
3672,2025-01-30,279,35,2,11.58,5
1323,2024-07-09,273,39,5,39.05,0
2394,2025-07-04,4,25,4,94.83,0
3042,2024-05-27,64,23,3,102.85,0
3684,2025-06-22,273,38,4,21.84,5
1976,2024-08-27,20,38,1,21.84,0
1060,2024-10-12,299,31,3,72.32,10
3409,2025-05-05,144,11,3,127.63,0
1137,2024-12-27,127,32,1,106.66,5
2843,2025-08-21,136,24,2,73.36,0
1659,2025-05-06,200,4,1,72.91,5
3803,2024-11-04,130,14,1,62.21,0
444,2024-12-20,80,26,4,141.76,10
1042,2024-07-09,102,38,2,21.84,10
97,2024-07-19,102,34,3,21.92,0
2867,2025-03-02,176,37,5,149.41,0
1831,2024-08-27,113,22,3,58.86,0
711,2025-03-02,265,30,4,97.13,5
507,2024-06-19,264,22,5,58.86,5
999,2025-07-17,146,3,1,121.61,0
237,2024-12-28,146,16,4,22.92,10
2832,2024-11-21,291,3,5,121.61,5
1191,2025-07-06,258,35,5,11.58,5
4039,2025-01-19,100,32,3,106.66,5
3315,2025-01-13,207,16,1,22.92,5
1236,2025-06-15,58,40,3,82.94,5
1897,2025-08-26,137,14,5,62.21,0
3051,2025-02-16,288,33,4,99.14,5
3119,2024-10-10,132,26,5,141.76,10
1851,2024-04-02,242,7,5,37.71,0
3751,2025-07-29,253,31,5,72.32,5
2519,2025-03-10,10,19,1,43.01,5
3856,2025-06-03,48,11,2,127.63,0
2173,2024-07-04,282,17,2,58.44,10
631,2025-07-23,138,4,2,72.91,0
4247,2024-12-08,56,8,5,103.07,0
2965,2025-03-03,206,28,5,93.46,10
739,2025-03-03,9,1,4,47.8,0
3225,2024-12-24,62,1,1,47.8,0
351,2025-08-07,196,7,2,37.71,0
3754,2025-07-13,187,30,3,97.13,15
3078,2024-07-14,64,34,1,21.92,10
1160,2024-04-11,134,24,5,73.36,0
2716,2024-12-22,238,31,3,72.32,5
2462,2025-06-25,236,35,3,11.58,0
1865,2025-03-17,210,30,3,97.13,5
4163,2024-04-12,232,1,3,47.8,0
3162,2024-04-29,58,32,5,106.66,5
1213,2025-08-29,42,16,1,22.92,15
2259,2024-11-17,39,35,3,11.58,15
3827,2024-12-26,151,26,2,141.76,5
2548,2024-11-10,53,37,4,149.41,15
2364,2024-08-13,2,31,3,72.32,0
2163,2024-07-30,64,28,1,93.46,0
3375,2025-05-15,209,9,2,102.79,0
4317,2025-08-29,32,12,4,85.81,0
2118,2025-02-01,109,14,5,62.21,5
2161,2024-08-12,46,4,4,72.91,10
2688,2024-05-09,33,5,4,15.92,10
4083,2024-11-05,123,5,2,15.92,0
723,2025-02-11,288,36,1,10.4,0
3938,2024-06-02,131,24,4,73.36,10
1291,2024-11-24,21,17,5,58.44,0
1056,2024-05-09,49,12,5,85.81,10
3611,2024-08-29,44,4,5,72.91,15
1095,2024-07-18,218,33,3,99.14,0
4217,2024-12-16,22,33,4,99.14,0
3844,2024-04-25,14,12,4,85.81,5
4293,2024-05-09,176,20,4,60.25,15
71,2024-12-13,84,40,3,82.94,10
209,2024-08-12,119,26,2,141.76,0
2327,2025-02-25,105,6,1,114.35,10
354,2025-04-10,142,36,4,10.4,0
494,2025-05-21,36,39,4,39.05,0
1613,2024-05-13,249,31,1,72.32,5
36,2025-03-04,49,39,2,39.05,0
568,2025-09-28,150,24,1,73.36,5
229,2024-09-09,176,40,3,82.94,0
3179,2025-07-22,54,15,5,43.35,10
4179,2024-07-09,156,2,4,131.21,5
1218,2024-12-07,224,17,1,58.44,5
3688,2024-11-24,206,6,5,114.35,0
1057,2024-10-22,68,32,2,106.66,0
488,2025-07-24,50,30,5,97.13,0
168,2025-08-17,213,11,3,127.63,0
4231,2024-12-23,107,7,3,37.71,5
3845,2024-11-12,155,23,4,102.85,0
2357,2025-01-30,26,26,3,141.76,15
1254,2024-06-29,250,28,3,93.46,0
1837,2024-06-02,76,9,2,102.79,0
2848,2025-01-23,135,22,2,58.86,0
4216,2025-08-30,209,4,3,72.91,5
2752,2024-12-17,148,12,5,85.81,0
2794,2025-01-28,191,22,5,58.86,0
4331,2024-08-13,74,7,4,37.71,15
2910,2025-03-26,259,8,1,103.07,0
1793,2024-11-16,194,25,3,94.83,10
1979,2024-07-01,165,23,1,102.85,0
4218,2024-12-16,147,31,5,72.32,5
3750,2025-02-18,24,38,2,21.84,0
3941,2024-08-22,105,35,1,11.58,0
858,2025-06-19,77,26,1,141.76,5
3504,2024-10-05,278,28,5,93.46,15
282,2024-07-13,88,19,1,43.01,0
2616,2024-09-11,226,21,4,97.59,10
3015,2024-12-31,55,31,1,72.32,10
2403,2025-01-14,147,15,1,43.35,10
2490,2024-08-29,297,26,5,141.76,0
4280,2024-04-29,76,29,5,98.91,0
3929,2025-02-14,2,11,4,127.63,0
2360,2025-04-28,153,19,5,43.01,15
3968,2025-02-22,241,15,1,43.35,15
841,2025-08-01,52,19,5,43.01,10
4009,2024-12-06,261,34,3,21.92,15
3295,2024-12-13,258,4,3,72.91,0
2370,2024-06-12,88,3,4,121.61,0
2291,2024-04-14,64,11,3,127.63,0
3235,2025-03-18,255,30,3,97.13,10
3554,2025-01-17,170,36,3,10.4,15
2411,2024-05-28,231,17,3,58.44,15
1626,2024-10-16,294,8,1,103.07,0
2551,2025-01-06,274,19,1,43.01,10
3914,2025-06-12,101,35,5,11.58,0
2747,2024-09-08,281,7,5,37.71,0
4326,2024-04-17,64,18,4,113.61,0
1443,2025-08-13,45,35,4,11.58,15
1003,2024-09-22,36,24,1,73.36,15
162,2025-07-13,59,34,5,21.92,5
2574,2024-12-23,21,1,3,47.8,0
2461,2025-03-07,267,30,2,97.13,0
1368,2024-05-24,240,20,4,60.25,5
3347,2025-02-15,61,36,5,10.4,10
783,2025-07-24,237,21,4,97.59,0
3483,2025-03-15,267,6,3,114.35,0
3578,2024-08-18,127,32,4,106.66,0
1076,2025-01-12,41,34,5,21.92,0
2171,2025-08-05,133,16,5,22.92,10
4066,2024-10-25,172,38,4,21.84,0
3351,2024-11-05,155,35,3,11.58,5
1456,2024-12-29,125,31,5,72.32,0
1719,2024-10-26,211,36,3,10.4,0
4297,2025-01-04,209,16,3,22.92,0
3808,2025-08-29,235,23,3,102.85,0
360,2024-04-11,134,3,2,121.61,10
4233,2025-05-09,103,23,4,102.85,15
3421,2024-07-02,253,39,1,39.05,0
3574,2025-01-05,291,20,5,60.25,5
1966,2025-05-14,118,25,1,94.83,0
2209,2024-11-01,33,4,4,72.91,10
218,2025-06-11,89,14,3,62.21,5
67,2025-02-11,204,37,4,149.41,15
1470,2025-03-16,75,5,5,15.92,5
3991,2024-04-07,33,24,5,73.36,5
4341,2024-07-30,282,12,2,85.81,0
470,2024-06-09,157,33,1,99.14,0
2198,2025-03-31,84,17,1,58.44,5
4035,2024-06-29,59,25,1,94.83,15
4124,2024-06-26,92,22,1,58.86,0
35,2024-09-10,146,25,5,94.83,0
2496,2025-09-08,49,19,1,43.01,15
3944,2024-05-08,213,1,3,47.8,5
3208,2024-06-15,291,15,1,43.35,15
612,2025-01-05,205,26,4,141.76,0
2881,2025-09-22,68,17,1,58.44,5
1209,2024-09-30,62,36,4,10.4,10
4349,2024-07-22,280,17,3,58.44,5
858,2025-06-19,77,16,4,22.92,0
2249,2025-04-15,251,7,5,37.71,0
648,2025-09-11,67,29,5,98.91,0
897,2025-06-14,102,7,2,37.71,10
3309,2024-10-28,263,16,5,22.92,0
3996,2024-06-18,231,3,4,121.61,0
3351,2024-11-05,155,31,4,72.32,10
27,2024-12-06,242,6,3,114.35,0
2563,2025-08-16,195,39,1,39.05,15
3083,2024-10-16,147,21,2,97.59,5
4393,2025-05-05,249,1,4,47.8,0
1174,2024-11-02,227,19,3,43.01,0
1578,2024-07-11,96,26,5,141.76,0
1071,2025-06-23,61,22,1,58.86,10
3841,2025-01-16,34,10,3,62.62,0
3666,2024-07-15,242,38,3,21.84,0
1847,2025-09-05,25,18,2,113.61,0
1142,2025-05-22,3,32,2,106.66,0
2304,2025-06-05,17,17,1,58.44,0
2377,2024-12-08,7,21,5,97.59,0
1708,2025-09-20,50,28,3,93.46,0
1628,2024-11-08,42,15,1,43.35,0
940,2024-06-01,274,39,2,39.05,10
4373,2024-06-11,59,31,4,72.32,5
3266,2025-03-13,96,10,1,62.62,15
899,2025-04-25,209,28,1,93.46,0
584,2025-05-31,227,27,2,52.56,0
2281,2024-08-22,110,24,5,73.36,0
3366,2025-06-25,210,27,4,52.56,0
2198,2025-03-31,84,37,3,149.41,0
4386,2024-11-06,101,37,5,149.41,0
1759,2024-08-06,7,26,4,141.76,0
2073,2025-04-02,199,7,5,37.71,0
2289,2024-09-10,74,23,1,102.85,10
2970,2024-08-24,264,1,2,47.8,0
2731,2025-06-19,195,23,1,102.85,10
2322,2025-05-30,105,40,3,82.94,15
2187,2024-09-27,80,28,1,93.46,0
2321,2024-04-17,242,28,5,93.46,0
3490,2025-08-11,132,38,3,21.84,0
3118,2024-08-03,102,2,5,131.21,10
1874,2024-06-28,221,19,5,43.01,5
2971,2024-08-20,158,1,1,47.8,5
137,2024-11-03,46,11,5,127.63,0
1969,2024-12-31,220,6,2,114.35,10
663,2024-09-15,295,8,5,103.07,5
3834,2024-07-02,1,32,5,106.66,0
3002,2025-07-02,279,12,2,85.81,0
9,2025-09-08,56,33,5,99.14,0
3845,2024-11-12,155,29,4,98.91,0
2752,2024-12-17,148,1,4,47.8,15
802,2024-05-24,221,4,4,72.91,0
1535,2024-10-19,153,30,5,97.13,10
2877,2024-10-06,220,10,4,62.62,10
3385,2025-07-19,81,21,5,97.59,5
3208,2024-06-15,291,16,5,22.92,15
4232,2024-12-23,20,22,1,58.86,15
4359,2024-07-10,19,21,5,97.59,0
1884,2024-07-19,15,20,2,60.25,0
4069,2024-12-03,178,4,3,72.91,15
3887,2024-12-10,299,6,2,114.35,0
1071,2025-06-23,61,23,4,102.85,0
2763,2025-04-25,7,33,4,99.14,5
4322,2024-10-24,144,26,3,141.76,0
4185,2025-08-16,263,14,1,62.21,0
320,2025-05-23,199,2,5,131.21,0
3933,2024-12-28,297,37,3,149.41,0
552,2024-08-09,18,18,2,113.61,0
2996,2024-04-29,164,15,5,43.35,0
2710,2025-07-02,288,23,1,102.85,0
794,2024-10-01,238,37,5,149.41,0
2920,2025-04-15,204,19,1,43.01,5
262,2025-02-22,72,32,3,106.66,0
3515,2025-03-27,1,12,1,85.81,15
3560,2025-03-11,187,12,2,85.81,0
2045,2025-06-07,210,11,1,127.63,0
2193,2025-07-08,2,25,3,94.83,0
25,2025-05-12,22,2,5,131.21,5
2839,2025-05-02,168,28,5,93.46,0
3627,2024-05-08,165,14,3,62.21,5
3919,2025-03-10,209,26,1,141.76,10
1880,2025-06-20,20,13,3,18.09,0
1062,2024-05-23,221,15,3,43.35,0
2476,2024-09-06,240,9,5,102.79,0
4241,2024-12-12,234,5,4,15.92,0
2264,2024-05-18,64,5,3,15.92,0
2108,2025-02-01,135,18,2,113.61,10
344,2024-09-18,99,26,1,141.76,15
1220,2024-08-06,56,17,1,58.44,15
3874,2024-11-04,210,26,1,141.76,5
2723,2024-12-06,17,35,4,11.58,5
490,2024-08-09,281,26,1,141.76,0
3035,2024-11-28,30,20,3,60.25,0
3572,2024-11-25,237,10,5,62.62,0
1197,2025-08-19,221,40,4,82.94,0
1254,2024-06-29,250,40,3,82.94,5
355,2025-03-19,204,8,4,103.07,15
3246,2025-07-02,157,12,5,85.81,0
715,2024-08-09,272,9,2,102.79,5
3151,2025-03-24,77,31,1,72.32,10
835,2024-05-13,58,34,4,21.92,10
4120,2024-10-19,137,30,2,97.13,0
3169,2024-04-20,134,17,3,58.44,10
2466,2024-04-03,134,6,5,114.35,0
1049,2024-08-02,165,20,2,60.25,5
1047,2025-06-24,64,16,3,22.92,0
1246,2024-12-19,265,18,2,113.61,0
2371,2024-04-01,242,29,1,98.91,0
1812,2025-02-03,70,34,2,21.92,0
3619,2024-10-02,4,28,2,93.46,5
1242,2024-09-08,82,40,5,82.94,5
3158,2024-08-23,255,39,1,39.05,5
1089,2024-09-26,58,15,1,43.35,15
3722,2024-05-27,221,23,3,102.85,0
3737,2024-12-08,150,30,2,97.13,15
1819,2024-07-12,37,33,5,99.14,15
3403,2025-08-16,127,28,4,93.46,0
2082,2025-02-09,246,20,3,60.25,10
1895,2024-08-29,20,5,4,15.92,10
487,2025-07-01,183,35,1,11.58,15
1813,2025-01-06,286,4,3,72.91,5
1265,2025-04-25,216,23,3,102.85,0
3491,2024-04-25,296,32,5,106.66,0
3885,2024-11-27,57,2,5,131.21,15
2428,2025-08-29,156,19,1,43.01,15
905,2025-03-18,155,10,3,62.62,10
2613,2024-07-31,176,23,1,102.85,0
3680,2025-08-19,219,4,1,72.91,5
375,2025-02-18,5,14,4,62.21,10
3423,2024-11-14,260,35,4,11.58,15
2253,2024-10-06,250,18,4,113.61,10
866,2025-09-29,228,37,3,149.41,10
96,2024-05-09,81,26,1,141.76,0
1679,2025-03-15,252,28,2,93.46,10
298,2025-06-18,300,38,3,21.84,10
2871,2024-08-09,88,39,2,39.05,0
442,2025-02-07,171,2,5,131.21,0
3324,2025-08-14,101,13,1,18.09,0
1451,2025-06-07,35,6,3,114.35,15
1087,2024-10-01,170,30,4,97.13,0
300,2024-12-11,300,14,3,62.21,15
346,2025-05-26,74,33,3,99.14,5
939,2025-07-26,72,27,1,52.56,0
2886,2025-03-14,253,17,5,58.44,5
400,2025-05-07,37,25,1,94.83,0
2904,2025-07-31,172,15,2,43.35,0
1299,2025-07-12,130,18,3,113.61,0
4222,2025-06-17,238,32,2,106.66,5
2306,2024-09-20,108,20,1,60.25,5
620,2024-04-28,291,28,1,93.46,15
2946,2024-10-16,213,5,3,15.92,0
957,2024-05-29,232,36,2,10.4,0
862,2024-04-21,249,38,5,21.84,15
1699,2025-03-12,248,25,2,94.83,5
3364,2025-06-01,223,11,4,127.63,15
226,2024-07-02,22,39,1,39.05,10
4091,2025-02-14,270,27,3,52.56,5
531,2024-12-01,282,5,5,15.92,5
3141,2024-07-10,274,2,4,131.21,0
578,2024-08-27,205,10,5,62.62,0
671,2024-06-12,297,6,2,114.35,5
2326,2024-09-11,204,36,2,10.4,5
485,2024-06-12,156,35,2,11.58,0
1669,2025-07-09,119,9,3,102.79,0
1850,2025-06-18,200,1,2,47.8,0
1445,2024-04-29,232,5,3,15.92,15
1208,2025-08-16,121,9,4,102.79,0
3215,2024-12-13,252,1,4,47.8,5
4072,2025-07-25,13,36,3,10.4,5
1177,2024-07-12,64,20,5,60.25,0
3113,2024-10-02,145,8,2,103.07,10
2868,2024-06-17,76,8,5,103.07,0
3988,2024-07-24,54,17,5,58.44,15
1471,2024-10-11,296,30,5,97.13,10
2602,2024-11-18,13,9,2,102.79,15
433,2024-12-29,221,6,3,114.35,0
3253,2025-04-04,210,16,4,22.92,0
3800,2025-08-09,95,10,2,62.62,0
2425,2024-12-08,118,28,4,93.46,5
702,2025-05-17,85,4,5,72.91,0
1418,2024-11-06,285,4,5,72.91,0
4168,2025-09-16,129,12,3,85.81,10
1531,2024-05-21,15,12,4,85.81,15
1949,2024-10-17,41,20,4,60.25,10
760,2024-08-27,24,36,3,10.4,0
266,2024-12-23,154,31,1,72.32,5
2259,2024-11-17,39,11,1,127.63,0
2685,2024-04-25,296,10,2,62.62,15
223,2024-05-28,242,25,2,94.83,0
3046,2024-07-03,89,23,3,102.85,0
706,2025-02-14,267,11,5,127.63,0
2760,2024-09-21,134,12,5,85.81,15
1167,2024-10-21,239,12,5,85.81,0
2431,2024-04-03,134,1,2,47.8,15
1149,2025-07-30,6,12,1,85.81,0
1480,2025-05-01,229,15,1,43.35,5
1206,2025-07-23,16,40,2,82.94,10
2546,2024-12-25,214,37,4,149.41,15
2992,2025-06-28,226,30,2,97.13,5
1264,2025-04-02,163,6,1,114.35,5
356,2024-11-06,162,22,2,58.86,5
2632,2024-11-23,125,5,4,15.92,15
1457,2024-08-09,281,5,5,15.92,0
974,2025-07-10,283,13,4,18.09,0
3234,2024-11-03,260,39,4,39.05,0
2873,2025-07-28,99,19,2,43.01,0
4290,2025-04-14,31,38,1,21.84,10
4116,2024-07-16,56,36,1,10.4,10
3298,2024-06-10,88,39,4,39.05,15
1643,2024-07-21,164,36,3,10.4,0
2442,2025-03-04,280,5,1,15.92,5
1782,2025-09-10,236,7,4,37.71,0
3345,2024-06-26,213,28,3,93.46,0
2003,2024-09-06,92,36,3,10.4,0
177,2024-04-03,242,30,3,97.13,0
574,2024-08-30,156,40,2,82.94,0
1282,2025-08-30,94,10,5,62.62,0
3239,2024-11-01,61,16,5,22.92,0
1925,2025-05-31,38,25,5,94.83,0
2604,2025-07-20,278,8,2,103.07,10
1146,2024-09-22,243,27,3,52.56,15
797,2025-07-17,196,3,2,121.61,0
3661,2024-12-16,45,13,4,18.09,0
2932,2024-12-25,141,20,3,60.25,15
2608,2025-08-12,44,1,1,47.8,15
39,2024-04-19,157,12,4,85.81,0
997,2024-11-04,21,4,1,72.91,5
4277,2025-02-17,103,24,2,73.36,15
972,2025-06-21,196,28,1,93.46,0
14,2024-08-04,240,19,5,43.01,10
3021,2024-06-11,81,31,4,72.32,15
3454,2024-09-02,295,7,2,37.71,0
2627,2025-05-01,241,29,2,98.91,0
3825,2024-12-20,100,2,1,131.21,10
2569,2025-09-16,270,25,5,94.83,10
2482,2024-11-14,161,18,3,113.61,0
1361,2025-04-01,104,14,1,62.21,0
2423,2025-03-03,138,25,4,94.83,10
2849,2024-08-12,219,30,2,97.13,0
10,2025-06-11,56,29,5,98.91,0
1931,2025-05-26,71,18,1,113.61,10
2105,2025-09-15,65,38,1,21.84,0
2353,2024-09-06,246,21,4,97.59,5
1032,2024-09-14,119,5,3,15.92,10
2862,2024-11-18,255,35,4,11.58,5
3230,2025-01-21,290,11,1,127.63,0
180,2024-07-11,241,11,2,127.63,15
4163,2024-04-12,232,24,5,73.36,5
1376,2024-08-03,18,13,2,18.09,0
1835,2024-06-07,273,36,3,10.4,0
877,2025-07-24,258,18,2,113.61,0
2152,2025-05-23,58,36,2,10.4,5
3554,2025-01-17,170,19,4,43.01,5
2196,2025-09-05,156,10,2,62.62,0
1162,2025-07-27,233,35,2,11.58,15
1330,2025-09-27,268,35,2,11.58,5
1649,2024-12-11,81,7,3,37.71,10
2033,2025-05-24,89,28,3,93.46,10
1581,2025-01-04,103,39,4,39.05,5
748,2024-11-16,14,35,4,11.58,0
87,2024-04-20,232,27,4,52.56,10
2841,2025-06-06,46,29,3,98.91,0
1607,2024-06-27,241,37,3,149.41,5
844,2024-08-18,264,6,5,114.35,0
2,2025-01-12,17,29,3,98.91,10
2488,2025-05-27,243,15,1,43.35,0
216,2025-06-29,66,22,1,58.86,0
1944,2025-01-12,91,30,1,97.13,5
3442,2025-03-20,100,7,4,37.71,0
3731,2024-11-20,60,29,5,98.91,10
1425,2024-12-26,46,30,5,97.13,0
1136,2024-12-27,299,28,4,93.46,0
3200,2025-01-16,215,17,5,58.44,0
416,2024-10-31,215,4,1,72.91,10
398,2024-07-14,96,1,4,47.8,0
1770,2024-10-21,231,39,2,39.05,5
2710,2025-07-02,288,15,1,43.35,15
1872,2024-05-25,214,3,1,121.61,5
3817,2024-12-29,159,26,3,141.76,5
4120,2024-10-19,137,5,5,15.92,0
3880,2024-12-03,142,27,3,52.56,0
2735,2024-07-20,134,13,4,18.09,0
593,2025-09-13,145,22,5,58.86,0
4097,2024-12-17,8,1,3,47.8,0
3532,2024-12-30,22,14,1,62.21,5
584,2025-05-31,227,11,2,127.63,10
4172,2025-06-28,38,3,3,121.61,0
1994,2024-08-18,56,30,4,97.13,0
698,2025-01-25,227,24,4,73.36,0
903,2025-04-06,271,14,2,62.21,15
2149,2024-04-27,240,40,1,82.94,0
2998,2024-12-05,273,3,4,121.61,0
2993,2024-11-15,154,5,2,15.92,10
339,2024-12-26,130,15,3,43.35,5
4149,2024-04-25,176,33,1,99.14,5
3996,2024-06-18,231,32,2,106.66,0
310,2025-04-02,38,15,5,43.35,0
1454,2024-10-25,51,26,5,141.76,0
2930,2024-08-05,176,19,1,43.01,15
2410,2024-10-01,96,16,5,22.92,0
1841,2025-08-25,16,37,1,149.41,15
397,2024-12-02,61,32,1,106.66,0
875,2024-10-03,128,9,2,102.79,15
3934,2024-12-28,286,20,1,60.25,0
2089,2025-09-24,25,39,4,39.05,0
1757,2024-04-23,249,19,1,43.01,0
1009,2024-12-05,119,14,4,62.21,5
3276,2025-03-05,181,2,5,131.21,0
208,2024-07-07,201,5,1,15.92,5
4313,2025-03-27,98,10,3,62.62,5
2626,2025-08-13,94,23,3,102.85,15
2829,2024-12-23,187,28,1,93.46,10
3576,2024-12-20,176,26,5,141.76,0
3136,2024-07-14,63,16,5,22.92,10
1315,2025-06-16,69,35,2,11.58,10
1881,2025-02-05,91,15,4,43.35,0
3908,2024-12-22,263,11,4,127.63,5
1403,2025-08-02,189,21,5,97.59,0
1886,2025-04-15,120,6,2,114.35,0
312,2025-07-31,288,8,3,103.07,5
1397,2024-12-29,183,36,4,10.4,0
4320,2025-07-04,229,40,3,82.94,5
1637,2025-08-31,76,16,4,22.92,0
805,2024-09-19,20,36,1,10.4,0
3664,2025-04-18,243,4,3,72.91,10
3101,2024-11-26,35,23,4,102.85,5
3389,2025-05-11,224,30,3,97.13,10
3587,2024-12-26,98,37,4,149.41,5
1271,2025-07-20,213,20,5,60.25,0
2644,2024-12-24,192,37,2,149.41,0
1127,2024-11-27,180,17,1,58.44,0
3851,2024-08-13,22,8,2,103.07,5
2183,2025-03-06,55,27,1,52.56,15
2667,2024-10-16,102,32,3,106.66,15
715,2024-08-09,272,34,2,21.92,10
3534,2024-10-29,280,9,5,102.79,10
4195,2025-03-19,174,9,1,102.79,5
1239,2025-02-21,261,5,5,15.92,0
2474,2024-04-24,98,31,4,72.32,0
3572,2024-11-25,237,31,3,72.32,0
4296,2024-05-10,282,23,2,102.85,0
1340,2024-12-19,211,19,1,43.01,5
1922,2025-03-10,25,17,1,58.44,0
450,2024-11-23,133,23,4,102.85,0
4244,2025-02-25,285,1,2,47.8,0
1665,2024-05-30,220,9,2,102.79,0
3396,2024-07-03,7,30,4,97.13,15
2465,2025-04-05,281,18,3,113.61,10
4264,2024-04-30,22,38,3,21.84,0
4378,2025-06-15,18,7,1,37.71,0
3100,2024-12-28,209,5,1,15.92,0
2525,2025-02-09,108,37,2,149.41,0
423,2024-04-23,176,3,2,121.61,0
848,2025-02-18,75,32,3,106.66,0
1468,2025-02-23,105,12,5,85.81,15
671,2024-06-12,297,12,4,85.81,5
2920,2025-04-15,204,33,1,99.14,5
872,2025-05-22,34,22,1,58.86,0
2772,2024-10-27,243,1,1,47.8,0
1556,2024-12-21,39,20,3,60.25,0
2735,2024-07-20,134,29,3,98.91,5
3270,2025-03-14,272,38,1,21.84,0
1738,2025-03-24,108,12,1,85.81,0
2054,2025-09-03,115,30,4,97.13,0
4051,2024-12-09,294,25,5,94.83,10
4372,2024-05-29,221,19,3,43.01,15
1606,2024-04-27,92,21,5,97.59,15
2229,2024-12-22,82,33,3,99.14,5
142,2025-02-10,228,9,5,102.79,10
648,2025-09-11,67,21,3,97.59,0
718,2025-08-11,15,38,3,21.84,0
3950,2024-12-24,45,17,4,58.44,0
3947,2025-08-06,85,33,2,99.14,0
953,2024-06-16,67,7,5,37.71,0
2351,2025-02-12,291,17,4,58.44,10
4291,2025-03-18,188,15,3,43.35,0
4335,2025-03-29,95,26,2,141.76,5
2686,2024-05-29,296,16,4,22.92,15
2958,2025-06-14,263,35,3,11.58,5
4098,2024-12-17,16,7,2,37.71,0
2748,2024-08-08,213,14,2,62.21,15
3282,2024-10-29,154,13,4,18.09,0
4169,2024-04-21,76,11,1,127.63,5
3806,2024-04-26,282,18,1,113.61,0
680,2025-01-30,161,17,5,58.44,0
2202,2024-04-19,157,7,1,37.71,0
1977,2025-08-11,194,19,3,43.01,5
2811,2024-06-06,98,21,1,97.59,15
4258,2025-06-24,153,15,2,43.35,10
102,2024-11-28,232,19,2,43.01,0
2585,2024-11-15,6,15,1,43.35,15
462,2024-04-06,282,38,5,21.84,10
1212,2025-05-26,97,40,2,82.94,0
2080,2025-06-21,245,21,2,97.59,0
953,2024-06-16,67,20,2,60.25,0
3332,2024-07-01,221,2,3,131.21,15
3407,2025-08-28,122,18,1,113.61,10
3819,2025-06-21,160,5,5,15.92,10
471,2024-04-30,76,22,4,58.86,0
2885,2025-07-11,26,10,4,62.62,0
3020,2024-10-05,108,11,5,127.63,0
1969,2024-12-31,220,2,5,131.21,15
1918,2024-11-21,165,34,4,21.92,0
1596,2024-09-24,237,21,1,97.59,0
1334,2024-05-24,249,34,1,21.92,5
1555,2024-12-21,201,18,4,113.61,0
4126,2025-04-30,49,13,3,18.09,0
2283,2024-04-08,124,25,5,94.83,10
1155,2024-08-29,63,31,3,72.32,0
1126,2024-11-27,15,33,5,99.14,0
74,2025-06-25,213,22,3,58.86,5
585,2025-02-05,244,5,1,15.92,0
1584,2025-05-26,23,27,1,52.56,0
1012,2025-07-08,263,26,1,141.76,0
4012,2025-07-10,192,19,1,43.01,0
1829,2024-10-14,295,11,1,127.63,15
67,2025-02-11,204,34,2,21.92,0
1851,2024-04-02,242,40,1,82.94,10
4324,2024-04-16,157,20,2,60.25,10
2150,2025-07-07,88,6,2,114.35,10
3380,2024-08-24,91,29,2,98.91,0
2972,2024-04-26,295,18,2,113.61,0
3223,2024-06-26,253,40,5,82.94,15
3951,2024-12-09,290,38,5,21.84,15
3209,2024-09-09,240,10,1,62.62,5
1988,2025-01-17,116,17,5,58.44,0
4229,2024-04-11,249,4,4,72.91,0
4069,2024-12-03,178,21,2,97.59,10
1049,2024-08-02,165,38,1,21.84,0
857,2024-08-30,166,4,1,72.91,0
1894,2024-07-06,82,40,3,82.94,0
575,2024-09-05,71,3,2,121.61,5
550,2025-05-28,103,15,4,43.35,0
3070,2024-05-03,164,37,5,149.41,10
1274,2024-10-07,275,38,2,21.84,0
2709,2024-05-11,22,3,2,121.61,0
2238,2025-05-09,271,12,4,85.81,5
2261,2025-03-06,88,20,5,60.25,15
3471,2025-03-31,283,33,2,99.14,0
3035,2024-11-28,30,27,5,52.56,5
1958,2024-12-25,277,31,3,72.32,0
1645,2024-11-04,76,4,1,72.91,10
634,2025-02-12,238,3,3,121.61,0
1536,2025-01-23,276,22,4,58.86,5
558,2024-07-02,7,37,4,149.41,0
1580,2024-10-16,64,20,4,60.25,0
969,2024-11-08,109,37,3,149.41,0
951,2024-11-24,125,33,5,99.14,15
1677,2025-09-08,88,1,1,47.8,5
3639,2024-09-17,53,15,4,43.35,10
2242,2025-05-08,120,22,3,58.86,0
2339,2025-09-11,260,37,3,149.41,0
3791,2024-10-24,294,28,1,93.46,5
366,2024-12-13,238,22,1,58.86,0
3760,2025-09-26,133,10,5,62.62,0
4156,2024-05-27,291,26,2,141.76,0
1250,2024-12-23,291,9,4,102.79,15
2490,2024-08-29,297,7,2,37.71,15
670,2024-08-11,104,19,3,43.01,0
1225,2024-08-10,75,15,2,43.35,10
4368,2024-08-04,51,30,1,97.13,0
3253,2025-04-04,210,4,5,72.91,0
2454,2024-09-05,88,12,5,85.81,15
1732,2025-04-08,126,21,3,97.59,0
1915,2024-09-06,214,33,1,99.14,10
1092,2025-09-06,40,21,4,97.59,0
4321,2025-07-02,235,38,3,21.84,0
3849,2024-12-17,118,37,4,149.41,0
284,2024-09-22,124,40,3,82.94,0
4252,2024-11-21,118,10,5,62.62,0
4288,2025-02-28,271,32,5,106.66,0
2031,2025-01-18,60,21,4,97.59,0
2166,2025-04-21,128,26,5,141.76,0
385,2025-02-16,163,18,3,113.61,5
2158,2025-05-20,147,28,4,93.46,0
3386,2025-04-07,105,34,5,21.92,0
1949,2024-10-17,41,15,1,43.35,5
2522,2024-12-19,274,9,1,102.79,0
1577,2024-11-12,161,8,3,103.07,10
1366,2024-08-17,137,13,5,18.09,5
3532,2024-12-30,22,2,3,131.21,5
171,2024-11-10,144,29,5,98.91,15
2984,2024-11-20,299,22,3,58.86,10
3953,2024-11-22,15,31,5,72.32,0
2636,2025-09-25,69,19,4,43.01,10
3526,2025-08-24,211,32,3,106.66,0
1387,2024-08-31,174,28,2,93.46,0
3498,2025-04-26,237,29,5,98.91,15
4369,2024-08-07,248,15,5,43.35,15
4385,2024-11-06,152,6,1,114.35,10
1901,2025-02-15,131,12,4,85.81,10
89,2024-09-25,176,35,5,11.58,5
3149,2025-09-06,239,8,5,103.07,10
1401,2025-02-16,56,13,5,18.09,0
1692,2025-09-27,163,26,2,141.76,15
1048,2024-07-12,221,24,1,73.36,5
1759,2024-08-06,7,37,5,149.41,0
4192,2025-04-17,196,12,5,85.81,5
3071,2024-10-31,188,26,5,141.76,5
3914,2025-06-12,101,5,2,15.92,0
2116,2025-02-17,179,16,4,22.92,0
521,2024-11-09,41,17,4,58.44,15
2638,2024-06-05,221,1,2,47.8,10
4251,2025-04-21,100,22,4,58.86,0
3941,2024-08-22,105,20,4,60.25,0
1472,2024-12-29,27,31,1,72.32,0
3367,2025-01-01,175,21,4,97.59,5
3746,2024-06-01,157,18,5,113.61,10
4199,2024-08-05,242,37,4,149.41,15
1453,2025-04-18,286,5,1,15.92,10
259,2025-07-15,130,30,5,97.13,10
4058,2024-05-31,295,29,3,98.91,0
1867,2024-09-12,289,16,1,22.92,5
1156,2025-09-06,226,20,4,60.25,5
2442,2025-03-04,280,25,1,94.83,15
131,2025-08-08,250,1,5,47.8,10
2565,2025-01-19,87,8,1,103.07,0
702,2025-05-17,85,10,5,62.62,0
3808,2025-08-29,235,31,3,72.32,10
399,2025-03-17,216,24,1,73.36,0
1093,2025-06-11,145,2,5,131.21,0
4305,2024-06-01,184,15,1,43.35,0
914,2024-11-11,228,12,5,85.81,15
2350,2025-06-13,20,26,5,141.76,5
281,2024-10-30,227,16,4,22.92,0
939,2025-07-26,72,22,1,58.86,0
743,2024-07-02,265,15,1,43.35,0
3702,2025-05-18,83,4,3,72.91,10
3188,2025-02-11,112,14,4,62.21,5
3047,2025-07-26,57,23,2,102.85,0
1203,2025-01-20,236,39,4,39.05,10
3860,2024-05-15,19,9,4,102.79,5
349,2024-07-05,200,35,4,11.58,10
3165,2024-12-07,90,4,5,72.91,0
1621,2025-05-05,150,24,3,73.36,0
1132,2024-09-13,150,27,2,52.56,0
3963,2025-04-07,166,32,2,106.66,0
1529,2024-08-30,50,10,3,62.62,10
1826,2025-02-27,130,3,3,121.61,0
2672,2025-07-14,103,9,5,102.79,0
1921,2024-08-13,65,9,2,102.79,10
1548,2025-03-17,83,31,1,72.32,0
1574,2025-05-29,57,10,2,62.62,5
3055,2024-05-10,131,16,4,22.92,15
2371,2024-04-01,242,28,4,93.46,0
2154,2024-07-05,274,22,2,58.86,15
3134,2025-06-19,141,16,2,22.92,0
3685,2025-02-21,95,36,5,10.4,0
1125,2024-09-28,176,26,4,141.76,15
3199,2025-02-27,16,7,2,37.71,15
5,2024-11-25,190,1,2,47.8,10
2727,2024-10-07,206,20,2,60.25,0
2261,2025-03-06,88,36,4,10.4,0
3992,2025-04-10,170,32,5,106.66,10
827,2024-06-22,240,28,4,93.46,0
2823,2024-11-01,13,36,5,10.4,10
1822,2025-05-24,135,28,2,93.46,15
624,2024-07-10,190,14,3,62.21,5
3326,2025-05-08,119,26,5,141.76,5
376,2024-07-13,116,40,5,82.94,0
842,2025-07-23,87,31,2,72.32,15
1001,2024-05-19,157,8,2,103.07,0
3012,2025-08-19,73,36,4,10.4,10
2373,2025-04-01,46,35,4,11.58,0
804,2024-12-12,183,15,2,43.35,15
692,2025-05-31,253,16,1,22.92,0
2856,2024-11-24,183,31,5,72.32,5
4310,2025-08-10,220,39,2,39.05,5
1939,2025-02-25,191,20,1,60.25,5
437,2024-10-26,183,36,2,10.4,15
3342,2024-12-22,10,34,3,21.92,0
235,2024-04-21,240,5,2,15.92,15
4312,2024-12-09,65,28,1,93.46,0
1411,2024-08-19,241,21,1,97.59,10
3704,2025-06-02,153,6,1,114.35,10
1593,2024-04-08,64,12,2,85.81,0
1184,2025-05-15,168,28,5,93.46,0
2037,2025-08-25,206,7,3,37.71,0
919,2024-04-13,64,2,2,131.21,0
4114,2024-12-19,189,26,3,141.76,10
3441,2024-12-21,240,28,5,93.46,0
106,2024-10-28,239,29,4,98.91,10
3459,2025-02-13,152,21,1,97.59,0
3799,2024-09-10,194,32,3,106.66,5
129,2024-12-08,297,34,2,21.92,0
1412,2025-05-30,282,3,2,121.61,10
95,2024-10-22,262,4,5,72.91,15
3972,2025-09-21,254,29,5,98.91,0
449,2024-10-10,39,12,5,85.81,10
1871,2025-06-12,42,24,2,73.36,5
3224,2024-12-24,289,34,4,21.92,0
1350,2024-11-26,11,19,4,43.01,10
1724,2025-05-31,135,14,5,62.21,0
1372,2024-12-24,287,32,3,106.66,0
3023,2025-04-21,186,20,1,60.25,0
1019,2024-07-27,18,37,3,149.41,0
704,2024-08-29,182,29,1,98.91,10
2374,2024-06-15,295,23,1,102.85,0
1507,2025-07-16,178,24,1,73.36,5
3242,2024-06-18,112,8,4,103.07,15
391,2025-01-04,281,35,5,11.58,5
783,2025-07-24,237,6,4,114.35,15
272,2024-12-11,24,30,3,97.13,5
2504,2024-04-28,282,14,3,62.21,0
3221,2025-05-17,194,31,1,72.32,0
692,2025-05-31,253,14,3,62.21,0
658,2024-05-17,3,33,3,99.14,5
2482,2024-11-14,161,17,5,58.44,10
2595,2024-10-06,89,12,5,85.81,0
1679,2025-03-15,252,16,1,22.92,0
3308,2024-05-07,165,8,2,103.07,15
4244,2025-02-25,285,13,2,18.09,10
2316,2024-09-18,231,1,5,47.8,0
1719,2024-10-26,211,12,5,85.81,10
1035,2024-05-03,157,16,4,22.92,0
426,2024-07-07,241,3,1,121.61,0
2498,2024-12-18,66,16,3,22.92,15
3743,2024-12-28,71,27,5,52.56,10
1627,2024-07-06,296,30,2,97.13,0
1909,2024-08-08,1,6,5,114.35,0
414,2024-05-03,67,32,2,106.66,0
2854,2025-05-19,176,40,2,82.94,15
2768,2024-12-22,226,29,4,98.91,0
3576,2024-12-20,176,20,1,60.25,0
1680,2024-11-21,272,32,5,106.66,10
538,2024-06-04,63,11,2,127.63,10
3822,2024-09-22,232,15,1,43.35,0
1190,2025-02-21,66,30,4,97.13,0
489,2025-03-05,167,31,3,72.32,10
2051,2024-10-29,294,27,5,52.56,5
1378,2025-08-01,102,12,4,85.81,0
730,2025-02-26,133,16,4,22.92,0
3845,2024-11-12,155,22,4,58.86,0
3911,2025-08-23,84,39,2,39.05,10
4130,2025-08-28,260,5,4,15.92,0
2571,2025-07-07,179,14,2,62.21,0
1275,2025-06-07,192,38,4,21.84,15
1357,2024-09-08,278,29,2,98.91,0
1139,2024-11-24,98,32,2,106.66,0
3319,2024-12-12,265,19,5,43.01,0
2535,2025-01-30,53,31,4,72.32,15
3528,2025-09-26,138,15,3,43.35,5
4111,2024-08-07,104,4,4,72.91,10
172,2025-03-26,220,40,2,82.94,0
3928,2025-07-09,208,31,2,72.32,0
2906,2025-07-13,142,5,3,15.92,10
3563,2024-11-15,122,5,5,15.92,0
2260,2024-11-17,14,37,2,149.41,5
4028,2024-08-19,243,9,1,102.79,10
4167,2025-07-02,186,38,2,21.84,5
2456,2024-06-07,273,37,3,149.41,0
3197,2024-12-14,39,20,5,60.25,0
178,2025-09-30,204,14,3,62.21,0
4363,2025-09-19,60,16,1,22.92,0
2533,2025-01-21,227,21,5,97.59,15
3780,2025-07-28,78,2,4,131.21,0
968,2025-09-16,2,7,5,37.71,5
3309,2024-10-28,263,2,3,131.21,0
41,2025-04-21,79,40,4,82.94,0
3923,2024-08-31,27,12,5,85.81,10
1942,2024-05-28,131,2,2,131.21,0
433,2024-12-29,221,8,2,103.07,0
1346,2025-06-26,36,39,3,39.05,10
1148,2025-04-16,266,31,3,72.32,15
3909,2024-12-22,265,28,4,93.46,0
1518,2025-04-15,61,16,5,22.92,0
152,2025-08-04,299,35,3,11.58,15
4069,2024-12-03,178,5,2,15.92,5
1691,2024-09-01,273,10,4,62.62,15
3835,2024-08-09,3,30,2,97.13,0
1806,2024-10-07,145,28,5,93.46,5
1261,2025-03-30,14,8,4,103.07,15
2554,2024-07-03,42,6,2,114.35,10
1766,2024-12-09,29,4,2,72.91,5
2948,2025-05-29,227,18,5,113.61,0
1064,2024-05-29,164,38,4,21.84,0
2363,2025-05-16,65,24,4,73.36,10
3265,2025-09-18,224,31,5,72.32,15
3193,2025-07-14,122,19,5,43.01,15
2100,2025-06-15,135,38,1,21.84,0
4099,2024-12-17,242,17,5,58.44,15
1094,2025-04-19,241,40,3,82.94,0
153,2025-03-30,86,37,4,149.41,0
3146,2024-08-30,156,30,3,97.13,10
661,2024-12-27,267,11,5,127.63,15
3459,2025-02-13,152,9,2,102.79,0
2734,2025-04-02,161,30,4,97.13,0
1610,2024-04-27,33,1,3,47.8,0
1519,2024-12-06,92,21,1,97.59,0
1238,2025-02-11,226,12,4,85.81,0
2804,2024-04-30,231,8,2,103.07,15
202,2025-06-01,164,37,1,149.41,0
966,2025-06-04,247,11,1,127.63,10
3066,2025-06-13,170,31,2,72.32,0
697,2024-07-17,59,14,3,62.21,0
990,2025-01-13,202,38,5,21.84,0
2933,2024-11-30,84,23,5,102.85,0
2154,2024-07-05,274,1,2,47.8,10
1272,2024-07-08,190,15,1,43.35,15
3409,2025-05-05,144,39,3,39.05,0
2463,2024-12-30,268,13,5,18.09,10
4292,2025-02-14,172,36,4,10.4,0
892,2025-08-21,66,33,1,99.14,0
3513,2024-11-08,62,26,2,141.76,15
2407,2024-04-11,150,27,3,52.56,0
3302,2024-05-22,214,38,4,21.84,15
4208,2024-05-26,56,20,4,60.25,15
1210,2025-02-20,258,26,2,141.76,0
2529,2024-12-31,224,37,2,149.41,0
1308,2024-04-13,150,40,4,82.94,10
3764,2024-08-26,195,34,2,21.92,0
2987,2025-02-01,245,7,4,37.71,0
3680,2025-08-19,219,35,3,11.58,0
2384,2025-08-08,22,3,5,121.61,15
4041,2024-12-14,278,4,5,72.91,0
1190,2025-02-21,66,26,1,141.76,10
2263,2025-02-03,2,2,2,131.21,10
3645,2024-05-06,118,23,5,102.85,0
2730,2024-04-30,124,26,2,141.76,5
2559,2024-10-28,180,4,1,72.91,15
231,2024-05-04,64,37,1,149.41,0
3728,2025-08-28,238,16,3,22.92,15
4097,2024-12-17,8,11,1,127.63,0
2661,2025-08-04,197,36,3,10.4,15
1687,2025-06-18,129,39,5,39.05,15
314,2024-12-03,218,2,4,131.21,5
4153,2024-04-22,242,21,3,97.59,0
3206,2024-10-30,192,20,4,60.25,5
1136,2024-12-27,299,6,5,114.35,10
2934,2024-11-30,169,27,1,52.56,0
4031,2024-12-26,40,35,3,11.58,15
342,2025-03-05,59,11,5,127.63,0
562,2024-05-27,157,8,5,103.07,0
509,2024-06-02,176,37,3,149.41,5
3164,2024-04-19,249,27,3,52.56,0
292,2024-04-01,124,14,2,62.21,5
813,2025-03-03,69,34,2,21.92,15
1400,2025-04-13,239,25,5,94.83,5
2839,2025-05-02,168,13,3,18.09,0
1533,2024-08-22,101,27,3,52.56,0
409,2025-07-24,141,5,2,15.92,5
2238,2025-05-09,271,36,3,10.4,0
4375,2024-06-15,42,33,2,99.14,10
522,2025-02-26,132,5,1,15.92,5
3877,2024-04-17,242,38,4,21.84,0
2227,2025-04-09,282,16,5,22.92,0
3500,2024-10-03,165,15,3,43.35,10
2537,2025-06-14,127,27,1,52.56,5
2575,2024-12-23,4,11,3,127.63,15
3449,2024-04-01,242,25,1,94.83,0
57,2025-06-22,205,22,5,58.86,0
2538,2024-08-29,130,40,1,82.94,0
3716,2025-02-21,175,33,3,99.14,0
2278,2024-09-10,277,21,1,97.59,0
2917,2024-09-04,223,29,1,98.91,0
2829,2024-12-23,187,1,1,47.8,15
1216,2025-06-29,124,30,1,97.13,10
4251,2025-04-21,100,16,5,22.92,5
411,2024-10-07,6,21,2,97.59,10
4295,2025-08-12,72,24,1,73.36,5
1736,2024-12-09,54,26,2,141.76,0
2621,2025-05-30,113,19,1,43.01,0
1178,2025-06-20,205,16,3,22.92,5
3827,2024-12-26,151,10,1,62.62,0
1893,2025-09-01,146,5,5,15.92,0
2356,2024-06-26,59,1,1,47.8,0
1154,2025-04-28,170,14,1,62.21,10
3219,2025-09-11,218,22,4,58.86,15
123,2025-02-05,8,8,5,103.07,15
4391,2024-05-26,124,6,2,114.35,15
3479,2024-11-04,281,36,2,10.4,10
2771,2024-08-22,93,20,4,60.25,5
4057,2025-06-23,230,38,1,21.84,0
4173,2024-08-01,248,33,5,99.14,0
3529,2024-11-05,135,19,5,43.01,0
630,2025-07-09,281,2,2,131.21,10
3646,2025-05-22,275,30,3,97.13,0
2513,2024-12-06,245,33,5,99.14,0
1254,2024-06-29,250,5,2,15.92,15
3431,2024-08-13,108,13,2,18.09,0
99,2024-10-15,61,28,4,93.46,15
3349,2024-07-15,49,22,1,58.86,15
4188,2025-08-14,198,7,1,37.71,0
80,2024-12-27,190,3,2,121.61,0
1813,2025-01-06,286,32,3,106.66,0
3956,2024-05-28,63,9,4,102.79,10
1498,2025-09-24,251,34,4,21.92,0
207,2024-06-01,42,3,3,121.61,5
2734,2025-04-02,161,3,4,121.61,0
865,2025-09-01,153,35,1,11.58,0
4138,2025-06-30,190,8,5,103.07,5
2001,2024-04-29,22,10,4,62.62,10
2916,2025-02-01,294,7,5,37.71,15
1296,2024-12-29,51,8,2,103.07,0
2007,2025-05-24,240,8,4,103.07,5
2305,2025-03-15,52,32,3,106.66,15
1836,2024-08-05,75,17,5,58.44,5
744,2024-04-08,64,33,5,99.14,10
3790,2025-02-26,24,7,2,37.71,0
373,2025-02-17,253,33,2,99.14,0
870,2024-08-25,242,5,2,15.92,15
2649,2024-06-09,33,16,5,22.92,0
2279,2025-03-29,118,23,1,102.85,0
3055,2024-05-10,131,36,5,10.4,15
3044,2025-04-01,167,38,3,21.84,0
1934,2024-12-02,148,3,1,121.61,0
2729,2024-11-19,296,7,3,37.71,10
2627,2025-05-01,241,33,5,99.14,0
1785,2024-06-12,296,9,2,102.79,10
1031,2024-08-04,248,23,2,102.85,5
3597,2024-06-29,64,27,2,52.56,0
2661,2025-08-04,197,38,3,21.84,0
3263,2025-09-28,147,16,5,22.92,10
705,2025-03-09,200,35,1,11.58,10
28,2024-12-06,285,10,2,62.62,0
2254,2024-06-22,167,3,1,121.61,0
1133,2025-08-27,204,19,3,43.01,15
4035,2024-06-29,59,2,5,131.21,0
2895,2024-08-03,221,34,2,21.92,10
2671,2025-04-11,78,9,3,102.79,0
892,2025-08-21,66,25,2,94.83,0
125,2025-04-03,158,33,4,99.14,0
1472,2024-12-29,27,7,2,37.71,0
185,2025-06-07,68,25,3,94.83,0
2216,2025-03-13,117,29,4,98.91,10
418,2024-10-15,184,12,5,85.81,5
4007,2024-11-16,57,28,1,93.46,0
862,2024-04-21,249,5,1,15.92,0
2638,2024-06-05,221,26,4,141.76,15
3357,2024-10-07,89,31,4,72.32,0
1874,2024-06-28,221,36,2,10.4,15
52,2025-09-21,279,25,4,94.83,0
3514,2024-11-08,188,3,2,121.61,0
921,2024-06-27,76,31,4,72.32,0
94,2024-07-12,148,7,2,37.71,5
2702,2024-10-09,200,30,3,97.13,10
1951,2024-09-05,218,39,3,39.05,10
227,2025-03-06,104,22,3,58.86,0
3501,2024-09-10,104,31,4,72.32,10
3531,2025-09-01,126,6,5,114.35,10
1411,2024-08-19,241,26,1,141.76,15
1650,2024-12-11,96,12,2,85.81,5
3876,2024-04-05,242,34,5,21.92,0
3196,2024-08-31,18,27,1,52.56,5
2081,2024-04-09,124,19,3,43.01,5
2634,2024-04-07,134,30,3,97.13,15
79,2025-07-26,147,7,4,37.71,0
4144,2025-05-16,2,31,3,72.32,0
1937,2025-05-01,258,28,2,93.46,0
1907,2024-06-29,63,20,2,60.25,0
4038,2025-04-20,186,30,4,97.13,15
333,2024-05-02,296,3,2,121.61,0
2788,2024-06-30,249,38,1,21.84,5
4374,2024-08-08,116,28,3,93.46,0
1264,2025-04-02,163,13,3,18.09,5
4378,2025-06-15,18,14,3,62.21,15
28,2024-12-06,285,23,2,102.85,0
944,2024-07-16,30,2,1,131.21,0
4044,2024-05-27,15,14,3,62.21,5
1809,2025-04-26,23,5,1,15.92,0
1853,2024-08-23,167,39,4,39.05,10
3886,2024-11-27,108,31,1,72.32,0
2179,2024-08-31,171,3,3,121.61,10
3279,2025-08-30,256,25,2,94.83,10
2640,2024-05-21,295,33,4,99.14,0
2514,2024-12-06,298,6,3,114.35,0
91,2024-08-03,165,10,4,62.62,15
3674,2025-03-01,53,8,1,103.07,0
114,2024-04-17,134,7,4,37.71,10
758,2025-06-21,263,35,5,11.58,0
3426,2024-08-17,20,4,1,72.91,5
4183,2024-04-01,124,6,4,114.35,0
2559,2024-10-28,180,6,1,114.35,5
2312,2024-11-12,96,19,3,43.01,0
4129,2025-01-10,110,31,2,72.32,0
1819,2024-07-12,37,35,1,11.58,10
1407,2025-04-04,183,22,1,58.86,10
3555,2024-07-18,146,13,4,18.09,0
194,2025-02-12,41,10,3,62.62,5
3005,2024-07-25,150,20,2,60.25,0
2832,2024-11-21,291,20,3,60.25,0
2063,2025-07-13,158,40,2,82.94,10
2641,2025-06-08,232,11,1,127.63,15
3668,2025-05-12,296,38,3,21.84,0
4225,2025-05-28,44,31,3,72.32,5
1863,2025-08-11,24,28,1,93.46,10
1180,2025-09-19,102,22,3,58.86,0
1897,2025-08-26,137,13,3,18.09,10
604,2025-07-31,188,29,2,98.91,0
3552,2024-07-30,42,29,5,98.91,0
3835,2024-08-09,3,35,2,11.58,0
2191,2024-08-31,110,36,4,10.4,5
92,2025-08-04,110,35,5,11.58,15
2100,2025-06-15,135,4,5,72.91,10
2426,2024-12-08,255,33,4,99.14,0
1090,2024-05-10,81,3,1,121.61,15
205,2024-10-18,255,10,4,62.62,0
2239,2024-04-11,249,5,4,15.92,5
3447,2025-04-23,81,19,4,43.01,0
2317,2025-03-09,21,19,1,43.01,0
868,2024-10-10,52,14,5,62.21,0
477,2025-08-08,257,13,4,18.09,15
1796,2024-08-07,1,35,5,11.58,0
2343,2024-08-25,131,24,4,73.36,10
1538,2024-11-23,150,1,4,47.8,0
1844,2024-11-22,226,25,5,94.83,15
3121,2024-07-11,280,24,1,73.36,10
3144,2025-02-22,177,37,3,149.41,0
719,2024-11-07,57,23,5,102.85,5
961,2025-08-11,109,18,4,113.61,0
4280,2024-04-29,76,34,5,21.92,10
2642,2024-04-09,282,17,4,58.44,10
452,2025-01-02,212,13,1,18.09,0
2252,2024-10-09,9,27,5,52.56,0
880,2025-08-18,6,31,1,72.32,5
3146,2024-08-30,156,11,2,127.63,0
2989,2024-11-02,97,14,3,62.21,15
2233,2024-09-05,119,18,1,113.61,0
502,2025-04-29,185,19,1,43.01,0
3533,2024-12-30,3,10,5,62.62,0
1056,2024-05-09,49,39,4,39.05,5
2453,2025-05-24,100,40,3,82.94,0
2848,2025-01-23,135,34,2,21.92,0
868,2024-10-10,52,9,5,102.79,0
3736,2025-07-19,189,31,1,72.32,0
649,2025-04-12,94,2,4,131.21,0
4288,2025-02-28,271,14,3,62.21,5
3171,2025-01-28,187,21,4,97.59,5
3139,2025-02-23,288,22,4,58.86,15
3995,2024-08-10,278,4,3,72.91,15
3179,2025-07-22,54,4,4,72.91,15
1020,2024-06-07,56,26,3,141.76,5
2620,2024-09-07,33,34,5,21.92,0
862,2024-04-21,249,35,2,11.58,0
1789,2025-01-02,85,30,1,97.13,10
1955,2024-06-29,221,3,1,121.61,0
3126,2024-12-21,1,36,5,10.4,0
2345,2024-12-29,293,4,4,72.91,0
2811,2024-06-06,98,3,3,121.61,0
4365,2024-12-26,228,5,4,15.92,0
2890,2025-08-28,300,17,3,58.44,15
228,2024-08-24,51,24,3,73.36,0
984,2024-10-02,110,12,5,85.81,15
578,2024-08-27,205,1,3,47.8,5
2192,2025-09-30,87,21,2,97.59,5
1156,2025-09-06,226,31,1,72.32,0
1194,2025-04-14,130,22,3,58.86,0
2149,2024-04-27,240,30,1,97.13,15
353,2025-02-18,210,7,5,37.71,0
2907,2025-05-01,81,29,5,98.91,5
859,2025-04-27,141,8,1,103.07,10
1197,2025-08-19,221,30,5,97.13,10
419,2024-07-18,278,30,2,97.13,0
1755,2024-09-13,199,32,2,106.66,10
557,2025-08-04,51,6,2,114.35,0
2,2025-01-12,17,16,3,22.92,0
1943,2024-08-02,24,36,5,10.4,0
449,2024-10-10,39,2,3,131.21,10
3636,2025-03-04,170,11,5,127.63,15
3221,2025-05-17,194,24,5,73.36,0
129,2024-12-08,297,35,1,11.58,0
1179,2025-06-06,219,26,5,141.76,0
2432,2025-09-03,183,27,3,52.56,0
1190,2025-02-21,66,32,3,106.66,15
2472,2024-12-22,110,5,4,15.92,10
2314,2025-03-26,213,9,1,102.79,0
306,2025-04-12,280,13,4,18.09,0
541,2024-07-01,283,31,3,72.32,10
4082,2024-04-21,134,12,4,85.81,15
1501,2025-04-20,154,32,2,106.66,5
927,2025-03-09,93,40,3,82.94,0
3430,2024-05-20,249,35,1,11.58,0
1973,2024-06-21,283,9,4,102.79,15
970,2024-11-08,95,8,4,103.07,0
3551,2024-08-16,75,22,3,58.86,10
985,2024-05-03,49,31,1,72.32,0
3371,2025-06-28,115,1,1,47.8,5
2938,2024-12-08,175,14,4,62.21,0
2487,2025-06-23,231,10,4,62.62,10
2057,2024-12-29,228,30,5,97.13,10
1550,2025-07-13,199,24,1,73.36,5
17,2024-10-02,101,23,5,102.85,15
2054,2025-09-03,115,12,1,85.81,10
3509,2024-06-20,156,16,3,22.92,0
589,2024-12-07,198,28,5,93.46,15
2480,2025-08-12,227,11,3,127.63,0
3511,2025-01-05,269,15,2,43.35,5
1924,2024-08-14,37,11,5,127.63,0
2817,2024-10-24,279,34,2,21.92,0
3832,2024-12-27,220,11,5,127.63,0
4330,2024-12-23,123,23,1,102.85,0
4312,2024-12-09,65,17,4,58.44,15
1125,2024-09-28,176,23,4,102.85,10
2157,2025-03-26,58,7,1,37.71,0
2361,2024-09-02,24,15,2,43.35,0
4382,2025-01-16,251,32,2,106.66,0
3333,2025-01-02,195,12,4,85.81,10
2235,2024-06-02,241,8,4,103.07,10
4228,2024-10-19,133,21,2,97.59,0
1108,2024-04-08,242,30,4,97.13,0
67,2025-02-11,204,27,1,52.56,5
2464,2024-12-30,164,18,2,113.61,15
1185,2024-11-14,276,16,3,22.92,0
3910,2025-07-05,202,3,3,121.61,0
2552,2024-12-28,47,5,4,15.92,5
4056,2024-06-21,253,8,1,103.07,5
3069,2024-05-29,37,19,1,43.01,15
766,2025-04-02,16,10,3,62.62,5
1112,2024-09-21,108,7,1,37.71,0
637,2025-09-20,129,39,4,39.05,15
1917,2024-11-21,81,17,3,58.44,5
3632,2024-11-08,238,12,3,85.81,0
905,2025-03-18,155,3,3,121.61,0
2786,2025-08-18,109,27,4,52.56,0
637,2025-09-20,129,16,5,22.92,15
614,2025-04-27,168,20,5,60.25,0
503,2024-06-26,56,39,5,39.05,5
4392,2025-03-07,72,14,2,62.21,0
1975,2024-07-03,274,20,5,60.25,15
2325,2024-04-16,232,38,5,21.84,10
2701,2025-09-10,6,26,3,141.76,0
740,2024-09-25,158,5,4,15.92,10
719,2024-11-07,57,36,5,10.4,0
1690,2024-10-09,8,40,4,82.94,5
3015,2024-12-31,55,9,2,102.79,0
1424,2024-12-26,236,8,4,103.07,0
3713,2025-08-22,284,29,1,98.91,0
1199,2025-02-04,217,12,2,85.81,10
820,2025-06-18,80,6,2,114.35,0
497,2025-07-02,101,20,3,60.25,5
2585,2024-11-15,6,36,1,10.4,15
514,2025-07-20,205,35,3,11.58,0
1102,2024-12-07,224,17,3,58.44,0
2911,2025-03-02,295,12,5,85.81,15
554,2025-05-27,268,31,2,72.32,0
3297,2024-06-29,44,20,3,60.25,10
3335,2025-01-23,140,18,3,113.61,15
3150,2024-10-25,24,29,4,98.91,0
1978,2024-08-22,188,26,4,141.76,5
133,2025-01-19,9,34,3,21.92,0
3652,2024-07-04,164,25,3,94.83,0
83,2025-02-21,84,38,5,21.84,0
3172,2025-02-23,228,6,5,114.35,0
464,2024-08-27,15,6,2,114.35,0
2037,2025-08-25,206,38,5,21.84,10
3340,2025-07-06,11,2,1,131.21,5
1100,2024-07-28,225,27,3,52.56,10
2846,2025-02-19,242,14,5,62.21,10
4139,2024-09-10,242,11,3,127.63,15
2473,2025-04-14,262,11,5,127.63,0
1057,2024-10-22,68,29,2,98.91,5
1615,2024-06-02,67,8,4,103.07,0
1725,2024-06-29,297,12,3,85.81,0
261,2025-01-09,167,20,2,60.25,0
2147,2024-11-29,223,37,1,149.41,0
3710,2024-10-22,42,24,4,73.36,10
2850,2025-04-06,216,6,5,114.35,15
3620,2025-04-28,34,36,4,10.4,10
3713,2025-08-22,284,32,3,106.66,0
3277,2025-01-11,82,18,1,113.61,15
531,2024-12-01,282,35,1,11.58,0
2370,2024-06-12,88,13,2,18.09,0
3982,2024-12-12,36,21,1,97.59,0
4278,2025-05-07,174,14,1,62.21,0
3878,2024-10-06,135,10,2,62.62,5
1778,2025-04-27,285,25,3,94.83,0
3468,2025-04-07,117,16,5,22.92,5
1624,2024-12-04,284,22,5,58.86,15
3975,2025-02-03,128,28,5,93.46,0
4255,2025-06-12,84,18,3,113.61,10
590,2024-05-30,42,30,2,97.13,0
634,2025-02-12,238,28,2,93.46,0
1461,2024-05-02,157,36,1,10.4,15
4027,2025-06-27,255,37,1,149.41,5
4283,2024-11-07,9,17,1,58.44,5
3438,2025-03-27,16,33,3,99.14,5
3072,2024-04-14,134,15,1,43.35,0
466,2024-06-06,157,22,1,58.86,0
1981,2025-02-17,113,3,4,121.61,10
1380,2024-06-17,84,21,2,97.59,5
3956,2024-05-28,63,28,5,93.46,0
4223,2025-03-09,273,5,3,15.92,0
218,2025-06-11,89,18,5,113.61,10
3344,2024-10-03,224,17,4,58.44,5
2223,2024-07-28,280,20,1,60.25,5
3710,2024-10-22,42,22,3,58.86,15
3296,2024-08-18,105,20,1,60.25,10
2122,2025-08-13,291,23,1,102.85,5
393,2024-09-07,123,1,5,47.8,0
610,2024-06-27,49,26,1,141.76,15
2584,2025-07-25,285,30,1,97.13,0
3781,2025-09-17,300,16,4,22.92,0
2068,2025-07-14,21,19,5,43.01,0
1219,2025-08-06,31,24,4,73.36,5
775,2025-06-10,194,17,2,58.44,0
3981,2024-12-12,102,14,3,62.21,15
1264,2025-04-02,163,33,1,99.14,0
3588,2024-12-26,106,38,2,21.84,0
4008,2025-08-08,145,8,1,103.07,10
2114,2025-07-20,7,9,1,102.79,0
1,2025-05-03,233,38,5,21.84,5
3558,2025-08-08,204,5,2,15.92,0
3084,2025-05-06,166,10,3,62.62,15
3706,2024-12-15,279,5,4,15.92,15
2016,2024-05-12,291,25,3,94.83,15
1217,2024-12-07,255,1,1,47.8,15
1993,2025-02-04,143,25,5,94.83,0
1178,2025-06-20,205,39,5,39.05,0
1472,2024-12-29,27,39,3,39.05,0
2012,2025-07-10,84,9,1,102.79,0
3658,2024-07-20,130,22,1,58.86,0
174,2025-09-09,49,27,3,52.56,15
4140,2024-12-30,133,24,4,73.36,15
1216,2025-06-29,124,33,3,99.14,0
1989,2024-05-19,232,27,4,52.56,15
4228,2024-10-19,133,10,5,62.62,5
2717,2024-12-22,147,39,4,39.05,0
3138,2024-07-28,24,28,5,93.46,0
913,2025-02-27,43,27,1,52.56,15
3188,2025-02-11,112,14,4,62.21,5
1319,2025-06-15,130,26,4,141.76,0
2167,2025-09-16,293,8,3,103.07,0
3553,2025-08-08,241,2,4,131.21,0
4317,2025-08-29,32,1,2,47.8,5
1049,2024-08-02,165,1,5,47.8,5
2693,2025-06-14,267,23,5,102.85,0
752,2024-11-29,41,29,1,98.91,5
4389,2025-03-21,138,25,2,94.83,15
761,2024-10-23,218,22,4,58.86,15
1979,2024-07-01,165,25,4,94.83,15
1795,2024-12-29,73,38,4,21.84,0
2273,2024-05-29,131,21,1,97.59,0
2186,2024-06-27,54,34,4,21.92,0
771,2025-04-19,163,16,2,22.92,10
861,2025-08-09,223,9,5,102.79,0
2172,2024-07-09,283,29,1,98.91,10
553,2025-07-21,235,15,5,43.35,10
3966,2024-08-24,27,34,3,21.92,0
1439,2024-08-02,62,5,4,15.92,0
2039,2025-06-27,269,34,3,21.92,15
618,2025-07-26,244,33,4,99.14,0
302,2025-08-05,299,19,1,43.01,5
2487,2025-06-23,231,35,3,11.58,15
2349,2025-03-27,292,16,4,22.92,5
1876,2025-07-28,60,6,4,114.35,0
2822,2024-11-01,104,31,4,72.32,0
2870,2024-05-13,22,5,2,15.92,0
3405,2024-05-01,249,28,2,93.46,5
4288,2025-02-28,271,10,5,62.62,0
3863,2025-05-26,103,8,4,103.07,0
1815,2025-06-10,67,17,2,58.44,15
551,2025-05-02,192,13,2,18.09,0
503,2024-06-26,56,30,2,97.13,5
3328,2025-09-08,155,33,1,99.14,0
467,2025-09-24,45,39,3,39.05,10
439,2024-04-09,33,24,4,73.36,0
2315,2025-01-30,45,37,4,149.41,15
1072,2024-04-11,134,3,2,121.61,5
3129,2024-08-06,277,27,5,52.56,0
423,2024-04-23,176,7,4,37.71,0
4002,2024-04-15,157,8,2,103.07,0
2546,2024-12-25,214,6,5,114.35,0
1903,2024-12-17,79,20,1,60.25,0
2493,2025-02-02,150,12,1,85.81,15
507,2024-06-19,264,40,5,82.94,0
703,2025-02-16,177,18,5,113.61,10
464,2024-08-27,15,22,1,58.86,5
431,2025-05-14,135,26,5,141.76,5
3920,2024-04-30,58,37,3,149.41,0
1970,2025-02-23,231,4,2,72.91,5
1935,2025-09-24,256,24,5,73.36,15
152,2025-08-04,299,27,1,52.56,0
469,2024-10-30,269,23,3,102.85,0
978,2024-07-31,190,17,2,58.44,0
286,2024-07-16,148,37,4,149.41,0
249,2024-07-13,97,25,1,94.83,0
1107,2025-03-30,230,29,2,98.91,15
791,2024-06-10,200,14,4,62.21,0
2517,2024-04-03,124,16,2,22.92,0
804,2024-12-12,183,5,1,15.92,15
3763,2024-10-15,255,32,3,106.66,15
4206,2025-09-30,251,2,5,131.21,10
1381,2025-05-28,260,14,3,62.21,15
2248,2024-08-29,214,7,1,37.71,5
334,2025-01-23,69,33,5,99.14,0
3698,2025-06-04,250,3,5,121.61,0
2451,2024-12-18,161,38,2,21.84,0
2466,2024-04-03,134,38,5,21.84,0
2151,2024-05-13,232,5,2,15.92,0
57,2025-06-22,205,32,4,106.66,0
2736,2024-09-18,168,28,1,93.46,10
821,2025-04-25,238,25,3,94.83,0
3618,2024-10-25,289,32,3,106.66,5
588,2024-12-07,15,18,4,113.61,0
2962,2024-11-29,269,24,1,73.36,15
545,2025-09-02,113,13,1,18.09,0
2196,2025-09-05,156,20,3,60.25,0
526,2024-12-22,132,2,1,131.21,15
428,2024-05-13,146,33,1,99.14,15
3343,2024-12-22,249,1,3,47.8,15
3897,2024-05-30,295,1,5,47.8,0
3163,2024-04-04,242,7,1,37.71,0
3067,2024-10-22,33,36,4,10.4,0
2208,2024-11-01,98,32,1,106.66,15
3558,2025-08-08,204,13,3,18.09,0
1857,2024-10-09,135,20,1,60.25,10
1050,2024-04-10,64,33,5,99.14,5
1928,2024-06-26,253,38,4,21.84,5
1263,2024-10-21,72,12,1,85.81,5
2830,2025-08-17,150,12,2,85.81,0
1084,2025-01-20,274,17,1,58.44,0
2994,2024-11-15,182,3,2,121.61,0
1025,2025-01-23,117,7,3,37.71,5
2426,2024-12-08,255,27,4,52.56,0
326,2025-03-19,109,10,3,62.62,0
81,2024-12-27,261,36,2,10.4,0
2743,2024-11-30,59,17,4,58.44,0
1465,2024-12-31,139,33,2,99.14,10
821,2025-04-25,238,19,4,43.01,0
4261,2024-12-27,166,22,3,58.86,5
2244,2025-07-05,220,13,4,18.09,10
1943,2024-08-02,24,29,3,98.91,0
2754,2025-05-15,232,18,4,113.61,15
3367,2025-01-01,175,9,3,102.79,0
3017,2024-08-31,246,37,2,149.41,10
403,2025-01-31,102,8,1,103.07,0
1481,2024-09-01,166,18,3,113.61,0
2696,2024-07-06,232,20,2,60.25,15
4047,2025-08-23,35,7,3,37.71,0
657,2024-05-24,118,23,5,102.85,15
679,2024-10-04,145,6,4,114.35,15
2307,2024-09-20,87,28,4,93.46,10
1985,2025-01-22,269,26,4,141.76,0
1124,2025-05-07,183,8,4,103.07,0
3846,2024-11-12,104,36,1,10.4,0
4109,2025-01-20,285,9,1,102.79,0
1255,2024-10-04,242,34,5,21.92,0
1718,2024-07-28,264,21,1,97.59,0
2098,2025-08-03,97,25,4,94.83,5
1409,2024-12-24,118,36,2,10.4,5
683,2024-08-17,4,2,2,131.21,5
847,2024-10-12,134,34,5,21.92,5
1839,2025-04-26,130,18,2,113.61,10
3861,2025-05-29,62,20,4,60.25,15
199,2024-06-18,242,4,3,72.91,0
1800,2024-09-15,85,7,4,37.71,0
2101,2024-05-20,218,15,2,43.35,15
1645,2024-11-04,76,8,3,103.07,5
4330,2024-12-23,123,19,2,43.01,0
2831,2025-06-20,295,18,3,113.61,5
1162,2025-07-27,233,7,2,37.71,0
1187,2024-10-02,164,20,4,60.25,0
1088,2024-06-21,112,5,3,15.92,0
714,2024-11-06,185,32,4,106.66,0
3210,2024-05-14,22,33,4,99.14,5
3252,2025-01-11,271,39,1,39.05,0
1210,2025-02-20,258,30,1,97.13,10
3175,2024-07-29,249,25,4,94.83,0
3027,2024-05-04,72,39,3,39.05,15
1638,2025-03-10,173,3,1,121.61,0
160,2024-11-24,238,28,5,93.46,0
2904,2025-07-31,172,6,3,114.35,15
636,2025-01-31,33,9,5,102.79,15
529,2024-10-25,62,25,2,94.83,0
2868,2024-06-17,76,22,4,58.86,5
1522,2024-06-29,15,22,5,58.86,0
2297,2024-11-24,144,13,2,18.09,0
3157,2024-10-12,238,10,4,62.62,0
3897,2024-05-30,295,10,5,62.62,0
866,2025-09-29,228,32,3,106.66,10
13,2024-11-07,49,6,5,114.35,0
2169,2024-09-03,96,13,5,18.09,15
737,2024-12-13,36,8,4,103.07,0
4336,2024-09-15,50,15,4,43.35,0
244,2025-07-31,294,20,1,60.25,10
1304,2024-09-30,150,13,1,18.09,0
140,2024-11-20,213,25,3,94.83,0
3480,2024-11-04,65,1,3,47.8,15
1172,2024-10-22,62,17,4,58.44,0
1038,2025-03-29,219,2,5,131.21,0
3408,2024-05-12,165,4,1,72.91,10
2448,2025-04-03,253,7,4,37.71,5
543,2024-12-01,288,20,3,60.25,5
2028,2024-10-04,146,14,4,62.21,0
1514,2025-01-11,126,28,3,93.46,10
4096,2025-01-06,79,34,2,21.92,0
3026,2025-05-31,66,11,2,127.63,0
801,2024-05-19,249,25,3,94.83,5
3143,2025-09-03,153,35,1,11.58,0
3166,2024-12-07,251,16,3,22.92,5
3994,2024-05-15,249,32,3,106.66,0
546,2025-04-08,146,17,4,58.44,0
4368,2024-08-04,51,6,2,114.35,15
1735,2024-12-09,253,21,2,97.59,0
1016,2025-09-03,171,29,3,98.91,0
3555,2024-07-18,146,37,2,149.41,0
3001,2025-06-29,211,9,1,102.79,5
2994,2024-11-15,182,27,2,52.56,0
1641,2024-10-26,121,6,3,114.35,15
3266,2025-03-13,96,25,4,94.83,5
2490,2024-08-29,297,15,5,43.35,15
2115,2024-06-21,3,35,5,11.58,5
4038,2025-04-20,186,7,3,37.71,5
298,2025-06-18,300,9,4,102.79,5
3023,2025-04-21,186,22,1,58.86,0
744,2024-04-08,64,18,5,113.61,0
2479,2024-11-23,248,33,3,99.14,0
4306,2024-06-24,96,6,3,114.35,0
3213,2024-12-21,220,21,5,97.59,5
296,2024-10-13,253,3,5,121.61,10
483,2025-01-06,59,40,5,82.94,10
4049,2024-05-13,81,20,2,60.25,15
1851,2024-04-02,242,26,5,141.76,5
2852,2024-06-18,148,28,4,93.46,15
2935,2025-05-26,86,14,4,62.21,0
3935,2024-07-23,42,40,2,82.94,10
3479,2024-11-04,281,11,2,127.63,5
2661,2025-08-04,197,17,3,58.44,0
234,2024-12-12,223,35,4,11.58,0
4027,2025-06-27,255,16,4,22.92,0
1282,2025-08-30,94,33,1,99.14,0
2297,2024-11-24,144,35,2,11.58,0
3988,2024-07-24,54,35,5,11.58,10
677,2024-06-18,22,33,4,99.14,5
3255,2024-08-12,242,16,4,22.92,15
587,2025-08-19,287,1,3,47.8,5
3818,2025-05-16,129,36,3,10.4,15
3414,2024-09-29,46,16,3,22.92,0
910,2025-07-11,258,15,1,43.35,0
2354,2025-09-10,238,29,4,98.91,0
3434,2025-05-02,56,23,1,102.85,0
889,2025-06-24,83,28,2,93.46,0
966,2025-06-04,247,23,1,102.85,15
757,2025-06-30,96,3,3,121.61,10
1251,2024-12-23,168,22,1,58.86,0
1945,2024-04-26,291,22,4,58.86,5
10,2025-06-11,56,5,1,15.92,0
2492,2025-04-17,36,35,4,11.58,0
137,2024-11-03,46,37,4,149.41,15
235,2024-04-21,240,22,1,58.86,10
2039,2025-06-27,269,21,4,97.59,15
417,2024-05-12,33,14,2,62.21,10
100,2024-04-07,134,18,3,113.61,15
836,2025-08-11,243,28,3,93.46,0
4339,2025-05-13,21,1,3,47.8,10
313,2024-12-03,135,21,4,97.59,0
1882,2024-05-25,150,26,1,141.76,0
2233,2024-09-05,119,24,4,73.36,0
169,2024-09-20,182,37,4,149.41,10
1598,2025-09-29,58,38,5,21.84,0
432,2024-08-12,71,13,5,18.09,10
3361,2024-06-04,240,26,1,141.76,15
1322,2024-04-29,242,13,2,18.09,0
1662,2024-05-28,194,39,4,39.05,5
3715,2024-11-05,195,11,4,127.63,0
919,2024-04-13,64,1,5,47.8,0
326,2025-03-19,109,11,1,127.63,0
1084,2025-01-20,274,37,4,149.41,15
676,2024-06-21,221,10,2,62.62,10
3671,2025-09-01,155,40,4,82.94,5
4346,2025-09-18,124,2,4,131.21,0
581,2024-11-12,245,2,1,131.21,10
2983,2024-11-20,133,38,4,21.84,0
2678,2024-10-31,221,39,3,39.05,0
246,2024-08-08,20,10,4,62.62,10
1614,2024-10-30,82,30,2,97.13,0
3750,2025-02-18,24,29,2,98.91,0
3583,2024-12-18,230,12,1,85.81,15
3251,2024-11-05,58,22,3,58.86,5
586,2024-09-27,214,12,5,85.81,0
3463,2025-02-01,165,31,4,72.32,10
2841,2025-06-06,46,15,4,43.35,5
4063,2024-11-21,84,37,1,149.41,0
2082,2025-02-09,246,19,4,43.01,0
654,2024-04-30,134,29,4,98.91,0
2181,2024-12-25,162,23,1,102.85,0
1065,2024-05-01,22,13,5,18.09,15
4237,2025-09-12,300,31,1,72.32,0
3626,2024-04-29,231,39,1,39.05,10
4164,2025-09-27,253,6,5,114.35,10
3010,2025-05-21,293,11,4,127.63,10
2993,2024-11-15,154,29,3,98.91,0
4274,2025-03-26,218,5,5,15.92,10
1854,2024-07-31,131,5,4,15.92,0
1683,2024-09-11,37,35,1,11.58,10
2177,2024-08-20,124,9,5,102.79,0
4376,2024-08-31,99,26,4,141.76,0
1447,2024-10-21,168,12,5,85.81,5
2490,2024-08-29,297,33,1,99.14,0
2345,2024-12-29,293,26,4,141.76,15
2674,2024-12-06,234,8,3,103.07,5
105,2024-10-25,194,21,1,97.59,15
3861,2025-05-29,62,11,1,127.63,0
4196,2024-08-12,156,25,2,94.83,0
1668,2025-09-29,135,13,2,18.09,0
1337,2025-05-05,117,10,3,62.62,5
2888,2024-08-29,281,2,5,131.21,0
3289,2024-06-08,84,20,3,60.25,5
3867,2025-03-28,246,13,2,18.09,5
3350,2025-02-03,287,19,3,43.01,0
1044,2024-10-23,39,1,2,47.8,10
2299,2024-08-26,206,18,2,113.61,5
1360,2024-04-09,282,22,1,58.86,0
1420,2024-10-29,167,39,2,39.05,0
1741,2024-09-19,295,6,3,114.35,15
2211,2025-06-23,175,34,1,21.92,0
1093,2025-06-11,145,21,3,97.59,5
980,2024-08-12,243,16,5,22.92,0
1723,2024-04-08,249,40,4,82.94,15
451,2024-11-23,298,25,2,94.83,0
4210,2025-06-19,111,15,3,43.35,15
3027,2024-05-04,72,6,4,114.35,0
2830,2025-08-17,150,14,5,62.21,15
2314,2025-03-26,213,27,4,52.56,0
1201,2024-12-06,24,19,1,43.01,5
62,2025-04-11,204,18,1,113.61,15
4063,2024-11-21,84,8,4,103.07,5
433,2024-12-29,221,37,4,149.41,5
204,2025-03-02,45,13,4,18.09,0
3962,2025-07-09,170,29,4,98.91,15
1990,2025-09-28,268,7,1,37.71,0
3145,2024-08-28,108,6,4,114.35,0
3497,2025-08-06,115,25,4,94.83,10
2980,2024-11-24,186,29,3,98.91,0
1436,2024-11-19,63,10,1,62.62,10
2898,2025-04-03,48,14,2,62.21,0
521,2024-11-09,41,8,4,103.07,0
3701,2024-10-28,82,2,5,131.21,10
1333,2024-09-25,246,4,1,72.91,0
257,2024-05-21,62,15,3,43.35,15
2078,2025-02-05,130,39,4,39.05,5
3616,2025-04-07,43,13,4,18.09,0
3284,2025-01-28,181,24,4,73.36,0
173,2025-03-26,273,35,3,11.58,0
3392,2025-03-27,290,16,5,22.92,15
1031,2024-08-04,248,37,1,149.41,5
3787,2024-07-09,105,3,4,121.61,0
1239,2025-02-21,261,11,3,127.63,0
2470,2025-06-13,162,29,4,98.91,5
3150,2024-10-25,24,15,3,43.35,10
4137,2025-06-20,131,36,3,10.4,0
2286,2024-10-14,294,28,4,93.46,0
1261,2025-03-30,14,29,4,98.91,0
258,2024-04-21,33,9,2,102.79,0
2622,2025-03-11,126,5,3,15.92,5
4187,2024-05-11,249,21,4,97.59,0
2277,2024-09-02,283,17,1,58.44,10
1727,2024-07-02,220,16,4,22.92,0
1970,2025-02-23,231,31,2,72.32,15
2004,2025-07-04,173,13,5,18.09,0
3405,2024-05-01,249,23,5,102.85,0
2560,2024-07-10,231,20,5,60.25,10
3588,2024-12-26,106,32,1,106.66,0
3274,2024-06-10,176,30,5,97.13,0
1513,2025-04-17,241,36,2,10.4,15
2568,2024-04-03,124,32,5,106.66,10
1855,2025-07-10,194,39,2,39.05,0
3579,2024-05-25,131,14,5,62.21,5
2787,2025-04-11,181,12,3,85.81,10
3466,2024-06-24,92,15,1,43.35,5
311,2025-05-19,48,14,3,62.21,0
1408,2025-06-01,203,6,2,114.35,0
2785,2025-03-10,214,7,1,37.71,0
1928,2024-06-26,253,4,3,72.91,15
1682,2024-04-03,134,11,3,127.63,0
2692,2025-06-29,214,16,1,22.92,10
4135,2025-05-20,14,36,2,10.4,0
2691,2024-11-23,132,17,2,58.44,15
161,2024-11-24,268,25,1,94.83,10
1226,2024-04-13,150,34,2,21.92,0
3004,2025-07-28,290,32,5,106.66,0
3770,2025-01-24,174,9,3,102.79,0
4316,2025-08-06,174,24,4,73.36,10
3170,2025-09-02,4,5,3,15.92,15
2711,2024-09-01,145,5,5,15.92,5
2607,2024-07-18,204,14,2,62.21,5
17,2024-10-02,101,1,4,47.8,0
2126,2025-07-17,166,35,3,11.58,0
256,2025-04-17,251,38,1,21.84,0
2152,2025-05-23,58,37,1,149.41,5
3601,2025-06-22,282,28,1,93.46,0
1479,2024-09-17,72,7,3,37.71,5
3908,2024-12-22,263,19,2,43.01,5
941,2024-09-12,3,17,2,58.44,0
3248,2025-06-08,229,33,5,99.14,5
3541,2024-11-30,30,20,4,60.25,0
619,2025-04-22,181,21,5,97.59,0
2130,2024-12-22,221,17,2,58.44,10
1997,2024-11-10,94,17,4,58.44,5
1861,2024-08-20,201,11,3,127.63,10
579,2024-08-29,248,22,2,58.86,15
2471,2024-12-22,37,21,5,97.59,10
909,2025-04-29,288,39,2,39.05,10
1825,2024-09-20,137,20,2,60.25,10
2320,2024-08-17,85,31,3,72.32,0
1134,2025-05-16,68,6,4,114.35,0
2443,2024-12-18,196,30,4,97.13,0
4044,2024-05-27,15,33,2,99.14,15
1733,2025-08-14,238,26,3,141.76,0
3678,2024-06-23,295,1,2,47.8,0
389,2024-06-25,42,40,4,82.94,0
1269,2024-10-26,102,17,3,58.44,0
332,2024-10-19,91,5,1,15.92,10
3390,2025-09-27,220,36,5,10.4,0
2847,2024-05-18,231,24,2,73.36,15
336,2024-06-04,146,3,4,121.61,5
3002,2025-07-02,279,2,5,131.21,0
1373,2024-12-24,45,8,2,103.07,0
2963,2024-11-29,53,10,5,62.62,10
2176,2025-01-16,298,28,1,93.46,0
2308,2024-04-12,124,19,2,43.01,5
2237,2025-02-03,258,25,3,94.83,0
2761,2024-06-18,176,27,2,52.56,5
2787,2025-04-11,181,39,5,39.05,0
106,2024-10-28,239,4,1,72.91,10
1204,2024-09-03,195,11,5,127.63,0
3792,2025-06-04,289,21,1,97.59,0
2562,2025-07-15,154,5,5,15.92,0
933,2024-11-11,64,24,5,73.36,5
3040,2024-11-14,194,12,3,85.81,0
1463,2025-01-13,238,20,3,60.25,0
4305,2024-06-01,184,8,3,103.07,5
4283,2024-11-07,9,14,2,62.21,10
1644,2024-04-06,282,20,5,60.25,0
2919,2024-08-21,39,25,4,94.83,0
3013,2024-05-21,33,29,2,98.91,5
4093,2025-03-10,103,25,2,94.83,0
1136,2024-12-27,299,19,5,43.01,0
2346,2024-12-29,163,20,3,60.25,0
1430,2025-07-12,242,36,3,10.4,15
929,2024-07-25,190,10,4,62.62,0
779,2024-07-31,22,35,3,11.58,0
2899,2024-12-18,269,34,2,21.92,10
1108,2024-04-08,242,25,5,94.83,15
3394,2025-03-23,165,24,1,73.36,5
1302,2025-05-21,161,17,2,58.44,0
3812,2025-08-26,241,27,3,52.56,15
3265,2025-09-18,224,9,5,102.79,5
1119,2025-09-16,163,36,1,10.4,0
3543,2025-03-02,122,24,1,73.36,10
167,2025-08-10,70,36,4,10.4,5
2810,2024-04-09,242,32,5,106.66,15
4241,2024-12-12,234,24,2,73.36,15
4245,2025-04-01,74,7,4,37.71,0
355,2025-03-19,204,15,2,43.35,0
1521,2024-04-03,134,3,3,121.61,0
2420,2024-07-06,89,5,4,15.92,10
1007,2025-08-03,251,21,1,97.59,0
1289,2024-09-03,87,1,5,47.8,5
2414,2024-10-08,90,6,1,114.35,10
1700,2024-11-13,272,22,5,58.86,15
1534,2024-04-03,124,33,3,99.14,15
1619,2025-01-28,88,27,1,52.56,0
870,2024-08-25,242,18,3,113.61,10
3225,2024-12-24,62,32,1,106.66,15
4015,2024-12-05,2,27,1,52.56,15
4000,2025-09-03,36,30,4,97.13,15
4038,2025-04-20,186,1,1,47.8,0
2002,2025-08-12,225,17,3,58.44,0
1242,2024-09-08,82,21,3,97.59,0
3446,2025-05-28,248,8,4,103.07,0
2263,2025-02-03,2,27,1,52.56,10
4302,2025-04-09,28,25,3,94.83,0
1645,2024-11-04,76,40,1,82.94,15
3997,2025-01-31,7,38,4,21.84,0
447,2024-09-09,127,36,5,10.4,15
1130,2025-03-08,181,4,5,72.91,0
1161,2025-01-05,18,3,1,121.61,15
3578,2024-08-18,127,36,1,10.4,0
1444,2024-05-06,176,36,5,10.4,5
4179,2024-07-09,156,37,2,149.41,15
1224,2025-04-07,150,11,4,127.63,15
1542,2024-12-20,220,14,1,62.21,0
1620,2025-09-24,221,7,3,37.71,0
1951,2024-09-05,218,37,3,149.41,15
3958,2025-04-01,158,2,1,131.21,0
4328,2024-11-14,282,24,4,73.36,0
698,2025-01-25,227,22,2,58.86,5
2400,2024-11-23,64,26,1,141.76,10
1468,2025-02-23,105,38,3,21.84,15
2990,2024-11-02,123,28,5,93.46,0
2118,2025-02-01,109,5,4,15.92,0
1825,2024-09-20,137,33,2,99.14,0
1029,2024-12-07,290,23,5,102.85,5
2078,2025-02-05,130,3,3,121.61,15
3633,2024-05-07,58,25,5,94.83,0
4269,2025-08-14,167,31,4,72.32,5
492,2024-10-31,275,35,1,11.58,10
2654,2025-04-10,265,8,4,103.07,0
4217,2024-12-16,22,1,3,47.8,10
3044,2025-04-01,167,10,1,62.62,0
3065,2025-06-24,108,2,2,131.21,0
2359,2024-11-09,257,31,3,72.32,15
255,2025-04-05,102,30,1,97.13,15
998,2024-09-23,233,38,5,21.84,0
1479,2024-09-17,72,18,1,113.61,0
2709,2024-05-11,22,39,2,39.05,10
815,2024-11-14,186,34,1,21.92,0
2878,2024-12-30,175,4,3,72.91,15
114,2024-04-17,134,5,5,15.92,0
176,2025-01-01,213,26,4,141.76,0
3906,2024-05-12,296,6,2,114.35,15
90,2025-01-31,116,32,3,106.66,0
1737,2024-05-09,22,39,5,39.05,5
3177,2025-09-02,296,32,1,106.66,15
2588,2025-02-25,177,20,1,60.25,5
1085,2025-01-06,44,35,3,11.58,10
690,2025-07-24,68,27,5,52.56,0
1722,2024-07-18,264,5,5,15.92,0
169,2024-09-20,182,36,1,10.4,0
793,2025-08-16,236,3,3,121.61,5
2289,2024-09-10,74,1,2,47.8,0
2531,2025-05-05,81,16,5,22.92,5
3756,2024-12-17,13,24,4,73.36,0
3338,2025-07-27,137,7,2,37.71,5
2499,2024-10-09,42,27,4,52.56,5
3410,2024-09-29,44,7,4,37.71,0
2477,2025-07-10,68,10,2,62.62,5
511,2024-09-26,226,29,2,98.91,0
1559,2024-06-21,253,20,3,60.25,5
1521,2024-04-03,134,9,3,102.79,15
1169,2024-06-28,67,11,1,127.63,15
157,2025-02-14,176,34,4,21.92,15
3092,2024-11-03,22,13,1,18.09,10
2010,2024-11-27,15,9,5,102.79,0
2009,2024-05-28,22,15,5,43.35,0
3053,2024-05-16,33,27,2,52.56,10
1442,2024-05-02,92,35,3,11.58,15
4130,2025-08-28,260,37,2,149.41,0
124,2024-10-27,131,36,3,10.4,5
3378,2024-10-30,34,15,2,43.35,15
374,2025-09-21,217,35,4,11.58,15
4131,2025-05-26,127,3,5,121.61,15
4205,2025-01-14,270,3,5,121.61,0
14,2024-08-04,240,4,3,72.91,0
2753,2024-12-17,296,36,3,10.4,15
2301,2024-07-02,171,15,1,43.35,0
928,2024-08-31,292,10,4,62.62,0
2630,2025-06-03,168,8,4,103.07,15
2117,2024-05-31,218,7,3,37.71,0
4368,2024-08-04,51,2,1,131.21,15
488,2025-07-24,50,15,2,43.35,15
1230,2025-09-19,117,3,1,121.61,0
686,2025-01-27,292,7,5,37.71,0
2381,2024-04-13,124,39,4,39.05,15
354,2025-04-10,142,31,3,72.32,10
2963,2024-11-29,53,3,4,121.61,10
2837,2025-04-22,171,40,2,82.94,0
330,2025-02-15,127,18,3,113.61,5
5,2024-11-25,190,39,3,39.05,0
43,2025-09-29,123,31,5,72.32,5
4075,2024-12-03,141,33,3,99.14,0
2138,2025-05-11,69,11,2,127.63,0
2865,2025-04-18,101,21,2,97.59,10
1775,2025-01-02,294,21,2,97.59,15
2947,2024-05-19,240,20,2,60.25,5
1616,2025-09-24,64,17,3,58.44,15
2566,2024-11-30,47,14,4,62.21,10
1209,2024-09-30,62,14,1,62.21,15
3084,2025-05-06,166,1,5,47.8,0
3583,2024-12-18,230,13,1,18.09,0
415,2024-05-03,213,40,5,82.94,15
469,2024-10-30,269,22,2,58.86,15
1046,2025-07-30,13,8,5,103.07,0
1434,2025-05-11,42,3,2,121.61,15
3653,2024-04-04,124,15,3,43.35,15
685,2024-08-30,209,2,4,131.21,5
927,2025-03-09,93,19,1,43.01,0
1606,2024-04-27,92,8,3,103.07,0
3974,2025-08-06,44,16,3,22.92,0
4282,2024-10-14,197,34,3,21.92,10
4004,2025-04-18,203,5,2,15.92,15
3241,2024-06-12,295,28,3,93.46,10
3891,2024-06-08,150,38,5,21.84,0
3753,2025-09-27,262,20,2,60.25,15
4102,2025-03-29,72,29,4,98.91,10
173,2025-03-26,273,11,5,127.63,0
2622,2025-03-11,126,16,2,22.92,0
2815,2024-07-05,29,2,3,131.21,0
1589,2025-03-24,183,11,3,127.63,0
68,2024-08-10,90,33,5,99.14,0
2788,2024-06-30,249,34,5,21.92,10
2299,2024-08-26,206,21,4,97.59,0
1281,2024-11-19,175,23,4,102.85,5
1672,2025-09-08,163,32,3,106.66,5
3371,2025-06-28,115,40,3,82.94,0
595,2024-07-29,264,2,3,131.21,0
3157,2024-10-12,238,18,2,113.61,10
564,2025-03-09,123,31,5,72.32,15
3284,2025-01-28,181,40,2,82.94,15
3831,2025-09-29,73,3,5,121.61,0
2927,2024-12-26,292,10,5,62.62,0
3794,2024-11-28,262,14,1,62.21,0
1904,2024-05-03,213,27,1,52.56,0
880,2025-08-18,6,33,5,99.14,15
4234,2024-05-27,297,33,2,99.14,15
1736,2024-12-09,54,24,1,73.36,10
977,2025-05-08,27,25,2,94.83,5
2438,2025-03-14,117,2,2,131.21,15
1099,2025-07-28,269,21,3,97.59,0
909,2025-04-29,288,14,1,62.21,10
3989,2025-02-02,184,25,3,94.83,10
519,2025-09-20,54,23,2,102.85,0
4393,2025-05-05,249,9,5,102.79,0
2549,2024-05-05,249,13,2,18.09,0
3341,2025-04-05,17,5,2,15.92,5
2798,2024-11-25,152,14,1,62.21,0
4259,2025-07-06,154,24,2,73.36,0
2310,2025-03-12,161,6,5,114.35,0
857,2024-08-30,166,7,5,37.71,15
1068,2025-01-03,22,3,4,121.61,10
3965,2025-01-06,289,21,4,97.59,5
300,2024-12-11,300,13,5,18.09,15
4226,2025-05-08,212,31,2,72.32,0
1931,2025-05-26,71,36,2,10.4,0
1494,2024-10-01,61,16,3,22.92,0
607,2025-03-02,253,25,3,94.83,5
3386,2025-04-07,105,36,2,10.4,10
2685,2024-04-25,296,14,4,62.21,15
3138,2024-07-28,24,15,3,43.35,0
1833,2025-08-31,147,28,3,93.46,0
2997,2025-05-07,166,20,5,60.25,0
1378,2025-08-01,102,39,5,39.05,0
2763,2025-04-25,7,20,1,60.25,0
969,2024-11-08,109,13,1,18.09,0
3323,2024-11-03,68,34,4,21.92,5
178,2025-09-30,204,28,4,93.46,0
2568,2024-04-03,124,19,4,43.01,10
1896,2024-04-20,231,4,4,72.91,5
885,2024-11-05,1,14,4,62.21,10
270,2025-06-14,245,13,1,18.09,15
2981,2024-11-24,272,4,3,72.91,15
1905,2024-12-07,3,33,2,99.14,0
478,2025-03-02,74,34,2,21.92,0
2404,2025-05-04,179,14,4,62.21,5
676,2024-06-21,221,20,5,60.25,0
1186,2024-11-14,188,9,4,102.79,0
1573,2025-08-14,141,1,4,47.8,10
2040,2025-06-20,67,19,1,43.01,10
1046,2025-07-30,13,26,4,141.76,5
2272,2024-12-09,189,9,1,102.79,0
82,2024-10-21,206,3,4,121.61,0
1942,2024-05-28,131,15,1,43.35,10
258,2024-04-21,33,12,5,85.81,0
3549,2024-08-18,118,3,4,121.61,10
305,2024-05-19,150,27,1,52.56,15
3985,2025-08-02,224,7,3,37.71,10
4294,2025-09-01,21,26,5,141.76,0
4259,2025-07-06,154,8,3,103.07,0
1287,2024-08-26,215,26,4,141.76,5
3929,2025-02-14,2,7,1,37.71,0
720,2024-11-07,289,39,4,39.05,5
1665,2024-05-30,220,39,4,39.05,15
2657,2025-03-23,217,35,2,11.58,10
1464,2024-08-19,221,6,5,114.35,10
2015,2024-08-30,146,12,2,85.81,0
1628,2024-11-08,42,27,4,52.56,0
1697,2025-01-01,201,13,5,18.09,0
3170,2025-09-02,4,28,2,93.46,0
3317,2024-06-07,148,36,4,10.4,0
783,2025-07-24,237,13,4,18.09,5
751,2024-12-12,259,2,2,131.21,0
2161,2024-08-12,46,26,2,141.76,0
2719,2025-06-14,282,18,3,113.61,15
2443,2024-12-18,196,20,5,60.25,0
2309,2024-05-13,124,28,2,93.46,10
1970,2025-02-23,231,12,1,85.81,0
2402,2025-01-05,71,21,3,97.59,15
1051,2024-09-03,146,18,4,113.61,5
3951,2024-12-09,290,24,5,73.36,0
4040,2024-12-14,3,18,5,113.61,5
2820,2024-10-27,113,37,3,149.41,0
3469,2025-06-17,240,6,1,114.35,0
3896,2025-04-17,38,20,4,60.25,15
1813,2025-01-06,286,28,3,93.46,5
649,2025-04-12,94,15,2,43.35,0
1259,2024-04-27,282,9,5,102.79,0
538,2024-06-04,63,27,2,52.56,5
1891,2024-04-10,134,14,5,62.21,0
3282,2024-10-29,154,21,2,97.59,15
3628,2024-12-02,265,12,3,85.81,0
2894,2024-04-10,124,18,1,113.61,0
1081,2024-05-16,81,25,4,94.83,10
704,2024-08-29,182,40,3,82.94,0
4343,2025-04-12,150,6,5,114.35,5
1810,2025-05-10,107,27,3,52.56,0
2449,2025-05-01,269,27,1,52.56,5
3946,2025-05-31,23,17,1,58.44,0
2355,2024-05-21,213,16,5,22.92,10
534,2024-09-24,242,20,1,60.25,5
2002,2025-08-12,225,5,2,15.92,0
432,2024-08-12,71,26,2,141.76,0
2577,2025-07-27,168,34,3,21.92,10
2206,2024-06-03,105,39,4,39.05,10
3872,2024-06-29,297,9,4,102.79,15
3325,2025-04-08,266,34,3,21.92,0
3843,2025-07-21,13,18,2,113.61,0
2754,2025-05-15,232,1,4,47.8,15
3107,2024-04-05,124,31,2,72.32,0
214,2024-12-12,51,9,2,102.79,0
2121,2025-06-15,47,29,3,98.91,5
3751,2025-07-29,253,19,2,43.01,0
4251,2025-04-21,100,25,3,94.83,5
2483,2024-11-14,299,20,1,60.25,0
4135,2025-05-20,14,23,2,102.85,5
537,2024-11-12,180,14,2,62.21,0
1263,2024-10-21,72,6,2,114.35,0
2748,2024-08-08,213,5,2,15.92,10
3171,2025-01-28,187,3,3,121.61,10
1914,2024-05-22,295,35,4,11.58,10
2887,2025-03-25,46,22,3,58.86,15
2212,2025-07-28,86,34,4,21.92,10
4397,2024-10-07,10,39,1,39.05,0
1849,2024-04-04,134,38,3,21.84,0
1363,2024-07-31,156,11,2,127.63,0
197,2025-09-18,265,11,3,127.63,15
1758,2025-02-22,134,15,2,43.35,0
193,2024-06-01,296,27,5,52.56,0
223,2024-05-28,242,37,3,149.41,0
2097,2025-06-30,157,14,1,62.21,10
31,2024-05-28,84,20,4,60.25,5
2926,2024-12-26,109,35,3,11.58,5
4320,2025-07-04,229,29,3,98.91,10
2043,2024-07-24,30,27,5,52.56,0
514,2025-07-20,205,20,4,60.25,15
1539,2024-06-17,131,20,5,60.25,15
1695,2024-09-28,292,18,4,113.61,5
1278,2025-06-25,61,12,4,85.81,15
1772,2024-08-20,220,3,1,121.61,0
3900,2024-11-06,56,5,2,15.92,15
4290,2025-04-14,31,8,1,103.07,0
2392,2024-12-06,128,9,4,102.79,0
3900,2024-11-06,56,15,4,43.35,5
3242,2024-06-18,112,37,5,149.41,15
2309,2024-05-13,124,34,5,21.92,0
3176,2024-04-08,242,30,1,97.13,0
4124,2024-06-26,92,18,5,113.61,10
2838,2025-01-27,258,32,4,106.66,5
3533,2024-12-30,3,40,3,82.94,0
1652,2024-04-24,296,30,5,97.13,15
1789,2025-01-02,85,33,4,99.14,15
4095,2025-08-17,280,31,4,72.32,0
4120,2024-10-19,137,34,2,21.92,0
80,2024-12-27,190,24,5,73.36,10
2294,2024-12-25,178,38,3,21.84,5
3170,2025-09-02,4,35,2,11.58,10
3599,2025-07-09,167,27,2,52.56,5
2542,2025-01-18,204,38,4,21.84,5
1797,2024-05-13,213,26,5,141.76,5
2805,2024-10-02,113,18,5,113.61,10
3140,2025-09-26,246,11,3,127.63,10
2718,2025-04-25,278,20,1,60.25,0
4311,2024-12-09,213,12,4,85.81,0
1350,2024-11-26,11,37,4,149.41,5
2250,2024-07-26,85,36,5,10.4,0
3728,2025-08-28,238,15,1,43.35,15
1784,2025-08-30,300,29,5,98.91,0
777,2025-07-23,222,24,4,73.36,0
544,2024-04-05,134,8,1,103.07,10
46,2024-06-25,62,10,3,62.62,0
3714,2024-11-05,192,35,5,11.58,0
416,2024-10-31,215,24,3,73.36,10
2530,2025-05-20,48,25,5,94.83,0
3027,2024-05-04,72,4,3,72.91,0
2680,2025-01-16,293,17,2,58.44,0
2783,2024-05-25,164,40,4,82.94,0
2080,2025-06-21,245,28,2,93.46,0
1047,2025-06-24,64,12,4,85.81,5
821,2025-04-25,238,30,5,97.13,10
1353,2024-11-19,239,23,4,102.85,5
1496,2024-05-20,184,9,5,102.79,0
2777,2024-11-23,290,15,5,43.35,0
1828,2025-07-03,147,26,2,141.76,0
496,2024-04-01,124,35,5,11.58,10
99,2024-10-15,61,6,3,114.35,0
3168,2025-06-20,93,36,4,10.4,0
3488,2024-07-16,74,26,4,141.76,5
1059,2024-08-22,2,27,1,52.56,0
1254,2024-06-29,250,13,4,18.09,15
1995,2025-05-07,98,22,4,58.86,0
3148,2024-05-03,242,11,5,127.63,0
3214,2024-12-21,10,22,4,58.86,15
850,2024-11-07,156,4,2,72.91,15
2113,2025-02-18,76,15,1,43.35,15
138,2024-08-22,36,7,3,37.71,10
1832,2024-07-16,184,26,4,141.76,5
533,2024-04-20,232,16,2,22.92,0
513,2024-09-05,207,29,3,98.91,0
1929,2024-10-19,239,15,3,43.35,15
3092,2024-11-03,22,6,5,114.35,0
88,2024-08-20,243,36,4,10.4,10
623,2025-09-10,216,2,1,131.21,0
3467,2024-08-24,273,23,1,102.85,10
2641,2025-06-08,232,35,2,11.58,5
46,2024-06-25,62,29,4,98.91,0
4182,2025-09-04,287,39,5,39.05,0
1846,2024-10-11,132,6,5,114.35,0
1571,2024-08-26,64,24,3,73.36,5
2258,2024-05-04,242,4,3,72.91,0
3273,2024-05-10,134,7,4,37.71,5
2337,2024-09-01,226,27,3,52.56,0
2669,2025-05-22,152,39,5,39.05,15
1915,2024-09-06,214,18,2,113.61,0
3837,2025-04-27,88,12,3,85.81,5
3884,2025-04-04,43,21,3,97.59,0
631,2025-07-23,138,34,2,21.92,15
4246,2025-08-10,81,34,4,21.92,0
1621,2025-05-05,150,19,5,43.01,15
3462,2024-04-08,124,26,4,141.76,15
2143,2024-08-26,82,17,1,58.44,0
2753,2024-12-17,296,3,2,121.61,10
4319,2025-05-22,241,29,2,98.91,0
1423,2024-10-13,151,5,1,15.92,0
3828,2025-07-13,130,14,5,62.21,0
233,2024-12-12,35,1,4,47.8,0
2659,2024-05-15,22,28,2,93.46,0
1473,2024-12-29,28,5,3,15.92,0
435,2025-06-27,75,3,2,121.61,15
2574,2024-12-23,21,35,5,11.58,0
4024,2025-07-12,35,26,2,141.76,0
3202,2024-11-24,81,27,1,52.56,0
916,2025-05-10,80,28,4,93.46,0
3511,2025-01-05,269,40,3,82.94,0
1683,2024-09-11,37,24,4,73.36,0
1022,2024-10-07,185,20,1,60.25,0
769,2024-04-22,124,14,2,62.21,10
1638,2025-03-10,173,17,4,58.44,15
1867,2024-09-12,289,6,5,114.35,0
2463,2024-12-30,268,1,2,47.8,10
2035,2025-09-30,115,6,1,114.35,0
2566,2024-11-30,47,4,2,72.91,5
3525,2024-11-10,147,39,1,39.05,15
3153,2025-06-15,108,40,3,82.94,0
2676,2024-07-08,15,26,2,141.76,5
954,2024-09-13,29,23,4,102.85,0
2170,2025-09-27,296,3,3,121.61,0
99,2024-10-15,61,33,1,99.14,0
2575,2024-12-23,4,33,2,99.14,0
2951,2024-11-20,284,33,1,99.14,0
3507,2024-11-04,121,10,4,62.62,5
309,2024-09-05,131,40,3,82.94,5
853,2025-07-29,179,26,3,141.76,15
339,2024-12-26,130,34,4,21.92,10
3868,2024-06-11,146,20,2,60.25,10
3409,2025-05-05,144,17,5,58.44,5
1148,2025-04-16,266,14,5,62.21,15
2784,2025-07-04,30,9,1,102.79,0
2262,2024-04-24,249,33,5,99.14,5
343,2024-08-16,264,37,2,149.41,0
1004,2024-05-15,49,20,1,60.25,0
809,2024-11-10,101,21,4,97.59,5
1183,2025-03-19,52,14,4,62.21,0
613,2024-08-04,133,2,1,131.21,0
49,2024-09-01,239,16,5,22.92,5
2547,2024-11-10,102,8,4,103.07,0
4138,2025-06-30,190,16,1,22.92,5
2199,2024-07-13,250,6,4,114.35,0
1753,2025-01-08,98,36,3,10.4,0
2888,2024-08-29,281,19,4,43.01,0
407,2025-02-19,286,13,2,18.09,0
3180,2025-03-28,75,33,3,99.14,0
3890,2025-04-08,78,13,2,18.09,15
2429,2025-01-30,28,18,4,113.61,5
2869,2024-07-09,232,35,5,11.58,15
573,2024-08-14,150,15,3,43.35,0
1752,2024-04-02,124,38,2,21.84,5
4172,2025-06-28,38,36,4,10.4,0
3984,2024-07-18,97,20,3,60.25,10
1138,2024-11-24,266,37,2,149.41,15
3390,2025-09-27,220,10,5,62.62,0
2668,2024-07-06,253,31,3,72.32,5
1735,2024-12-09,253,32,2,106.66,0
3652,2024-07-04,164,12,4,85.81,0
3578,2024-08-18,127,12,5,85.81,0
1397,2024-12-29,183,21,2,97.59,10
2259,2024-11-17,39,12,4,85.81,0
580,2024-11-12,142,21,2,97.59,10
383,2024-09-26,104,21,4,97.59,0
2143,2024-08-26,82,14,5,62.21,10
1769,2024-05-01,76,36,1,10.4,0
3251,2024-11-05,58,14,1,62.21,0
3069,2024-05-29,37,21,3,97.59,10
2884,2025-03-20,292,9,4,102.79,0
1676,2024-05-25,72,17,1,58.44,0
3786,2024-05-19,176,21,3,97.59,10
1733,2025-08-14,238,11,5,127.63,0
1017,2024-07-10,19,26,5,141.76,5
2335,2024-05-18,49,27,5,52.56,15
2740,2024-07-12,63,18,5,113.61,10
4074,2024-09-06,76,12,1,85.81,5
3585,2025-09-23,178,22,4,58.86,0
1706,2024-06-28,148,26,1,141.76,0
1082,2025-02-07,17,22,3,58.86,15
845,2024-11-25,129,6,5,114.35,0
2427,2024-10-30,184,4,1,72.91,0
1154,2025-04-28,170,40,2,82.94,0
71,2024-12-13,84,39,1,39.05,0
2025,2025-02-23,134,13,3,18.09,0
3186,2024-12-22,28,37,4,149.41,10
2629,2024-08-20,145,27,5,52.56,0
4005,2025-05-03,297,36,5,10.4,10
3909,2024-12-22,265,40,2,82.94,0
2389,2024-04-08,134,24,2,73.36,15
2157,2025-03-26,58,3,1,121.61,0
2139,2024-05-06,218,30,3,97.13,0
1065,2024-05-01,22,17,2,58.44,0
3591,2025-05-22,186,22,2,58.86,5
2217,2024-07-18,1,19,1,43.01,15
2141,2024-06-17,30,40,2,82.94,0
461,2025-02-10,159,9,4,102.79,5
2900,2024-12-18,278,35,1,11.58,10
807,2024-11-05,148,18,1,113.61,0
3537,2024-06-01,241,14,1,62.21,0
1483,2025-05-19,107,21,4,97.59,0
3234,2024-11-03,260,37,1,149.41,15
1201,2024-12-06,24,18,2,113.61,0
1533,2024-08-22,101,13,3,18.09,15
4269,2025-08-14,167,36,4,10.4,0
578,2024-08-27,205,35,3,11.58,10
3448,2024-08-30,118,22,4,58.86,0
1324,2024-09-29,195,2,5,131.21,0
367,2024-12-13,35,23,3,102.85,0
3529,2024-11-05,135,1,4,47.8,0
1670,2024-09-23,81,26,5,141.76,0
3256,2025-05-29,83,20,4,60.25,0
2518,2024-05-25,62,12,3,85.81,15
1290,2024-11-24,262,8,4,103.07,0
3898,2025-09-15,5,19,1,43.01,0
416,2024-10-31,215,6,5,114.35,15
589,2024-12-07,198,17,5,58.44,0
3919,2025-03-10,209,30,3,97.13,0
1366,2024-08-17,137,8,1,103.07,0
1505,2025-08-02,21,5,3,15.92,10
850,2024-11-07,156,25,2,94.83,15
4383,2025-08-03,18,28,5,93.46,0
1422,2025-01-06,1,37,2,149.41,15
2013,2025-05-29,133,32,5,106.66,0
4267,2025-04-16,100,21,5,97.59,5
835,2024-05-13,58,1,5,47.8,0
3114,2025-02-05,219,33,2,99.14,0
4206,2025-09-30,251,12,4,85.81,0
729,2024-09-21,23,12,3,85.81,5
3133,2025-06-08,260,21,5,97.59,0
4108,2024-11-24,110,2,4,131.21,15
2258,2024-05-04,242,17,5,58.44,10
1815,2025-06-10,67,24,4,73.36,5
3512,2025-08-07,269,24,2,73.36,10
301,2025-03-20,68,33,3,99.14,15
3964,2025-01-23,215,32,2,106.66,10
3606,2024-08-30,116,26,4,141.76,15
608,2025-02-14,228,36,3,10.4,5
323,2025-05-10,16,9,3,102.79,0
4371,2025-04-02,217,2,3,131.21,0
668,2025-04-18,55,6,3,114.35,10
1533,2024-08-22,101,12,3,85.81,10
1407,2025-04-04,183,6,1,114.35,5
451,2024-11-23,298,12,2,85.81,0
1222,2024-06-15,232,22,3,58.86,10
3472,2024-09-05,209,30,2,97.13,5
3686,2024-10-13,132,11,5,127.63,15
861,2025-08-09,223,7,4,37.71,15
2581,2024-08-28,74,28,3,93.46,5
1017,2024-07-10,19,13,3,18.09,10
3349,2024-07-15,49,29,2,98.91,0
127,2024-08-28,6,36,3,10.4,0
3015,2024-12-31,55,32,1,106.66,10
1814,2025-04-08,251,2,2,131.21,10
3304,2024-09-05,30,13,4,18.09,10
1352,2024-09-26,146,24,2,73.36,0
331,2025-07-18,229,32,5,106.66,0
2185,2025-07-20,89,17,1,58.44,0
1891,2024-04-10,134,40,1,82.94,0
556,2024-11-14,225,28,5,93.46,5
2065,2025-01-21,235,14,5,62.21,10
4201,2024-04-02,124,16,2,22.92,5
3902,2025-03-21,149,14,4,62.21,15
1553,2025-08-20,284,40,3,82.94,10
1691,2024-09-01,273,33,3,99.14,10
980,2024-08-12,243,12,3,85.81,0
3195,2025-01-25,218,16,4,22.92,0
1713,2025-03-05,286,27,5,52.56,5
2543,2025-01-10,74,25,3,94.83,5
3997,2025-01-31,7,9,3,102.79,0
652,2025-09-21,223,8,3,103.07,15
2333,2024-07-24,131,18,1,113.61,0
1949,2024-10-17,41,39,1,39.05,0
419,2024-07-18,278,7,5,37.71,0
978,2024-07-31,190,11,4,127.63,0
1614,2024-10-30,82,36,5,10.4,0
930,2025-05-29,171,16,4,22.92,10
1309,2024-10-14,146,38,5,21.84,5
3826,2024-12-26,11,33,3,99.14,0
64,2024-06-15,231,29,3,98.91,15
3346,2025-05-30,35,30,2,97.13,0
4085,2024-05-21,194,32,1,106.66,15
2277,2024-09-02,283,7,4,37.71,0
4057,2025-06-23,230,32,5,106.66,10
295,2024-10-18,65,26,2,141.76,5
2991,2025-05-23,35,9,4,102.79,0
3238,2024-05-17,295,29,1,98.91,10
4363,2025-09-19,60,31,2,72.32,15
2227,2025-04-09,282,15,1,43.35,0
294,2024-07-18,15,32,4,106.66,0
3637,2025-01-09,282,17,1,58.44,0
3572,2024-11-25,237,18,3,113.61,5
465,2024-09-29,174,6,4,114.35,0
4071,2024-07-22,226,11,4,127.63,15
3091,2024-11-03,93,3,2,121.61,0
812,2025-04-19,256,13,2,18.09,15
2156,2024-08-12,250,30,2,97.13,0
2450,2024-12-18,173,10,2,62.62,0
2729,2024-11-19,296,13,1,18.09,0
4048,2024-08-07,130,23,1,102.85,0
3115,2025-03-24,270,10,1,62.62,0
2377,2024-12-08,7,8,5,103.07,15
1709,2024-12-29,77,19,1,43.01,0
3691,2024-04-04,134,24,5,73.36,0
1047,2025-06-24,64,10,2,62.62,10
814,2025-03-06,176,35,2,11.58,15
1310,2024-12-24,189,16,2,22.92,0
664,2024-08-30,56,6,2,114.35,0
3708,2024-10-27,102,9,4,102.79,0
3618,2024-10-25,289,30,4,97.13,0
649,2025-04-12,94,25,1,94.83,10
3278,2024-08-10,24,37,1,149.41,0
2505,2025-05-10,185,25,4,94.83,0
3574,2025-01-05,291,25,1,94.83,0
2509,2024-08-23,81,37,3,149.41,5
264,2025-04-03,260,12,3,85.81,15
2397,2024-08-02,3,3,2,121.61,0
181,2025-01-06,48,17,2,58.44,0
2384,2025-08-08,22,8,5,103.07,0
2506,2024-06-08,184,23,4,102.85,5
82,2024-10-21,206,33,4,99.14,10
4304,2024-12-24,210,38,3,21.84,0
2142,2024-09-02,165,27,3,52.56,0
166,2025-01-21,72,29,3,98.91,0
1279,2024-07-08,273,5,2,15.92,0
3256,2025-05-29,83,30,1,97.13,0
1043,2025-08-21,70,20,1,60.25,5
273,2025-08-15,184,11,1,127.63,0
2799,2024-11-25,227,4,2,72.91,0
4112,2024-11-24,61,31,1,72.32,5
599,2024-05-15,22,1,5,47.8,0
1395,2025-08-14,289,2,4,131.21,0
3718,2025-08-10,164,37,4,149.41,15
2816,2025-01-13,77,1,2,47.8,10
403,2025-01-31,102,14,4,62.21,0
2274,2024-08-25,102,26,4,141.76,0
288,2025-02-16,7,34,5,21.92,0
4323,2025-05-20,217,3,4,121.61,5
2719,2025-06-14,282,23,5,102.85,0
2630,2025-06-03,168,35,1,11.58,5
3693,2025-01-12,184,38,2,21.84,15
3778,2024-08-12,253,6,3,114.35,0
1122,2025-06-19,35,12,5,85.81,0
1969,2024-12-31,220,37,4,149.41,10
2079,2025-03-18,217,20,3,60.25,0
2303,2024-10-19,161,30,4,97.13,10
2341,2024-12-02,67,27,3,52.56,10
3930,2024-08-15,46,17,4,58.44,0
2290,2025-05-21,87,29,4,98.91,0
3562,2024-10-23,23,6,5,114.35,0
1916,2024-04-02,124,14,5,62.21,0
1096,2025-04-23,299,10,4,62.62,15
3646,2025-05-22,275,1,1,47.8,5
4151,2024-12-09,39,5,4,15.92,0
4299,2024-07-22,249,38,1,21.84,10
2439,2024-10-15,291,32,2,106.66,0
2104,2025-07-13,299,11,3,127.63,15
4346,2025-09-18,124,24,2,73.36,10
2865,2025-04-18,101,27,1,52.56,0
453,2025-08-15,167,3,5,121.61,15
3703,2024-04-27,14,35,5,11.58,0
3837,2025-04-27,88,18,2,113.61,0
3253,2025-04-04,210,30,5,97.13,0
1229,2024-08-01,201,32,1,106.66,15
3072,2024-04-14,134,34,1,21.92,10
2007,2025-05-24,240,5,3,15.92,0
305,2024-05-19,150,21,3,97.59,0
2084,2024-11-24,59,4,2,72.91,5
2352,2024-08-10,3,26,4,141.76,0
244,2025-07-31,294,31,1,72.32,5
2090,2024-11-22,215,10,5,62.62,15
3359,2024-05-02,218,11,4,127.63,10
4001,2025-06-06,213,3,4,121.61,15
2092,2025-02-02,293,17,3,58.44,0
3569,2025-07-03,266,5,5,15.92,10
1987,2024-12-25,205,16,5,22.92,5
54,2024-05-16,146,31,4,72.32,0
862,2024-04-21,249,34,1,21.92,0
314,2024-12-03,218,35,5,11.58,0
2785,2025-03-10,214,34,5,21.92,10
2454,2024-09-05,88,3,5,121.61,0
2126,2025-07-17,166,22,3,58.86,5
813,2025-03-03,69,21,4,97.59,15
2106,2024-08-25,33,38,1,21.84,0
2159,2024-04-10,242,30,2,97.13,5
515,2024-04-13,150,3,3,121.61,0
733,2024-08-07,158,33,2,99.14,10
3816,2024-12-29,57,19,5,43.01,0
1246,2024-12-19,265,5,5,15.92,5
2027,2025-04-22,260,5,2,15.92,15
1252,2024-08-01,200,28,5,93.46,0
4140,2024-12-30,133,10,2,62.62,5
1210,2025-02-20,258,32,4,106.66,0
1853,2024-08-23,167,25,2,94.83,10
721,2025-07-04,77,6,4,114.35,0
2501,2024-08-10,71,18,5,113.61,10
2760,2024-09-21,134,3,2,121.61,15
3712,2024-08-09,118,30,4,97.13,0
1844,2024-11-22,226,3,4,121.61,15
3385,2025-07-19,81,19,2,43.01,15
4037,2025-06-12,203,15,4,43.35,0
3770,2025-01-24,174,11,4,127.63,5
2792,2024-08-02,243,5,5,15.92,10
1476,2025-01-09,146,39,1,39.05,10
2818,2024-07-14,278,3,2,121.61,15
557,2025-08-04,51,32,1,106.66,15
3804,2024-11-04,293,16,2,22.92,0
2974,2025-07-04,123,31,4,72.32,10
2692,2025-06-29,214,27,1,52.56,0
1502,2024-08-22,132,10,4,62.62,5
2057,2024-12-29,228,8,5,103.07,5
4356,2024-04-30,240,39,1,39.05,0
3036,2025-02-27,163,12,4,85.81,10
3867,2025-03-28,246,30,4,97.13,5
1782,2025-09-10,236,6,2,114.35,15
1374,2024-06-06,76,6,1,114.35,15
3197,2024-12-14,39,27,3,52.56,0
1962,2025-03-12,109,16,1,22.92,10
1137,2024-12-27,127,24,1,73.36,5
2278,2024-09-10,277,9,2,102.79,15
3295,2024-12-13,258,37,4,149.41,10
3826,2024-12-26,11,23,3,102.85,0
319,2024-09-30,94,37,2,149.41,0
3374,2024-10-22,167,4,3,72.91,0
2582,2024-05-12,295,34,5,21.92,0
891,2025-03-06,17,31,4,72.32,5
1391,2025-08-20,111,20,5,60.25,5
4252,2024-11-21,118,28,3,93.46,0
3229,2025-04-06,15,1,1,47.8,0
1319,2025-06-15,130,6,2,114.35,0
2491,2025-03-06,287,20,2,60.25,0
4090,2025-04-23,78,23,1,102.85,10
3831,2025-09-29,73,25,5,94.83,10
3294,2024-12-13,49,36,2,10.4,0
39,2024-04-19,157,22,2,58.86,0
2808,2025-01-12,126,1,4,47.8,5
2419,2025-09-30,174,3,2,121.61,15
2563,2025-08-16,195,13,5,18.09,0
2115,2024-06-21,3,9,3,102.79,0
655,2024-04-11,249,21,2,97.59,15
1556,2024-12-21,39,19,5,43.01,0
4367,2024-12-27,167,21,3,97.59,5
488,2025-07-24,50,31,3,72.32,5
1086,2025-01-06,186,1,3,47.8,0
268,2024-08-25,135,32,2,106.66,0
415,2024-05-03,213,34,3,21.92,0
4148,2025-07-03,295,29,4,98.91,0
760,2024-08-27,24,33,1,99.14,5
1378,2025-08-01,102,31,5,72.32,0
4079,2024-09-02,183,21,4,97.59,10
1458,2024-12-09,224,15,1,43.35,5
2135,2025-07-26,227,14,1,62.21,0
3942,2025-05-31,7,8,4,103.07,0
1720,2025-08-16,74,28,1,93.46,0
3257,2024-06-18,92,32,5,106.66,0
3,2025-05-13,142,8,1,103.07,15
335,2024-09-11,75,23,4,102.85,0
2774,2025-05-12,273,17,4,58.44,10
2648,2025-09-04,296,19,3,43.01,15
4110,2024-07-18,102,21,1,97.59,10
4068,2024-12-03,114,20,2,60.25,0
430,2025-05-09,76,6,1,114.35,10
3385,2025-07-19,81,14,5,62.21,10
3794,2024-11-28,262,30,2,97.13,0
2324,2024-06-19,264,29,2,98.91,0
1556,2024-12-21,39,27,1,52.56,0
1495,2024-04-22,296,26,2,141.76,0
2205,2025-08-31,198,4,2,72.91,0
4010,2024-12-06,191,1,2,47.8,0
2746,2024-12-21,160,28,3,93.46,0
189,2025-01-17,14,14,5,62.21,0
4098,2024-12-17,16,28,5,93.46,0
2501,2024-08-10,71,40,1,82.94,0
982,2024-07-15,44,7,1,37.71,5
2571,2025-07-07,179,24,4,73.36,15
3492,2025-08-15,208,24,1,73.36,0
1192,2024-06-21,63,22,5,58.86,0
4250,2024-07-21,1,32,1,106.66,10
4071,2024-07-22,226,33,3,99.14,5
4249,2025-05-18,159,2,1,131.21,15
1379,2024-10-20,90,37,1,149.41,15
1666,2025-07-30,197,11,5,127.63,15
3917,2024-07-01,62,4,1,72.91,0
2314,2025-03-26,213,30,4,97.13,10
2958,2025-06-14,263,18,2,113.61,0
2460,2024-11-15,53,18,2,113.61,0
1794,2024-12-29,232,10,1,62.62,0
842,2025-07-23,87,8,2,103.07,0
2534,2025-05-23,66,16,2,22.92,15
1764,2024-07-09,291,29,5,98.91,0
2300,2025-01-14,112,21,3,97.59,5
2796,2024-06-11,82,5,2,15.92,0
3135,2024-06-09,118,22,5,58.86,0
1252,2024-08-01,200,32,1,106.66,10
2444,2024-12-18,235,37,5,149.41,0
1528,2024-09-06,18,4,5,72.91,0
283,2024-09-26,15,24,1,73.36,0
526,2024-12-22,132,32,4,106.66,0
1640,2024-07-08,44,28,1,93.46,0
3549,2024-08-18,118,27,2,52.56,0
623,2025-09-10,216,31,4,72.32,10
3395,2025-08-16,112,4,2,72.91,15
2720,2025-06-14,82,32,3,106.66,10
2925,2024-05-08,249,24,3,73.36,0
455,2024-12-08,283,3,1,121.61,0
1515,2025-02-02,256,17,4,58.44,0
4293,2024-05-09,176,40,3,82.94,15
255,2025-04-05,102,33,1,99.14,0
2336,2024-05-03,164,30,2,97.13,5
3606,2024-08-30,116,17,5,58.44,0
3573,2024-09-18,199,39,4,39.05,0
4336,2024-09-15,50,3,4,121.61,0
1363,2024-07-31,156,31,1,72.32,0
2462,2025-06-25,236,28,3,93.46,0
947,2024-05-16,232,21,4,97.59,10
1394,2025-03-15,296,9,5,102.79,10
1990,2025-09-28,268,16,5,22.92,5
657,2024-05-24,118,31,5,72.32,15
4118,2025-02-08,111,8,2,103.07,5
3663,2025-02-22,283,29,5,98.91,0
3675,2024-07-10,72,34,3,21.92,0
1099,2025-07-28,269,37,4,149.41,0
1137,2024-12-27,127,2,5,131.21,15
2994,2024-11-15,182,35,2,11.58,0
1265,2025-04-25,216,20,4,60.25,5
492,2024-10-31,275,22,5,58.86,5
73,2025-02-04,248,26,4,141.76,0
3839,2025-01-20,97,25,3,94.83,0
3662,2024-12-16,7,22,3,58.86,5
1489,2024-11-21,53,40,3,82.94,0
80,2024-12-27,190,4,1,72.91,5
563,2024-09-27,248,36,2,10.4,0
1766,2024-12-09,29,15,3,43.35,0
3353,2025-05-30,167,31,2,72.32,15
858,2025-06-19,77,8,4,103.07,15
3048,2025-09-10,68,16,4,22.92,0
2672,2025-07-14,103,6,3,114.35,0
3696,2024-11-22,253,23,3,102.85,15
628,2024-11-18,102,37,2,149.41,0
3019,2025-06-29,43,39,4,39.05,0
4064,2024-12-12,126,5,4,15.92,0
942,2024-07-04,220,14,4,62.21,0
13,2024-11-07,49,7,5,37.71,0
1742,2024-05-29,184,1,4,47.8,5
4238,2025-04-29,50,12,2,85.81,10
3237,2024-05-06,49,22,4,58.86,0
3467,2024-08-24,273,30,5,97.13,5
2652,2024-04-13,64,19,1,43.01,0
2851,2025-08-27,291,21,3,97.59,10
4300,2025-05-13,209,15,1,43.35,0
918,2024-06-13,221,30,1,97.13,15
1715,2025-04-08,163,33,1,99.14,0
1553,2025-08-20,284,3,4,121.61,0
707,2024-07-23,245,24,3,73.36,15
4290,2025-04-14,31,20,4,60.25,5
1891,2024-04-10,134,20,1,60.25,0
1999,2024-12-11,106,19,2,43.01,15
1996,2024-11-10,297,17,3,58.44,10
2767,2024-12-22,192,10,1,62.62,10
64,2024-06-15,231,6,3,114.35,15
263,2025-06-03,208,3,3,121.61,15
4362,2024-09-02,58,11,5,127.63,15
1576,2024-11-12,135,2,4,131.21,5
3112,2024-11-24,14,15,2,43.35,0
2692,2025-06-29,214,26,2,141.76,15
3690,2025-02-14,240,23,1,102.85,5
2610,2025-08-18,33,23,1,102.85,15
1482,2025-05-03,227,24,1,73.36,10
2033,2025-05-24,89,12,4,85.81,0
1282,2025-08-30,94,15,5,43.35,10
735,2024-09-19,1,31,3,72.32,10
3691,2024-04-04,134,1,5,47.8,10
3652,2024-07-04,164,11,3,127.63,0
1922,2025-03-10,25,13,4,18.09,5
1445,2024-04-29,232,12,5,85.81,15
1183,2025-03-19,52,31,3,72.32,0
3597,2024-06-29,64,23,4,102.85,0
4218,2024-12-16,147,12,3,85.81,15
3865,2024-11-21,129,37,2,149.41,0
1747,2025-03-18,271,40,4,82.94,5
1075,2025-01-25,126,35,3,11.58,5
3262,2024-05-13,146,39,5,39.05,0
2194,2025-06-27,262,40,4,82.94,0
3160,2025-04-30,286,1,3,47.8,0
1497,2025-07-18,126,8,1,103.07,5
2381,2024-04-13,124,22,5,58.86,0
1260,2024-06-10,158,14,4,62.21,0
1123,2025-03-24,248,15,4,43.35,5
192,2025-05-02,292,12,1,85.81,0
4315,2024-08-04,205,37,3,149.41,0
298,2025-06-18,300,12,5,85.81,10
3283,2024-09-17,206,25,4,94.83,15
333,2024-05-02,296,14,5,62.21,5
4175,2025-09-10,278,22,5,58.86,0
2892,2025-09-05,227,16,2,22.92,0
3785,2025-06-19,2,30,3,97.13,0
1515,2025-02-02,256,38,5,21.84,0
3017,2024-08-31,246,13,1,18.09,0
3035,2024-11-28,30,30,2,97.13,5
1627,2024-07-06,296,35,2,11.58,5
78,2024-04-24,64,14,5,62.21,15
1966,2025-05-14,118,21,5,97.59,0
515,2024-04-13,150,34,5,21.92,15
2741,2025-02-10,258,10,2,62.62,5
188,2024-08-22,56,9,5,102.79,15
122,2024-05-11,33,36,2,10.4,0
2980,2024-11-24,186,16,4,22.92,10
3729,2024-04-30,213,9,4,102.79,15
3977,2025-05-31,249,30,4,97.13,0
2852,2024-06-18,148,29,4,98.91,10
230,2024-09-29,283,37,4,149.41,10
2637,2024-08-26,102,29,1,98.91,10
1998,2024-06-14,105,19,2,43.01,0
1723,2024-04-08,249,6,1,114.35,0
3898,2025-09-15,5,37,2,149.41,0
1456,2024-12-29,125,14,2,62.21,5
1583,2024-04-17,64,37,2,149.41,0
3438,2025-03-27,16,1,1,47.8,5
4346,2025-09-18,124,23,3,102.85,10
1458,2024-12-09,224,27,4,52.56,0
4111,2024-08-07,104,7,3,37.71,0
193,2024-06-01,296,19,5,43.01,10
1268,2025-01-26,191,12,1,85.81,0
149,2025-08-16,295,25,3,94.83,0
1232,2024-12-19,96,30,5,97.13,0
2536,2025-02-26,139,19,5,43.01,0
372,2025-08-18,4,31,3,72.32,10
1526,2025-05-08,174,31,3,72.32,10
913,2025-02-27,43,40,1,82.94,0
2323,2025-02-25,12,9,3,102.79,15
1236,2025-06-15,58,13,1,18.09,0
3590,2025-08-31,40,24,5,73.36,0
420,2024-09-09,220,21,4,97.59,15
2658,2025-09-04,84,25,4,94.83,15
4330,2024-12-23,123,26,3,141.76,5
1581,2025-01-04,103,37,5,149.41,0
1280,2024-11-19,278,8,5,103.07,15
2783,2024-05-25,164,29,5,98.91,15
769,2024-04-22,124,22,3,58.86,0
2148,2024-11-29,276,2,4,131.21,0
3964,2025-01-23,215,38,3,21.84,0
473,2024-10-31,190,5,3,15.92,5
967,2024-08-27,142,1,2,47.8,5
3225,2024-12-24,62,33,2,99.14,0
4079,2024-09-02,183,40,3,82.94,5
1784,2025-08-30,300,8,5,103.07,10
117,2024-11-09,75,21,5,97.59,0
2375,2025-07-07,134,24,1,73.36,15
3271,2025-03-19,230,20,2,60.25,0
3937,2025-04-19,292,24,2,73.36,0
2845,2024-09-01,7,6,1,114.35,0
1239,2025-02-21,261,12,4,85.81,0
220,2024-12-08,296,25,3,94.83,5
961,2025-08-11,109,3,5,121.61,0
3600,2025-07-29,30,21,1,97.59,0
187,2025-03-26,110,27,4,52.56,0
145,2025-09-16,87,11,3,127.63,5
1841,2025-08-25,16,14,5,62.21,10
3654,2024-12-13,211,16,1,22.92,5
1074,2024-06-18,37,35,3,11.58,0
285,2025-05-15,234,31,2,72.32,15
579,2024-08-29,248,3,4,121.61,10
3452,2024-06-27,58,7,1,37.71,10
3060,2024-04-30,240,4,5,72.91,5
2055,2025-08-07,253,24,1,73.36,15
3825,2024-12-20,100,16,1,22.92,0
1248,2024-05-28,213,18,4,113.61,0
2897,2024-05-19,148,29,2,98.91,10
15,2024-11-04,50,23,2,102.85,5
3324,2025-08-14,101,37,5,149.41,0
4014,2025-06-30,156,21,1,97.59,0
3525,2024-11-10,147,24,5,73.36,0
3376,2024-12-21,68,35,4,11.58,0
338,2024-12-26,300,24,1,73.36,10
809,2024-11-10,101,9,4,102.79,0
4216,2025-08-30,209,39,3,39.05,0
3266,2025-03-13,96,30,1,97.13,10
2293,2025-06-02,202,3,4,121.61,0
2274,2024-08-25,102,13,5,18.09,0
3055,2024-05-10,131,8,5,103.07,0
1190,2025-02-21,66,1,3,47.8,5
2301,2024-07-02,171,14,3,62.21,15
1111,2025-03-22,146,8,3,103.07,5
1424,2024-12-26,236,2,1,131.21,0
591,2025-03-31,25,5,5,15.92,0
1128,2025-07-03,210,37,5,149.41,0
717,2024-05-12,240,24,3,73.36,0
3916,2024-06-19,42,35,4,11.58,0
3897,2024-05-30,295,9,1,102.79,0
1574,2025-05-29,57,18,5,113.61,0
89,2024-09-25,176,17,3,58.44,10
2737,2025-06-27,201,38,4,21.84,10
1555,2024-12-21,201,22,5,58.86,0
893,2025-03-19,257,16,1,22.92,15
3792,2025-06-04,289,35,3,11.58,10
2144,2024-05-23,15,20,5,60.25,5
3807,2024-06-21,226,19,5,43.01,5
2491,2025-03-06,287,15,4,43.35,15
2065,2025-01-21,235,38,3,21.84,10
3738,2024-12-08,208,2,3,131.21,0
3539,2024-04-23,231,6,1,114.35,15
401,2025-07-16,49,25,2,94.83,15
823,2025-05-20,213,32,1,106.66,5
3805,2025-02-25,223,40,4,82.94,0
1998,2024-06-14,105,4,2,72.91,0
1271,2025-07-20,213,39,3,39.05,0
229,2024-09-09,176,21,3,97.59,0
2823,2024-11-01,13,30,5,97.13,0
2717,2024-12-22,147,24,1,73.36,15
4062,2024-11-21,273,12,3,85.81,0
583,2025-06-12,190,19,1,43.01,0
1573,2025-08-14,141,28,3,93.46,0
3458,2025-03-22,66,20,2,60.25,15
635,2024-05-14,220,4,1,72.91,0
2786,2025-08-18,109,16,1,22.92,0
3268,2024-11-18,192,31,2,72.32,0
213,2024-07-03,89,4,4,72.91,5
3759,2025-04-16,31,38,2,21.84,15
2509,2024-08-23,81,1,2,47.8,0
2407,2024-04-11,150,10,2,62.62,0
2505,2025-05-10,185,4,4,72.91,0
3519,2024-04-22,134,35,3,11.58,10
1754,2024-09-07,8,31,4,72.32,0
256,2025-04-17,251,12,3,85.81,0
1556,2024-12-21,39,2,5,131.21,10
1858,2024-04-06,282,30,1,97.13,5
320,2025-05-23,199,21,1,97.59,15
2055,2025-08-07,253,28,5,93.46,10
3462,2024-04-08,124,25,5,94.83,5
3161,2024-07-11,158,17,1,58.44,15
2343,2024-08-25,131,14,1,62.21,10
3326,2025-05-08,119,3,3,121.61,0
4297,2025-01-04,209,39,5,39.05,15
2686,2024-05-29,296,21,2,97.59,5
2034,2025-09-09,14,14,1,62.21,0
4249,2025-05-18,159,22,1,58.86,0
3586,2024-07-13,84,21,3,97.59,0
129,2024-12-08,297,4,4,72.91,0
539,2024-05-12,64,40,4,82.94,0
1983,2025-07-22,5,24,1,73.36,0
3864,2024-07-20,282,25,3,94.83,5
1595,2024-09-18,102,39,4,39.05,5
1542,2024-12-20,220,28,2,93.46,0
820,2025-06-18,80,25,5,94.83,0
3226,2024-05-27,148,15,3,43.35,15
3005,2024-07-25,150,8,2,103.07,10
1283,2025-09-20,25,34,2,21.92,15
3968,2025-02-22,241,22,5,58.86,5
3830,2025-05-12,218,37,4,149.41,15
1882,2024-05-25,150,24,4,73.36,0
678,2024-07-06,184,23,1,102.85,10
3124,2024-06-15,218,38,4,21.84,0
1488,2024-11-21,116,25,3,94.83,0
3679,2024-09-10,94,29,1,98.91,0
1896,2024-04-20,231,35,2,11.58,5
1288,2024-10-16,88,18,5,113.61,15
822,2025-07-25,101,13,1,18.09,10
141,2024-11-20,226,25,3,94.83,0
407,2025-02-19,286,2,1,131.21,5
3522,2024-05-03,64,31,5,72.32,15
3322,2024-11-03,197,37,4,149.41,0
2574,2024-12-23,21,7,5,37.71,0
105,2024-10-25,194,11,5,127.63,5
3162,2024-04-29,58,7,3,37.71,0
2151,2024-05-13,232,32,3,106.66,15
3414,2024-09-29,46,3,4,121.61,15
1791,2025-06-08,58,28,5,93.46,15
1880,2025-06-20,20,29,2,98.91,15
166,2025-01-21,72,21,5,97.59,0
2387,2024-10-08,242,8,5,103.07,15
1452,2025-04-02,244,16,1,22.92,10
1684,2024-09-26,27,37,5,149.41,0
1160,2024-04-11,134,34,3,21.92,0
1437,2024-07-20,167,5,2,15.92,5
2471,2024-12-22,37,13,1,18.09,5
2066,2025-09-29,15,21,5,97.59,5
4152,2024-12-09,29,33,2,99.14,5
3771,2024-10-29,205,17,4,58.44,0
4087,2024-11-14,219,25,4,94.83,0
503,2024-06-26,56,40,4,82.94,0
2368,2025-08-21,101,32,2,106.66,5
12,2024-11-07,133,15,4,43.35,5
1505,2025-08-02,21,23,2,102.85,0
3721,2025-02-16,216,30,3,97.13,0
2972,2024-04-26,295,33,3,99.14,10
3933,2024-12-28,297,19,4,43.01,15
3612,2024-11-16,265,37,1,149.41,5
3545,2025-03-30,51,30,1,97.13,0
2908,2025-05-22,183,23,5,102.85,5
3855,2025-05-09,129,18,2,113.61,0
1110,2025-01-18,166,3,3,121.61,0
953,2024-06-16,67,1,4,47.8,0
1447,2024-10-21,168,25,2,94.83,0
3135,2024-06-09,118,9,4,102.79,5
3545,2025-03-30,51,24,5,73.36,15
2054,2025-09-03,115,39,1,39.05,5
1300,2024-11-01,182,26,4,141.76,0
953,2024-06-16,67,10,4,62.62,0
3463,2025-02-01,165,4,2,72.91,15
2200,2025-02-09,116,33,5,99.14,0
3692,2025-07-12,194,5,3,15.92,0
2942,2024-05-07,231,37,5,149.41,5
4287,2025-09-28,258,2,5,131.21,0
1175,2024-11-02,154,8,2,103.07,5
2848,2025-01-23,135,16,4,22.92,0
3792,2025-06-04,289,29,1,98.91,5
2542,2025-01-18,204,20,2,60.25,0
2958,2025-06-14,263,7,4,37.71,0
2657,2025-03-23,217,29,3,98.91,0
2352,2024-08-10,3,5,2,15.92,0
38,2025-03-03,66,28,5,93.46,0
3761,2024-07-02,214,27,5,52.56,15
3003,2024-07-05,264,36,2,10.4,10
1433,2024-09-16,19,10,2,62.62,10
3115,2025-03-24,270,22,4,58.86,15
3581,2025-02-28,231,33,3,99.14,0
4260,2024-12-27,202,28,2,93.46,10
4244,2025-02-25,285,28,5,93.46,15
1550,2025-07-13,199,3,5,121.61,0
1107,2025-03-30,230,19,5,43.01,10
1830,2024-05-13,118,25,5,94.83,10
2196,2025-09-05,156,16,4,22.92,15
2883,2025-04-26,292,2,5,131.21,15
3948,2025-01-28,73,30,5,97.13,10
606,2024-11-06,166,32,3,106.66,10
2799,2024-11-25,227,39,4,39.05,10
3948,2025-01-28,73,3,4,121.61,5
1774,2025-07-23,64,2,5,131.21,10
2604,2025-07-20,278,23,2,102.85,5
3923,2024-08-31,27,35,4,11.58,0
1644,2024-04-06,282,13,4,18.09,15
1631,2024-05-01,232,22,4,58.86,0
4079,2024-09-02,183,20,5,60.25,5
3505,2024-06-04,19,39,3,39.05,10
4103,2024-04-04,124,27,4,52.56,0
2208,2024-11-01,98,7,5,37.71,5
1875,2025-05-29,285,27,2,52.56,10
3270,2025-03-14,272,14,2,62.21,0
2698,2025-05-13,65,27,4,52.56,10
2491,2025-03-06,287,11,3,127.63,0
942,2024-07-04,220,40,1,82.94,15
3063,2025-04-17,36,6,1,114.35,0
1948,2025-08-09,92,5,2,15.92,0
2373,2025-04-01,46,11,3,127.63,0
1927,2025-04-11,208,30,4,97.13,0
750,2024-12-12,106,22,1,58.86,15
3482,2025-05-12,17,23,2,102.85,0
3732,2024-11-20,282,19,5,43.01,0
1773,2025-05-18,213,7,1,37.71,0
1423,2024-10-13,151,18,1,113.61,0
1124,2025-05-07,183,15,2,43.35,15
1243,2025-02-05,190,22,3,58.86,5
3324,2025-08-14,101,10,2,62.62,5
1607,2024-06-27,241,39,5,39.05,5
1963,2024-05-27,72,32,1,106.66,5
978,2024-07-31,190,21,5,97.59,0
1633,2025-07-28,255,39,5,39.05,15
471,2024-04-30,76,31,2,72.32,5
1237,2025-09-02,248,17,3,58.44,15
2535,2025-01-30,53,6,4,114.35,0
1127,2024-11-27,180,29,4,98.91,15
2291,2024-04-14,64,16,3,22.92,10
1193,2024-10-20,176,30,3,97.13,0
2300,2025-01-14,112,37,2,149.41,0
3952,2024-12-09,247,14,2,62.21,10
2204,2025-05-17,27,28,1,93.46,15
3681,2025-01-25,27,16,2,22.92,15
78,2024-04-24,64,33,5,99.14,0
3085,2024-12-14,288,13,2,18.09,5
3214,2024-12-21,10,10,4,62.62,10
3974,2025-08-06,44,4,1,72.91,10
2013,2025-05-29,133,31,1,72.32,10
2654,2025-04-10,265,28,5,93.46,10
681,2025-09-30,10,26,1,141.76,0
4251,2025-04-21,100,19,2,43.01,0
3692,2025-07-12,194,27,5,52.56,0
3105,2025-09-16,205,39,5,39.05,10
884,2025-06-07,254,24,1,73.36,0
784,2024-05-01,150,37,3,149.41,15
3476,2025-05-11,285,32,4,106.66,5
3837,2025-04-27,88,27,1,52.56,5
1885,2024-04-20,124,19,1,43.01,15
4090,2025-04-23,78,37,1,149.41,0
3912,2024-11-28,75,24,1,73.36,0
1113,2024-09-20,9,35,5,11.58,0
3904,2024-07-23,39,9,2,102.79,10
3930,2024-08-15,46,26,3,141.76,0
2838,2025-01-27,258,30,1,97.13,0
3373,2025-08-04,189,9,3,102.79,15
1518,2025-04-15,61,26,2,141.76,0
3945,2024-07-14,42,21,2,97.59,15
2466,2024-04-03,134,14,4,62.21,10
4015,2024-12-05,2,22,1,58.86,10
342,2025-03-05,59,14,2,62.21,0
686,2025-01-27,292,4,4,72.91,5
2442,2025-03-04,280,34,2,21.92,15
528,2025-04-03,171,4,3,72.91,0
1894,2024-07-06,82,12,2,85.81,0
193,2024-06-01,296,33,4,99.14,0
3594,2024-11-13,12,39,5,39.05,5
2175,2024-12-23,125,2,5,131.21,10
3051,2025-02-16,288,39,2,39.05,15
4081,2025-02-16,198,20,5,60.25,10
3053,2024-05-16,33,7,2,37.71,5
3986,2024-12-18,71,16,4,22.92,10
2861,2024-10-10,116,2,4,131.21,15
411,2024-10-07,6,40,1,82.94,15
884,2025-06-07,254,11,2,127.63,10
2900,2024-12-18,278,1,2,47.8,0
1931,2025-05-26,71,21,5,97.59,10
744,2024-04-08,64,37,5,149.41,15
2944,2025-06-09,228,28,5,93.46,10
3316,2025-02-20,268,2,5,131.21,5
887,2024-07-13,157,6,1,114.35,5
1734,2024-07-29,56,39,2,39.05,10
1028,2024-12-07,237,6,1,114.35,0
382,2024-12-17,192,23,5,102.85,0
2540,2024-10-19,241,16,1,22.92,5
4,2024-04-22,64,16,2,22.92,0
777,2025-07-23,222,18,1,113.61,0
2627,2025-05-01,241,17,3,58.44,10
3948,2025-01-28,73,40,4,82.94,10
2496,2025-09-08,49,36,3,10.4,0
3336,2024-11-23,4,6,5,114.35,5
713,2024-11-06,144,24,5,73.36,5
1459,2024-12-09,105,26,2,141.76,15
1921,2024-08-13,65,32,2,106.66,0
4204,2025-04-06,229,11,3,127.63,0
2339,2025-09-11,260,12,1,85.81,5
2019,2025-09-08,22,23,4,102.85,15
3476,2025-05-11,285,31,2,72.32,5
2889,2025-02-02,245,26,5,141.76,0
2961,2025-09-03,247,31,4,72.32,5
2086,2024-08-25,295,18,3,113.61,10
2029,2024-09-22,63,37,4,149.41,0
4312,2024-12-09,65,18,1,113.61,0
72,2024-06-23,15,14,5,62.21,15
1993,2025-02-04,143,20,5,60.25,0
3655,2024-12-13,45,19,1,43.01,10
187,2025-03-26,110,40,1,82.94,0
2768,2024-12-22,226,16,4,22.92,0
3699,2024-11-22,206,9,3,102.79,10
2843,2025-08-21,136,18,3,113.61,0
2309,2024-05-13,124,13,1,18.09,0
1342,2024-06-25,29,40,2,82.94,5
876,2025-04-23,291,4,5,72.91,5
1027,2025-08-09,58,2,2,131.21,0
2171,2025-08-05,133,3,5,121.61,0
4025,2024-06-13,273,33,1,99.14,15
3611,2024-08-29,44,1,1,47.8,0
4114,2024-12-19,189,33,4,99.14,0
2165,2024-10-31,253,1,1,47.8,0
446,2024-12-03,112,34,2,21.92,15
2718,2025-04-25,278,14,3,62.21,0
2265,2025-01-12,133,38,2,21.84,0
3959,2025-05-04,85,25,3,94.83,0
3059,2025-06-05,145,30,5,97.13,0
1033,2024-04-06,242,1,2,47.8,0
2381,2024-04-13,124,21,1,97.59,5
1626,2024-10-16,294,38,4,21.84,15
4115,2024-12-19,200,29,1,98.91,0
3181,2025-07-23,203,37,1,149.41,5
4069,2024-12-03,178,22,4,58.86,10
2175,2024-12-23,125,27,3,52.56,5
1490,2024-11-21,152,19,4,43.01,0
4119,2025-03-03,248,9,5,102.79,0
839,2025-05-29,97,21,1,97.59,15
3748,2024-11-22,204,14,3,62.21,15
3725,2024-07-18,243,35,3,11.58,10
232,2025-03-22,164,6,4,114.35,0
1084,2025-01-20,274,34,2,21.92,0
2944,2025-06-09,228,16,4,22.92,0
2307,2024-09-20,87,23,2,102.85,10
3939,2024-09-29,264,22,2,58.86,0
1639,2024-04-22,232,26,1,141.76,10
809,2024-11-10,101,22,3,58.86,0
2630,2025-06-03,168,10,4,62.62,0
1652,2024-04-24,296,26,4,141.76,0
2249,2025-04-15,251,39,4,39.05,0
2706,2025-01-23,64,25,2,94.83,10
9,2025-09-08,56,15,4,43.35,15
2594,2025-05-13,152,32,3,106.66,15
1358,2024-09-07,274,37,3,149.41,5
2436,2024-11-14,300,7,5,37.71,10
1726,2024-09-06,241,21,2,97.59,10
3398,2024-06-06,241,7,1,37.71,0
1381,2025-05-28,260,28,2,93.46,10
2317,2025-03-09,21,25,4,94.83,5
3635,2024-06-18,112,14,2,62.21,10
2640,2024-05-21,295,9,2,102.79,0
3131,2025-09-21,204,25,2,94.83,0
853,2025-07-29,179,5,2,15.92,15
2954,2024-08-29,146,26,3,141.76,15
1105,2025-06-07,182,36,3,10.4,0
3232,2024-09-02,164,4,3,72.91,0
1087,2024-10-01,170,2,1,131.21,0
3722,2024-05-27,221,15,4,43.35,10
3641,2025-01-09,225,31,1,72.32,5
2529,2024-12-31,224,18,5,113.61,5
367,2024-12-13,35,21,1,97.59,15
4304,2024-12-24,210,11,4,127.63,0
4207,2025-08-29,160,31,2,72.32,15
2286,2024-10-14,294,21,4,97.59,0
558,2024-07-02,7,20,5,60.25,0
1995,2025-05-07,98,38,1,21.84,10
2717,2024-12-22,147,26,4,141.76,15
3212,2024-08-27,27,11,5,127.63,10
241,2025-04-26,190,3,4,121.61,0
161,2024-11-24,268,14,2,62.21,0
2184,2024-09-28,241,37,4,149.41,0
982,2024-07-15,44,10,3,62.62,0
3550,2025-04-05,178,14,5,62.21,0
1397,2024-12-29,183,18,2,113.61,15
560,2025-03-07,272,19,4,43.01,0
3804,2024-11-04,293,5,3,15.92,15
2806,2024-11-22,34,12,1,85.81,10
1321,2024-05-31,214,1,4,47.8,0
2388,2025-05-18,17,11,2,127.63,10
912,2025-09-30,60,23,5,102.85,0
3966,2024-08-24,27,22,4,58.86,0
719,2024-11-07,57,8,4,103.07,5
193,2024-06-01,296,28,3,93.46,0
3646,2025-05-22,275,34,5,21.92,0
409,2025-07-24,141,34,3,21.92,0
200,2024-07-28,71,3,1,121.61,0
2423,2025-03-03,138,9,4,102.79,0
1380,2024-06-17,84,15,5,43.35,0
2533,2025-01-21,227,28,2,93.46,10
3820,2025-09-14,254,36,2,10.4,5
2274,2024-08-25,102,5,3,15.92,0
1198,2024-06-18,156,39,1,39.05,0
1375,2025-03-16,37,30,1,97.13,10
3795,2024-11-28,62,23,2,102.85,5
3133,2025-06-08,260,40,4,82.94,5
4080,2024-07-12,156,6,5,114.35,5
3609,2024-10-12,98,27,3,52.56,15
3292,2024-12-25,98,16,2,22.92,15
1312,2024-11-20,207,18,4,113.61,10
2065,2025-01-21,235,26,1,141.76,5
2623,2025-03-19,258,25,4,94.83,10
2161,2024-08-12,46,20,5,60.25,15
4212,2025-07-16,110,28,5,93.46,5
4060,2025-06-23,251,11,3,127.63,0
2104,2025-07-13,299,36,5,10.4,0
2058,2025-08-23,92,10,4,62.62,5
199,2024-06-18,242,33,5,99.14,0
997,2024-11-04,21,28,4,93.46,5
1733,2025-08-14,238,15,2,43.35,0
247,2025-05-12,283,34,5,21.92,10
4266,2024-10-07,104,31,2,72.32,0
3584,2024-12-18,269,30,3,97.13,0
3952,2024-12-09,247,31,4,72.32,15
2851,2025-08-27,291,36,4,10.4,0
2770,2025-04-17,187,30,4,97.13,15
2368,2025-08-21,101,5,3,15.92,0
2963,2024-11-29,53,35,3,11.58,0
1181,2025-03-21,235,10,2,62.62,0
2317,2025-03-09,21,36,2,10.4,0
1862,2025-07-05,28,18,3,113.61,15
568,2025-09-28,150,13,1,18.09,0
2161,2024-08-12,46,3,5,121.61,0
2323,2025-02-25,12,8,5,103.07,5
1332,2025-08-09,200,4,3,72.91,10
265,2024-10-05,255,6,2,114.35,15
1224,2025-04-07,150,37,4,149.41,15
2503,2024-06-13,158,18,3,113.61,0
1439,2024-08-02,62,17,4,58.44,0
1042,2024-07-09,102,8,2,103.07,10
836,2025-08-11,243,22,2,58.86,0
3355,2025-02-02,206,6,1,114.35,10
3186,2024-12-22,28,28,2,93.46,15
2841,2025-06-06,46,8,4,103.07,0
62,2025-04-11,204,16,2,22.92,5
4008,2025-08-08,145,1,1,47.8,10
1011,2025-09-23,264,30,2,97.13,0
1989,2024-05-19,232,33,5,99.14,15
1398,2024-08-02,81,13,5,18.09,10
1069,2024-11-17,197,20,2,60.25,10
780,2025-01-07,98,17,3,58.44,0
739,2025-03-03,9,39,1,39.05,15
789,2024-10-21,20,15,5,43.35,0
2590,2025-09-15,279,4,4,72.91,0
2407,2024-04-11,150,26,3,141.76,10
1847,2025-09-05,25,36,5,10.4,0
2356,2024-06-26,59,26,1,141.76,0
3053,2024-05-16,33,4,5,72.91,10
3901,2024-11-06,51,10,1,62.62,0
565,2024-11-01,248,23,4,102.85,0
2810,2024-04-09,242,20,5,60.25,10
4066,2024-10-25,172,5,2,15.92,0
1341,2024-12-19,293,34,2,21.92,0
1674,2024-05-21,295,21,4,97.59,0
1358,2024-09-07,274,27,3,52.56,10
1486,2025-07-01,218,28,3,93.46,0
466,2024-06-06,157,18,2,113.61,10
2254,2024-06-22,167,29,3,98.91,15
869,2025-06-07,39,17,4,58.44,5
2842,2025-05-29,70,16,3,22.92,15
1661,2025-03-09,14,5,4,15.92,10
4159,2024-11-13,205,24,5,73.36,0
1465,2024-12-31,139,15,2,43.35,0
3338,2025-07-27,137,29,5,98.91,0
1021,2024-10-28,58,19,1,43.01,0
395,2025-04-18,97,26,2,141.76,0
3680,2025-08-19,219,20,2,60.25,0
47,2025-05-30,28,16,3,22.92,0
3689,2024-11-24,108,13,3,18.09,0
428,2024-05-13,146,21,2,97.59,0
4011,2024-04-13,242,23,4,102.85,0
3217,2025-09-09,257,26,4,141.76,15
4059,2025-04-02,258,1,1,47.8,5
2930,2024-08-05,176,15,2,43.35,15
546,2025-04-08,146,28,3,93.46,10
3533,2024-12-30,3,28,1,93.46,15
252,2024-11-30,251,39,4,39.05,15
119,2025-03-19,196,20,2,60.25,0
123,2025-02-05,8,13,4,18.09,0
4210,2025-06-19,111,21,2,97.59,15
1346,2025-06-26,36,34,2,21.92,0
1999,2024-12-11,106,12,1,85.81,0
3520,2024-12-25,239,34,3,21.92,0
3212,2024-08-27,27,13,1,18.09,0
3274,2024-06-10,176,26,3,141.76,5
1155,2024-08-29,63,1,1,47.8,0
2047,2024-10-11,33,21,1,97.59,0
942,2024-07-04,220,9,1,102.79,0
80,2024-12-27,190,26,5,141.76,0
1046,2025-07-30,13,4,2,72.91,0
1245,2024-12-19,157,21,5,97.59,10
2984,2024-11-20,299,1,1,47.8,10
1156,2025-09-06,226,33,4,99.14,0
59,2025-06-11,86,29,1,98.91,0
522,2025-02-26,132,18,4,113.61,0
3766,2024-10-31,129,31,1,72.32,5
4362,2024-09-02,58,32,3,106.66,10
73,2025-02-04,248,20,1,60.25,0
27,2024-12-06,242,20,1,60.25,10
1725,2024-06-29,297,31,3,72.32,5
2933,2024-11-30,84,24,1,73.36,15
4081,2025-02-16,198,14,4,62.21,0
830,2024-07-09,29,27,3,52.56,0
2583,2025-03-04,125,40,1,82.94,15
2924,2025-09-15,126,18,4,113.61,0
3035,2024-11-28,30,5,2,15.92,15
3203,2024-11-24,144,10,2,62.62,0
2273,2024-05-29,131,26,5,141.76,0
242,2024-11-18,255,37,1,149.41,0
96,2024-05-09,81,12,2,85.81,15
2512,2025-07-13,270,14,1,62.21,10
1752,2024-04-02,124,32,1,106.66,0
4292,2025-02-14,172,3,2,121.61,0
550,2025-05-28,103,5,4,15.92,0
1231,2025-09-02,35,36,1,10.4,5
1497,2025-07-18,126,16,2,22.92,0
2113,2025-02-18,76,14,5,62.21,10
347,2024-06-10,112,7,4,37.71,0
424,2024-12-28,189,15,3,43.35,0
2818,2024-07-14,278,40,3,82.94,0
4327,2024-11-14,156,5,2,15.92,10
1095,2024-07-18,218,21,5,97.59,10
2102,2024-07-07,283,35,5,11.58,5
2932,2024-12-25,141,35,3,11.58,0
837,2025-05-14,194,23,3,102.85,0
810,2025-09-06,120,15,1,43.35,10
875,2024-10-03,128,31,1,72.32,15
967,2024-08-27,142,10,3,62.62,0
1269,2024-10-26,102,21,2,97.59,5
2964,2025-08-27,200,15,3,43.35,15
1020,2024-06-07,56,15,4,43.35,5
2796,2024-06-11,82,17,2,58.44,15
1453,2025-04-18,286,5,1,15.92,10
1566,2024-08-06,231,39,1,39.05,5
3712,2024-08-09,118,28,1,93.46,5
901,2024-05-24,242,19,1,43.01,5
1188,2024-12-24,219,26,4,141.76,0
4367,2024-12-27,167,4,1,72.91,0
2871,2024-08-09,88,11,3,127.63,10
824,2024-10-16,274,17,3,58.44,15
1972,2025-05-19,237,37,4,149.41,5
3615,2025-08-19,122,2,1,131.21,15
983,2025-05-06,52,32,4,106.66,0
1354,2024-11-19,275,24,5,73.36,0
3996,2024-06-18,231,16,4,22.92,0
3916,2024-06-19,42,4,3,72.91,5
2220,2024-12-20,208,25,5,94.83,15
983,2025-05-06,52,5,3,15.92,15
2851,2025-08-27,291,7,4,37.71,5
1318,2024-07-01,39,25,2,94.83,0
2411,2024-05-28,231,14,1,62.21,0
457,2024-08-17,190,12,3,85.81,15
3602,2025-04-28,233,12,3,85.81,0
32,2024-05-09,33,5,5,15.92,5
790,2025-05-26,201,8,5,103.07,5
2892,2025-09-05,227,40,1,82.94,5
3487,2024-11-17,216,37,1,149.41,10
3387,2025-07-12,240,6,2,114.35,0
1265,2025-04-25,216,7,1,37.71,5
1818,2025-05-16,69,5,1,15.92,0
3850,2024-12-17,286,12,2,85.81,0
4180,2024-12-21,75,10,3,62.62,10
758,2025-06-21,263,20,2,60.25,0
1298,2025-09-18,20,37,1,149.41,15
222,2024-05-30,242,34,2,21.92,0
1321,2024-05-31,214,11,1,127.63,0
1710,2024-12-29,182,30,5,97.13,10
2475,2024-09-02,96,7,1,37.71,15
2378,2024-12-08,297,6,2,114.35,10
3040,2024-11-14,194,4,2,72.91,5
3485,2024-06-30,200,20,5,60.25,15
1307,2024-09-06,282,32,2,106.66,5
1307,2024-09-06,282,2,2,131.21,0
587,2025-08-19,287,2,4,131.21,0
1297,2025-06-06,202,23,4,102.85,5
1679,2025-03-15,252,35,3,11.58,5
3624,2024-10-19,47,34,4,21.92,5
3716,2025-02-21,175,6,5,114.35,10
1539,2024-06-17,131,39,5,39.05,0
2650,2024-06-17,96,34,2,21.92,5
3889,2025-08-27,188,2,2,131.21,0
798,2025-07-20,249,6,4,114.35,0
1270,2024-05-18,220,11,4,127.63,0
3707,2024-06-05,156,1,3,47.8,0
4029,2025-01-01,289,9,5,102.79,0
989,2024-11-12,173,30,5,97.13,5
3896,2025-04-17,38,19,4,43.01,10
2240,2024-08-20,166,34,5,21.92,5
1537,2024-11-23,183,29,3,98.91,15
1977,2025-08-11,194,30,1,97.13,0
1452,2025-04-02,244,33,1,99.14,0
1269,2024-10-26,102,24,1,73.36,0
2987,2025-02-01,245,8,5,103.07,5
3756,2024-12-17,13,23,1,102.85,10
2030,2024-08-24,278,24,2,73.36,0
2595,2024-10-06,89,17,2,58.44,0
700,2024-12-08,84,27,4,52.56,0
2018,2024-06-26,37,8,5,103.07,5
2173,2024-07-04,282,22,3,58.86,0
4139,2024-09-10,242,36,4,10.4,0
1863,2025-08-11,24,9,3,102.79,5
620,2024-04-28,291,25,3,94.83,0
338,2024-12-26,300,25,5,94.83,15
2763,2025-04-25,7,32,3,106.66,0
1165,2024-04-18,157,38,4,21.84,5
4329,2024-12-23,46,38,4,21.84,5
2569,2025-09-16,270,28,3,93.46,10
4171,2025-01-02,271,11,5,127.63,15
1476,2025-01-09,146,16,5,22.92,0
1543,2024-12-20,165,5,2,15.92,0
1595,2024-09-18,102,11,5,127.63,0
2814,2025-04-26,222,12,2,85.81,10
1205,2025-03-20,43,34,3,21.92,0
2093,2024-11-14,61,34,2,21.92,5
3323,2024-11-03,68,16,2,22.92,10
2555,2025-06-02,214,26,5,141.76,0
2962,2024-11-29,269,39,4,39.05,15
2188,2024-05-01,242,24,4,73.36,5
369,2025-02-16,182,18,2,113.61,5
3375,2025-05-15,209,13,4,18.09,5
1971,2024-04-16,64,7,3,37.71,0
1937,2025-05-01,258,14,3,62.21,0
1694,2024-11-30,204,25,5,94.83,0
1332,2025-08-09,200,32,5,106.66,0
3343,2024-12-22,249,3,4,121.61,10
2928,2025-08-12,208,8,3,103.07,10
2689,2024-04-04,134,12,5,85.81,15
1811,2025-04-24,249,4,1,72.91,10
542,2024-12-01,99,39,2,39.05,15
1771,2025-05-09,224,23,5,102.85,0
3250,2024-11-05,131,22,5,58.86,5
3437,2024-05-10,295,28,3,93.46,0
3259,2025-02-21,153,33,4,99.14,0
2888,2024-08-29,281,25,2,94.83,0
2525,2025-02-09,108,7,2,37.71,0
3874,2024-11-04,210,30,5,97.13,0
2684,2025-02-06,194,21,1,97.59,10
2940,2024-07-13,7,30,3,97.13,10
3020,2024-10-05,108,38,3,21.84,10
284,2024-09-22,124,18,1,113.61,5
1033,2024-04-06,242,17,5,58.44,0
1466,2024-12-31,157,34,3,21.92,10
4340,2025-09-30,272,15,2,43.35,10
3198,2024-12-14,251,36,1,10.4,5
1530,2025-05-25,63,14,3,62.21,0
1783,2024-04-29,282,6,5,114.35,10
523,2024-06-01,64,29,5,98.91,5
4212,2025-07-16,110,32,4,106.66,15
1478,2024-07-03,242,7,4,37.71,10
3073,2024-11-15,98,40,5,82.94,0
1087,2024-10-01,170,29,4,98.91,15
1945,2024-04-26,291,29,3,98.91,5
3555,2024-07-18,146,9,4,102.79,15
201,2024-05-18,194,10,4,62.62,0
1323,2024-07-09,273,24,4,73.36,15
4186,2025-03-20,30,33,1,99.14,5
1544,2024-04-04,124,18,2,113.61,0
3358,2024-08-29,150,22,1,58.86,15
2351,2025-02-12,291,4,2,72.91,0
3110,2024-09-22,37,19,3,43.01,10
886,2024-11-05,103,1,3,47.8,0
3290,2025-01-28,152,14,4,62.21,10
4397,2024-10-07,10,31,1,72.32,10
444,2024-12-20,80,9,5,102.79,15
1454,2024-10-25,51,9,3,102.79,0
165,2025-04-28,217,35,2,11.58,5
1471,2024-10-11,296,36,4,10.4,0
3388,2024-07-06,243,23,3,102.85,0
2550,2025-01-04,140,31,4,72.32,15
4020,2024-04-11,134,32,1,106.66,15
847,2024-10-12,134,24,2,73.36,0
949,2025-08-28,77,38,4,21.84,5
4043,2024-04-15,64,8,1,103.07,0
2226,2024-06-16,3,10,4,62.62,15
164,2024-10-05,134,33,4,99.14,10
1972,2025-05-19,237,3,1,121.61,0
928,2024-08-31,292,21,4,97.59,5
2014,2025-05-01,185,29,4,98.91,15
3924,2025-04-05,258,11,3,127.63,15
3659,2024-09-29,1,11,1,127.63,5
119,2025-03-19,196,27,4,52.56,0
1892,2025-03-23,65,14,4,62.21,0
2590,2025-09-15,279,1,4,47.8,0
4292,2025-02-14,172,38,4,21.84,10
2245,2025-07-19,256,23,4,102.85,0
1747,2025-03-18,271,13,5,18.09,0
394,2025-03-19,147,1,4,47.8,0
967,2024-08-27,142,30,4,97.13,0
250,2025-01-08,207,40,4,82.94,0
1828,2025-07-03,147,29,2,98.91,5
756,2024-10-16,199,33,3,99.14,5
1362,2025-07-02,244,19,2,43.01,0
1678,2024-10-04,37,17,4,58.44,0
1539,2024-06-17,131,33,5,99.14,0
2476,2024-09-06,240,2,1,131.21,0
4011,2024-04-13,242,27,3,52.56,5
3650,2025-08-28,40,6,3,114.35,15
1948,2025-08-09,92,20,4,60.25,15
1260,2024-06-10,158,13,2,18.09,0
3541,2024-11-30,30,19,4,43.01,5
4028,2024-08-19,243,25,3,94.83,15
3695,2025-05-29,107,8,5,103.07,5
1370,2024-08-12,3,20,4,60.25,0
2991,2025-05-23,35,34,4,21.92,10
3031,2024-12-29,65,22,3,58.86,5
2478,2024-11-23,129,28,1,93.46,0
4165,2025-06-19,89,26,2,141.76,0
1567,2024-08-10,92,16,2,22.92,15
1249,2024-06-15,157,20,2,60.25,0
1253,2025-08-30,168,37,1,149.41,10
3458,2025-03-22,66,34,2,21.92,0
770,2024-06-06,63,9,2,102.79,10
2882,2025-06-02,258,10,4,62.62,0
4384,2024-09-07,148,5,3,15.92,0
1850,2025-06-18,200,6,3,114.35,0
3392,2025-03-27,290,14,3,62.21,10
1435,2024-11-19,198,36,4,10.4,15
1907,2024-06-29,63,11,4,127.63,15
3842,2025-08-13,144,39,5,39.05,0
445,2024-12-03,87,22,2,58.86,10
4133,2025-08-02,82,36,2,10.4,10
2386,2024-08-27,171,7,5,37.71,0
3062,2025-05-02,247,3,5,121.61,15
4134,2024-07-30,51,40,2,82.94,0
4189,2024-12-14,174,1,3,47.8,0
3007,2024-04-22,124,1,4,47.8,0
2594,2025-05-13,152,30,1,97.13,10
2021,2024-05-07,124,23,5,102.85,10
4098,2024-12-17,16,29,2,98.91,0
4152,2024-12-09,29,25,2,94.83,15
2592,2024-08-26,199,15,5,43.35,10
4375,2024-06-15,42,26,1,141.76,15
2165,2024-10-31,253,4,5,72.91,10
859,2025-04-27,141,24,1,73.36,5
1088,2024-06-21,112,29,3,98.91,5
2999,2024-12-05,142,19,3,43.01,0
1955,2024-06-29,221,26,1,141.76,10
91,2024-08-03,165,19,3,43.01,15
425,2024-12-28,294,5,4,15.92,0
3628,2024-12-02,265,40,1,82.94,5
1887,2025-04-01,31,11,4,127.63,15
2627,2025-05-01,241,34,4,21.92,0
2516,2025-05-21,269,28,3,93.46,5
2954,2024-08-29,146,29,3,98.91,15
1022,2024-10-07,185,11,4,127.63,0
3761,2024-07-02,214,37,3,149.41,0
2775,2025-09-05,248,14,4,62.21,10
1911,2025-08-14,3,37,1,149.41,0
252,2024-11-30,251,27,4,52.56,0
1505,2025-08-02,21,13,5,18.09,0
710,2025-09-29,120,37,2,149.41,0
3174,2025-05-04,1,37,3,149.41,15
4256,2025-08-12,231,25,5,94.83,15
3299,2025-06-12,280,16,2,22.92,10
3303,2025-05-28,155,11,5,127.63,0
426,2024-07-07,241,25,4,94.83,5
3895,2024-06-21,218,14,2,62.21,0
415,2024-05-03,213,32,3,106.66,0
3904,2024-07-23,39,30,5,97.13,0
4211,2024-06-06,62,15,5,43.35,0
2083,2024-11-24,130,32,3,106.66,15
2246,2025-09-22,133,31,2,72.32,5
2125,2024-06-10,218,3,1,121.61,10
1880,2025-06-20,20,38,5,21.84,10
1175,2024-11-02,154,3,2,121.61,5
1960,2025-01-25,130,23,5,102.85,0
2811,2024-06-06,98,20,5,60.25,0
1228,2024-06-06,184,14,3,62.21,10
3540,2025-04-29,265,4,5,72.91,0
3852,2025-03-21,125,6,1,114.35,5
1563,2024-08-08,85,27,5,52.56,0
1284,2024-11-18,257,35,4,11.58,0
771,2025-04-19,163,38,1,21.84,15
310,2025-04-02,38,12,4,85.81,10
3765,2024-08-27,119,11,2,127.63,10
3496,2024-04-03,242,17,5,58.44,10
2541,2024-07-07,97,2,2,131.21,0
2919,2024-08-21,39,12,2,85.81,10
1200,2024-12-06,27,14,5,62.21,15
2203,2024-07-03,62,18,1,113.61,0
2095,2025-09-16,94,35,5,11.58,5
2718,2025-04-25,278,24,3,73.36,0
4179,2024-07-09,156,20,1,60.25,0
1422,2025-01-06,1,29,2,98.91,0
3730,2025-08-08,132,14,1,62.21,0
2849,2024-08-12,219,3,1,121.61,10
4355,2025-07-04,62,17,5,58.44,0
1134,2025-05-16,68,33,5,99.14,10
1348,2025-09-30,9,24,1,73.36,15
683,2024-08-17,4,8,2,103.07,0
2072,2024-11-29,24,25,5,94.83,10
1234,2024-12-06,267,4,4,72.91,0
179,2025-03-12,281,32,1,106.66,0
814,2025-03-06,176,14,1,62.21,15
3236,2024-05-18,148,26,3,141.76,0
3865,2024-11-21,129,10,3,62.62,10
3717,2025-05-18,160,16,1,22.92,0
2449,2025-05-01,269,34,1,21.92,0
2523,2024-08-12,92,24,1,73.36,0
1250,2024-12-23,291,5,2,15.92,0
1290,2024-11-24,262,35,1,11.58,15
1115,2025-06-11,228,19,1,43.01,5
599,2024-05-15,22,8,2,103.07,15
1530,2025-05-25,63,31,4,72.32,0
3865,2024-11-21,129,12,3,85.81,15
93,2024-07-21,214,4,2,72.91,0
1933,2024-12-02,76,30,1,97.13,0
3654,2024-12-13,211,10,5,62.62,0
1962,2025-03-12,109,4,4,72.91,0
3450,2024-09-01,3,15,1,43.35,0
3913,2024-11-28,91,13,3,18.09,0
1051,2024-09-03,146,30,3,97.13,5
3188,2025-02-11,112,3,1,121.61,5
894,2025-03-17,220,28,4,93.46,0
639,2024-11-10,135,4,5,72.91,5
2556,2024-06-14,22,19,1,43.01,0
267,2024-12-23,199,27,2,52.56,0
4187,2024-05-11,249,37,2,149.41,0
2225,2024-08-19,133,5,3,15.92,0
222,2024-05-30,242,23,2,102.85,15
700,2024-12-08,84,28,3,93.46,0
958,2024-09-10,233,15,4,43.35,5
950,2024-05-09,134,10,1,62.62,15
2229,2024-12-22,82,38,2,21.84,10
3580,2025-08-17,155,33,3,99.14,0
1943,2024-08-02,24,6,2,114.35,0
68,2024-08-10,90,28,1,93.46,0
2694,2025-07-14,132,23,3,102.85,15
3824,2024-12-20,130,13,1,18.09,10
2406,2024-05-24,98,27,1,52.56,5
2120,2024-11-09,17,22,5,58.86,0
508,2025-03-06,216,19,5,43.01,15
3021,2024-06-11,81,29,4,98.91,5
3552,2024-07-30,42,33,2,99.14,0
3805,2025-02-25,223,39,4,39.05,0
3033,2025-02-25,214,6,2,114.35,0
3138,2024-07-28,24,3,5,121.61,15
1825,2024-09-20,137,12,5,85.81,15
389,2024-06-25,42,6,3,114.35,5
4068,2024-12-03,114,16,5,22.92,0
2408,2024-06-12,184,5,1,15.92,5
3695,2025-05-29,107,7,4,37.71,0
3463,2025-02-01,165,6,3,114.35,0
334,2025-01-23,69,26,2,141.76,10
3335,2025-01-23,140,37,1,149.41,0
846,2024-11-25,67,21,1,97.59,0
1431,2025-03-22,209,38,3,21.84,5
1705,2024-09-16,21,22,3,58.86,0
3857,2025-08-26,123,33,5,99.14,0
4076,2024-12-03,190,5,3,15.92,10
4034,2024-10-10,137,8,5,103.07,0
625,2025-08-28,174,20,2,60.25,5
61,2025-04-11,186,39,1,39.05,10
2068,2025-07-14,21,36,3,10.4,10
942,2024-07-04,220,26,5,141.76,10
344,2024-09-18,99,34,5,21.92,10
941,2024-09-12,3,28,5,93.46,10
3023,2025-04-21,186,26,5,141.76,10
1803,2024-04-29,242,26,2,141.76,15
3152,2025-07-04,12,35,1,11.58,5
1042,2024-07-09,102,22,5,58.86,15
3211,2025-01-12,94,19,5,43.01,10
1501,2025-04-20,154,21,2,97.59,5
1660,2025-08-29,104,6,2,114.35,10
370,2024-10-22,82,17,2,58.44,0
2656,2025-02-23,15,14,3,62.21,15
2613,2024-07-31,176,40,4,82.94,5
3008,2025-01-04,35,40,4,82.94,0
3310,2025-06-15,15,31,3,72.32,15
3986,2024-12-18,71,30,3,97.13,0
3551,2024-08-16,75,20,2,60.25,0
2350,2025-06-13,20,39,1,39.05,0
2932,2024-12-25,141,26,2,141.76,10
3882,2025-09-08,203,36,5,10.4,15
1908,2025-04-14,182,17,1,58.44,15
1396,2024-12-29,35,10,1,62.62,0
4280,2024-04-29,76,15,3,43.35,15
2283,2024-04-08,124,3,2,121.61,0
1966,2025-05-14,118,5,3,15.92,0
3667,2025-01-17,4,14,5,62.21,0
2036,2024-06-18,170,24,4,73.36,10
3557,2024-11-13,137,25,4,94.83,0
2698,2025-05-13,65,16,5,22.92,15
1699,2025-03-12,248,22,2,58.86,10
769,2024-04-22,124,20,5,60.25,5
2863,2024-11-18,62,14,3,62.21,0
1208,2025-08-16,121,35,1,11.58,0
66,2025-08-19,14,24,1,73.36,0
1343,2024-05-13,232,21,1,97.59,0
4099,2024-12-17,242,23,2,102.85,10
2503,2024-06-13,158,20,4,60.25,0
4352,2025-05-03,142,26,1,141.76,5
617,2025-06-16,69,32,4,106.66,15
3380,2024-08-24,91,14,2,62.21,0
3610,2025-02-04,100,37,2,149.41,5
53,2025-05-02,192,5,3,15.92,0
2534,2025-05-23,66,19,5,43.01,0
1268,2025-01-26,191,11,2,127.63,15
856,2024-10-18,257,24,5,73.36,0
1176,2025-04-17,289,7,3,37.71,15
2559,2024-10-28,180,21,1,97.59,0
1082,2025-02-07,17,39,2,39.05,0
2951,2024-11-20,284,10,4,62.62,10
1067,2024-06-12,220,36,4,10.4,0
1450,2025-06-15,11,27,5,52.56,15
2002,2025-08-12,225,30,3,97.13,0
3773,2024-08-01,14,9,4,102.79,0
4283,2024-11-07,9,33,4,99.14,0
3783,2025-07-20,180,30,3,97.13,5
752,2024-11-29,41,7,1,37.71,0
691,2024-06-28,214,13,4,18.09,0
3161,2024-07-11,158,30,3,97.13,15
2759,2024-09-11,63,7,2,37.71,10
1649,2024-12-11,81,37,1,149.41,10
287,2025-05-27,226,5,3,15.92,15
4091,2025-02-14,270,3,1,121.61,0
2277,2024-09-02,283,25,4,94.83,0
1490,2024-11-21,152,10,2,62.62,0
1944,2025-01-12,91,33,4,99.14,0
3074,2024-11-15,213,37,3,149.41,5
4268,2024-09-08,209,8,4,103.07,0
2249,2025-04-15,251,8,1,103.07,0
952,2024-11-24,198,19,4,43.01,0
2950,2024-11-20,217,24,1,73.36,10
527,2024-04-04,242,26,4,141.76,0
2245,2025-07-19,256,11,1,127.63,0
2599,2025-04-23,8,11,1,127.63,0
65,2024-06-06,157,11,5,127.63,0
3671,2025-09-01,155,28,5,93.46,10
1225,2024-08-10,75,25,1,94.83,0
3931,2025-09-23,285,24,3,73.36,15
251,2024-11-30,27,22,2,58.86,0
628,2024-11-18,102,34,1,21.92,15
1116,2025-06-17,253,9,1,102.79,15
4141,2024-12-30,165,29,4,98.91,10
211,2025-07-05,239,8,4,103.07,0
3767,2024-05-02,291,3,3,121.61,15
2597,2024-07-23,243,26,3,141.76,0
1313,2024-11-20,265,38,1,21.84,10
4016,2024-12-05,57,11,5,127.63,0
1228,2024-06-06,184,20,2,60.25,0
3508,2025-05-09,136,34,4,21.92,10
2417,2025-02-24,123,26,4,141.76,10
87,2024-04-20,232,14,1,62.21,15
4156,2024-05-27,291,29,1,98.91,0
3544,2024-09-08,204,33,3,99.14,0
2729,2024-11-19,296,6,2,114.35,15
2781,2024-09-22,52,18,1,113.61,10
157,2025-02-14,176,23,1,102.85,0
3772,2024-08-15,221,39,5,39.05,0
4111,2024-08-07,104,11,4,127.63,0
4357,2025-03-07,212,27,4,52.56,0
2024,2024-12-17,156,8,4,103.07,15
2323,2025-02-25,12,37,4,149.41,0
1694,2024-11-30,204,40,1,82.94,15
684,2024-08-27,296,35,3,11.58,5
1539,2024-06-17,131,2,1,131.21,5
2934,2024-11-30,169,33,2,99.14,10
2981,2024-11-24,272,28,2,93.46,0
3039,2024-11-14,103,13,2,18.09,0
1270,2024-05-18,220,34,2,21.92,0
1109,2024-07-09,84,22,5,58.86,10
2531,2025-05-05,81,33,4,99.14,0
2835,2024-12-07,224,25,2,94.83,0
2444,2024-12-18,235,13,4,18.09,0
2424,2024-06-11,88,2,4,131.21,0
2163,2024-07-30,64,12,2,85.81,15
1596,2024-09-24,237,39,4,39.05,10
2155,2025-01-04,157,40,1,82.94,0
2222,2025-06-22,61,24,3,73.36,0
34,2025-07-06,53,6,1,114.35,0
226,2024-07-02,22,15,4,43.35,0
1800,2024-09-15,85,31,3,72.32,0
3425,2025-08-16,52,38,3,21.84,10
2053,2024-10-12,53,13,5,18.09,0
689,2025-03-19,225,33,5,99.14,15
1223,2024-05-07,72,19,3,43.01,10
1688,2024-06-07,49,23,5,102.85,5
978,2024-07-31,190,36,1,10.4,0
3740,2024-04-28,291,25,1,94.83,0
1038,2025-03-29,219,30,1,97.13,0
3559,2024-05-21,19,22,3,58.86,10
3189,2025-05-03,49,21,1,97.59,5
3743,2024-12-28,71,28,1,93.46,15
2857,2024-05-27,92,14,1,62.21,10
1298,2025-09-18,20,2,3,131.21,0
208,2024-07-07,201,26,5,141.76,10
2772,2024-10-27,243,19,4,43.01,5
3985,2025-08-02,224,27,2,52.56,15
587,2025-08-19,287,10,2,62.62,5
4370,2024-06-29,194,16,5,22.92,5
3147,2024-04-15,242,24,4,73.36,0
1191,2025-07-06,258,22,2,58.86,5
2567,2024-11-30,36,17,2,58.44,15
1515,2025-02-02,256,20,2,60.25,0
3259,2025-02-21,153,40,5,82.94,5
532,2024-12-01,22,30,2,97.13,5
3110,2024-09-22,37,23,3,102.85,0
4162,2025-04-30,152,9,1,102.79,5
2012,2025-07-10,84,19,1,43.01,5
411,2024-10-07,6,16,5,22.92,5
768,2024-09-26,127,13,3,18.09,0
253,2025-08-10,265,11,2,127.63,10
2195,2024-10-30,119,3,4,121.61,0
672,2025-01-17,79,20,4,60.25,5
2554,2024-07-03,42,38,2,21.84,0
2021,2024-05-07,124,7,5,37.71,0
3167,2024-10-21,204,6,3,114.35,10
1624,2024-12-04,284,18,2,113.61,5
2416,2025-01-22,133,12,5,85.81,0
2829,2024-12-23,187,21,5,97.59,5
1598,2025-09-29,58,4,1,72.91,10
10,2025-06-11,56,21,5,97.59,10
2899,2024-12-18,269,27,2,52.56,0
3222,2024-08-05,88,24,4,73.36,0
3817,2024-12-29,159,32,4,106.66,5
1986,2024-12-25,152,20,1,60.25,0
322,2025-01-22,155,19,4,43.01,5
2508,2024-04-03,124,14,4,62.21,5
2935,2025-05-26,86,20,3,60.25,0
1695,2024-09-28,292,17,5,58.44,5
49,2024-09-01,239,8,1,103.07,0
386,2025-07-06,212,2,2,131.21,15
3239,2024-11-01,61,21,1,97.59,0
3669,2024-09-05,2,11,1,127.63,0
3117,2024-04-07,134,36,2,10.4,0
2366,2025-02-09,252,21,5,97.59,0
1655,2024-08-29,194,36,3,10.4,5
29,2024-10-20,61,12,5,85.81,10
1781,2024-06-08,134,28,1,93.46,0
3954,2024-11-22,228,2,3,131.21,10
1974,2025-03-14,296,16,1,22.92,10
1402,2025-02-25,9,4,3,72.91,10
504,2024-11-18,57,1,5,47.8,0
2023,2024-12-17,132,36,2,10.4,0
283,2024-09-26,15,28,2,93.46,15
831,2025-08-28,57,13,4,18.09,15
3192,2025-03-15,67,12,4,85.81,0
4092,2024-04-19,249,29,3,98.91,10
987,2024-12-17,81,24,2,73.36,0
4178,2024-05-20,131,28,2,93.46,0
3128,2024-10-19,233,4,3,72.91,10
2652,2024-04-13,64,21,4,97.59,5
1642,2024-09-27,85,4,4,72.91,10
3760,2025-09-26,133,36,2,10.4,5
3444,2025-07-01,199,8,4,103.07,5
9,2025-09-08,56,40,1,82.94,0
2733,2024-11-15,84,6,4,114.35,15
1910,2024-09-20,41,5,5,15.92,0
519,2025-09-20,54,15,1,43.35,10
2844,2024-10-12,161,2,4,131.21,10
678,2024-07-06,184,17,1,58.44,0
3758,2025-05-12,70,19,2,43.01,0
3350,2025-02-03,287,12,5,85.81,0
1407,2025-04-04,183,27,4,52.56,10
3842,2025-08-13,144,14,5,62.21,15
3261,2025-09-17,91,11,4,127.63,10
3575,2024-12-20,204,40,1,82.94,0
346,2025-05-26,74,40,3,82.94,0
3518,2024-07-24,97,4,3,72.91,0
1281,2024-11-19,175,20,5,60.25,0
4162,2025-04-30,152,22,4,58.86,0
1773,2025-05-18,213,22,4,58.86,10
4284,2024-11-07,123,22,4,58.86,5
4022,2024-07-20,233,17,4,58.44,15
2548,2024-11-10,53,2,2,131.21,10
1084,2025-01-20,274,28,2,93.46,5
3642,2025-02-02,105,9,3,102.79,0
558,2024-07-02,7,11,4,127.63,5
4308,2025-04-13,132,37,1,149.41,0
2624,2025-08-22,212,22,1,58.86,0
1540,2024-07-28,283,36,5,10.4,15
388,2024-12-14,294,2,4,131.21,10
501,2025-06-17,202,26,2,141.76,5
4135,2025-05-20,14,7,3,37.71,0
2071,2024-11-29,8,29,1,98.91,0
4196,2024-08-12,156,2,5,131.21,0
3806,2024-04-26,282,25,2,94.83,0
3609,2024-10-12,98,24,2,73.36,0
1143,2025-07-17,248,7,4,37.71,15
590,2024-05-30,42,9,3,102.79,0
13,2024-11-07,49,28,5,93.46,10
1053,2024-05-17,14,7,4,37.71,0
869,2025-06-07,39,25,1,94.83,0
3252,2025-01-11,271,19,2,43.01,5
420,2024-09-09,220,23,4,102.85,15
917,2025-08-16,93,2,2,131.21,5
3963,2025-04-07,166,36,2,10.4,0
4233,2025-05-09,103,4,4,72.91,10
2001,2024-04-29,22,37,1,149.41,0
3461,2025-03-11,188,36,2,10.4,10
616,2024-07-31,102,29,3,98.91,15
532,2024-12-01,22,14,5,62.21,0
1830,2024-05-13,118,13,5,18.09,0
3938,2024-06-02,131,8,1,103.07,10
2882,2025-06-02,258,6,4,114.35,0
952,2024-11-24,198,9,5,102.79,5
1414,2025-04-12,261,26,2,141.76,10
4085,2024-05-21,194,37,2,149.41,0
4173,2024-08-01,248,26,1,141.76,5
1656,2024-04-16,242,10,1,62.62,0
2600,2024-11-05,72,40,5,82.94,0
2204,2025-05-17,27,40,1,82.94,0
1735,2024-12-09,253,14,5,62.21,10
234,2024-12-12,223,23,2,102.85,0
4355,2025-07-04,62,21,1,97.59,0
3691,2024-04-04,134,36,5,10.4,5
1633,2025-07-28,255,8,2,103.07,5
1104,2025-06-03,135,9,2,102.79,0
900,2024-07-22,82,27,1,52.56,0
1971,2024-04-16,64,9,2,102.79,10
2229,2024-12-22,82,8,1,103.07,0
4040,2024-12-14,3,28,2,93.46,15
2977,2025-04-12,263,1,4,47.8,5
3359,2024-05-02,218,26,5,141.76,0
2834,2025-02-26,252,25,4,94.83,0
1598,2025-09-29,58,9,2,102.79,0
4088,2025-04-20,221,10,3,62.62,0
1549,2024-07-16,184,11,1,127.63,15
3904,2024-07-23,39,35,2,11.58,0
3905,2025-05-12,132,28,2,93.46,0
1116,2025-06-17,253,6,1,114.35,0
2744,2024-11-30,215,40,5,82.94,0
3958,2025-04-01,158,32,1,106.66,10
886,2024-11-05,103,23,3,102.85,15
2860,2025-08-26,174,17,3,58.44,0
3779,2024-09-11,289,2,1,131.21,0
2521,2024-12-19,170,2,4,131.21,5
3506,2024-11-04,224,18,1,113.61,0
1203,2025-01-20,236,25,3,94.83,5
2981,2024-11-24,272,30,4,97.13,0
3990,2024-06-08,146,20,2,60.25,10
2403,2025-01-14,147,6,5,114.35,0
1531,2024-05-21,15,25,4,94.83,15
3738,2024-12-08,208,22,2,58.86,0
3856,2025-06-03,48,10,1,62.62,5
795,2024-06-08,105,27,1,52.56,0
2298,2024-06-28,265,1,1,47.8,10
1301,2024-11-01,243,20,1,60.25,15
1335,2024-10-26,168,40,4,82.94,0
2967,2025-08-12,8,20,3,60.25,15
2086,2024-08-25,295,11,5,127.63,15
819,2025-01-18,296,31,4,72.32,5
2864,2025-08-31,97,10,3,62.62,10
1926,2025-01-08,35,11,1,127.63,5
1328,2025-04-10,73,32,4,106.66,0
2263,2025-02-03,2,32,2,106.66,0
236,2024-07-05,127,2,4,131.21,0
952,2024-11-24,198,22,1,58.86,15
1527,2025-05-16,215,21,4,97.59,0
2497,2024-12-18,296,32,3,106.66,0
1170,2024-12-09,169,9,1,102.79,5
1371,2025-07-26,195,18,4,113.61,5
152,2025-08-04,299,33,5,99.14,10
4074,2024-09-06,76,6,2,114.35,10
1842,2024-08-28,56,8,1,103.07,0
1806,2024-10-07,145,40,5,82.94,10
3449,2024-04-01,242,39,4,39.05,0
785,2025-03-30,174,27,4,52.56,15
2287,2024-04-19,282,9,2,102.79,15
209,2024-08-12,119,17,3,58.44,0
2071,2024-11-29,8,24,1,73.36,0
3526,2025-08-24,211,1,5,47.8,0
2225,2024-08-19,133,15,4,43.35,10
2103,2025-09-17,149,25,3,94.83,10
1975,2024-07-03,274,13,3,18.09,0
612,2025-01-05,205,31,4,72.32,10
3319,2024-12-12,265,34,2,21.92,0
1338,2025-02-12,105,1,4,47.8,0
2280,2024-07-17,96,34,5,21.92,5
4178,2024-05-20,131,34,2,21.92,0
3819,2025-06-21,160,21,4,97.59,0
1476,2025-01-09,146,15,5,43.35,0
2876,2025-05-23,185,30,3,97.13,0
2576,2024-08-30,81,36,3,10.4,0
418,2024-10-15,184,37,5,149.41,15
2587,2025-06-30,129,39,3,39.05,0
3969,2025-04-20,127,11,4,127.63,0
2790,2024-04-14,232,28,4,93.46,0
3794,2024-11-28,262,31,5,72.32,0
222,2024-05-30,242,38,2,21.84,0
4222,2025-06-17,238,31,3,72.32,15
3782,2024-08-13,116,21,5,97.59,15
2785,2025-03-10,214,36,4,10.4,0
4030,2024-12-26,154,17,4,58.44,5
3228,2025-07-25,27,32,5,106.66,15
1442,2024-05-02,92,28,4,93.46,0
2638,2024-06-05,221,13,4,18.09,0
695,2025-03-30,24,39,4,39.05,0
601,2025-03-23,181,40,5,82.94,0
1295,2024-12-29,54,36,5,10.4,10
3731,2024-11-20,60,40,2,82.94,0
3131,2025-09-21,204,8,1,103.07,15
998,2024-09-23,233,25,3,94.83,0
1435,2024-11-19,198,8,4,103.07,10
3695,2025-05-29,107,2,3,131.21,0
3516,2024-11-22,269,26,1,141.76,0
412,2025-08-23,283,40,3,82.94,5
1350,2024-11-26,11,25,2,94.83,15
2454,2024-09-05,88,4,1,72.91,10
3702,2025-05-18,83,28,3,93.46,15
1818,2025-05-16,69,25,3,94.83,15
115,2024-05-20,81,26,4,141.76,0
4056,2024-06-21,253,7,1,37.71,0
3116,2024-06-20,96,13,4,18.09,5
1404,2025-02-26,203,40,3,82.94,0
4299,2024-07-22,249,37,1,149.41,5
3014,2024-12-31,273,40,1,82.94,15
3,2025-05-13,142,30,2,97.13,15
1817,2024-04-10,249,8,4,103.07,15
3611,2024-08-29,44,18,3,113.61,15
2750,2025-06-28,112,8,4,103.07,5
3640,2025-06-16,172,16,5,22.92,15
3527,2024-05-01,164,3,5,121.61,0
901,2024-05-24,242,31,2,72.32,0
266,2024-12-23,154,38,1,21.84,15
117,2024-11-09,75,37,2,149.41,0
1582,2025-04-01,242,22,4,58.86,10
3495,2024-10-21,144,40,5,82.94,10
909,2025-04-29,288,18,2,113.61,10
3029,2025-05-11,160,17,4,58.44,0
2769,2025-05-16,55,25,2,94.83,0
3515,2025-03-27,1,14,3,62.21,0
3166,2024-12-07,251,23,4,102.85,0
1792,2024-11-16,102,23,4,102.85,0
1609,2025-04-24,241,33,4,99.14,5
4339,2025-05-13,21,19,4,43.01,10
2253,2024-10-06,250,5,4,15.92,5
3307,2024-07-04,265,33,4,99.14,0
161,2024-11-24,268,18,3,113.61,0
754,2024-07-08,249,15,4,43.35,5
510,2025-08-31,40,40,1,82.94,10
2438,2025-03-14,117,5,2,15.92,0
2521,2024-12-19,170,7,2,37.71,0
2543,2025-01-10,74,19,2,43.01,0
2695,2025-06-18,255,39,5,39.05,10
2172,2024-07-09,283,6,1,114.35,0
3629,2024-12-02,240,27,5,52.56,0
1387,2024-08-31,174,12,1,85.81,0
1108,2024-04-08,242,21,5,97.59,0
269,2024-05-30,1,14,1,62.21,0
2197,2025-04-23,281,10,4,62.62,0
311,2025-05-19,48,15,3,43.35,0
4377,2025-02-27,97,7,3,37.71,10
1653,2024-11-20,130,24,5,73.36,0
4380,2024-05-17,273,21,5,97.59,0
976,2024-12-31,266,11,5,127.63,5
2044,2024-09-12,213,8,1,103.07,0
2930,2024-08-05,176,30,5,97.13,0
1409,2024-12-24,118,4,1,72.91,0
134,2024-06-20,164,37,1,149.41,15
565,2024-11-01,248,21,3,97.59,10
2507,2025-01-31,24,14,5,62.21,0
3942,2025-05-31,7,27,1,52.56,5
4044,2024-05-27,15,34,4,21.92,15
2359,2024-11-09,257,21,2,97.59,0
3830,2025-05-12,218,35,3,11.58,0
1914,2024-05-22,295,16,5,22.92,0
3204,2025-06-29,192,26,1,141.76,5
2500,2025-04-22,213,9,1,102.79,0
2680,2025-01-16,293,6,4,114.35,0
798,2025-07-20,249,16,1,22.92,10
4067,2024-06-01,56,21,2,97.59,15
1926,2025-01-08,35,26,1,141.76,0
815,2024-11-14,186,21,4,97.59,0
3593,2025-01-22,111,33,3,99.14,0
1852,2024-04-16,157,28,5,93.46,0
3827,2024-12-26,151,37,1,149.41,0
3813,2024-06-24,295,9,2,102.79,10
3394,2025-03-23,165,27,3,52.56,0
3731,2024-11-20,60,33,2,99.14,0
3605,2024-10-10,53,34,2,21.92,0
1440,2025-05-18,6,24,5,73.36,5
2834,2025-02-26,252,12,1,85.81,15
3840,2025-01-09,8,4,3,72.91,0
2562,2025-07-15,154,9,5,102.79,0
4258,2025-06-24,153,24,3,73.36,10
1803,2024-04-29,242,31,5,72.32,10
2510,2024-06-07,134,18,3,113.61,15
3001,2025-06-29,211,24,5,73.36,5
3919,2025-03-10,209,27,4,52.56,15
730,2025-02-26,133,8,5,103.07,10
1836,2024-08-05,75,35,5,11.58,10
2051,2024-10-29,294,6,2,114.35,5
1070,2024-11-17,184,36,2,10.4,5
1750,2025-05-10,269,1,3,47.8,0
2097,2025-06-30,157,15,5,43.35,0
3460,2025-07-22,270,36,3,10.4,0
4348,2024-10-10,42,7,5,37.71,0
2938,2024-12-08,175,3,4,121.61,0
1971,2024-04-16,64,6,2,114.35,15
1428,2024-12-30,13,29,4,98.91,10
794,2024-10-01,238,25,1,94.83,0
4007,2024-11-16,57,37,3,149.41,0
3542,2024-11-30,255,38,2,21.84,0
1720,2025-08-16,74,19,2,43.01,0
561,2024-10-30,264,40,3,82.94,15
236,2024-07-05,127,28,1,93.46,0
1739,2024-10-24,6,20,1,60.25,10
1546,2025-09-06,63,18,2,113.61,5
4008,2025-08-08,145,38,4,21.84,0
277,2024-07-28,127,17,4,58.44,15
1906,2024-12-07,4,37,5,149.41,0
809,2024-11-10,101,12,5,85.81,10
92,2025-08-04,110,18,3,113.61,0
2253,2024-10-06,250,32,1,106.66,0
1103,2024-12-07,45,27,4,52.56,15
12,2024-11-07,133,22,4,58.86,0
225,2024-08-24,255,35,4,11.58,0
1644,2024-04-06,282,16,4,22.92,0
1720,2025-08-16,74,15,4,43.35,0
2988,2025-03-26,215,33,4,99.14,15
2223,2024-07-28,280,10,1,62.62,0
2239,2024-04-11,249,14,2,62.21,0
1330,2025-09-27,268,21,4,97.59,5
513,2024-09-05,207,16,3,22.92,0
4015,2024-12-05,2,33,3,99.14,0
47,2025-05-30,28,33,1,99.14,0
3119,2024-10-10,132,14,1,62.21,0
1006,2025-05-29,229,34,5,21.92,0
1589,2025-03-24,183,36,5,10.4,0
3129,2024-08-06,277,24,2,73.36,0
496,2024-04-01,124,29,3,98.91,5
43,2025-09-29,123,13,4,18.09,0
1298,2025-09-18,20,14,3,62.21,5
1462,2024-08-28,291,24,3,73.36,5
1687,2025-06-18,129,9,3,102.79,15
2459,2024-11-15,175,38,4,21.84,0
1523,2024-05-11,14,26,3,141.76,10
2350,2025-06-13,20,40,3,82.94,10
3646,2025-05-22,275,35,2,11.58,10
1011,2025-09-23,264,10,3,62.62,5
1627,2024-07-06,296,8,5,103.07,0
797,2025-07-17,196,26,1,141.76,0
2988,2025-03-26,215,10,2,62.62,0
3518,2024-07-24,97,37,1,149.41,0
3255,2024-08-12,242,14,4,62.21,0
1313,2024-11-20,265,28,4,93.46,10
3802,2025-02-07,93,25,5,94.83,10
3460,2025-07-22,270,2,2,131.21,0
1279,2024-07-08,273,17,1,58.44,10
649,2025-04-12,94,37,5,149.41,15
278,2024-07-13,249,39,5,39.05,15
568,2025-09-28,150,40,4,82.94,0
103,2025-07-10,192,31,5,72.32,0
812,2025-04-19,256,25,5,94.83,5
1733,2025-08-14,238,19,5,43.01,5
4259,2025-07-06,154,29,5,98.91,10
2231,2024-07-10,56,24,5,73.36,0
3407,2025-08-28,122,23,2,102.85,10
599,2024-05-15,22,7,5,37.71,0
1879,2025-04-04,225,22,4,58.86,0
2134,2025-08-29,268,33,4,99.14,0
675,2024-09-06,207,19,4,43.01,5
1125,2024-09-28,176,8,2,103.07,5
1181,2025-03-21,235,1,1,47.8,0
3514,2024-11-08,188,20,1,60.25,5
1809,2025-04-26,23,31,5,72.32,10
328,2024-07-10,74,23,5,102.85,0
1810,2025-05-10,107,21,1,97.59,10
2520,2025-05-24,246,7,3,37.71,0
2255,2025-01-24,299,12,2,85.81,0
2825,2025-05-17,194,29,3,98.91,5
3456,2024-11-09,4,37,4,149.41,0
4035,2024-06-29,59,7,5,37.71,5
3122,2024-09-25,146,1,1,47.8,15
2264,2024-05-18,64,24,5,73.36,0
422,2024-11-06,165,1,2,47.8,0
4071,2024-07-22,226,25,4,94.83,15
1529,2024-08-30,50,5,2,15.92,15
2355,2024-05-21,213,7,2,37.71,10
763,2024-11-11,291,15,2,43.35,5
660,2025-02-19,272,8,3,103.07,5
299,2024-12-11,152,9,5,102.79,0
2619,2025-06-27,13,31,2,72.32,0
3004,2025-07-28,290,13,4,18.09,0
3815,2024-04-07,134,33,4,99.14,5
2238,2025-05-09,271,10,5,62.62,0
1816,2024-10-06,291,4,5,72.91,0
640,2024-12-09,154,24,3,73.36,0
1534,2024-04-03,124,14,5,62.21,5
2349,2025-03-27,292,34,2,21.92,0
598,2024-11-19,10,3,5,121.61,10
1882,2024-05-25,150,18,4,113.61,10
831,2025-08-28,57,37,1,149.41,15
1326,2025-09-13,86,32,2,106.66,10
1579,2025-09-25,94,34,3,21.92,15
930,2025-05-29,171,25,4,94.83,10
2959,2024-04-29,33,13,1,18.09,0
256,2025-04-17,251,31,2,72.32,0
2118,2025-02-01,109,22,4,58.86,0
3180,2025-03-28,75,36,4,10.4,10
1837,2024-06-02,76,38,3,21.84,5
3760,2025-09-26,133,30,2,97.13,15
751,2024-12-12,259,38,4,21.84,0
2391,2024-12-06,152,25,2,94.83,0
4273,2025-03-31,76,23,5,102.85,0
1697,2025-01-01,201,35,3,11.58,5
2079,2025-03-18,217,24,4,73.36,0
2506,2024-06-08,184,38,3,21.84,0
11,2025-02-27,196,30,4,97.13,0
748,2024-11-16,14,29,3,98.91,0
2103,2025-09-17,149,11,3,127.63,15
21,2025-06-09,249,18,4,113.61,0
3075,2025-05-02,79,34,4,21.92,0
992,2025-03-28,192,29,2,98.91,0
21,2025-06-09,249,14,3,62.21,15
2412,2024-06-21,242,28,2,93.46,5
1683,2024-09-11,37,22,5,58.86,0
3286,2025-01-19,39,40,2,82.94,15
2389,2024-04-08,134,31,4,72.32,0
1911,2025-08-14,3,7,5,37.71,5
487,2025-07-01,183,22,1,58.86,5
2469,2024-04-28,76,31,1,72.32,15
432,2024-08-12,71,36,5,10.4,0
1450,2025-06-15,11,7,3,37.71,5
616,2024-07-31,102,25,2,94.83,10
269,2024-05-30,1,18,2,113.61,5
1670,2024-09-23,81,30,2,97.13,0
293,2025-03-06,287,29,3,98.91,0
2235,2024-06-02,241,24,2,73.36,5
633,2025-01-19,83,16,2,22.92,0
4252,2024-11-21,118,37,5,149.41,0
852,2025-05-07,154,36,4,10.4,15
248,2024-07-25,131,37,1,149.41,0
654,2024-04-30,134,16,2,22.92,0
2707,2025-05-11,180,35,5,11.58,5
3186,2024-12-22,28,39,5,39.05,0
2611,2024-11-19,1,9,4,102.79,5
2472,2024-12-22,110,33,1,99.14,0
708,2025-09-02,182,4,1,72.91,5
4232,2024-12-23,20,39,2,39.05,0
1767,2024-12-09,96,13,1,18.09,0
2623,2025-03-19,258,14,4,62.21,15
103,2025-07-10,192,36,2,10.4,15
1222,2024-06-15,232,17,4,58.44,15
3360,2025-05-24,208,35,2,11.58,10
3581,2025-02-28,231,25,1,94.83,15
3344,2024-10-03,224,19,5,43.01,0
1504,2025-04-19,28,25,3,94.83,0
207,2024-06-01,42,6,5,114.35,5
3413,2024-11-01,72,17,5,58.44,0
550,2025-05-28,103,31,2,72.32,10
2524,2024-05-18,22,14,3,62.21,10
3982,2024-12-12,36,34,1,21.92,5
3321,2024-08-24,233,35,5,11.58,0
3929,2025-02-14,2,4,2,72.91,0
2318,2024-12-10,240,33,4,99.14,15
2605,2025-04-27,108,15,2,43.35,10
1292,2025-04-07,124,7,4,37.71,15
3075,2025-05-02,79,23,2,102.85,0
915,2024-11-11,82,29,3,98.91,0
3391,2024-04-01,124,12,4,85.81,5
2170,2025-09-27,296,40,5,82.94,15
2433,2024-07-16,190,37,5,149.41,10
118,2025-05-29,154,4,2,72.91,15
2006,2024-07-20,72,1,1,47.8,0
2214,2025-07-26,80,13,5,18.09,15
1643,2024-07-21,164,10,1,62.62,0
217,2025-07-17,26,28,1,93.46,5
861,2025-08-09,223,37,3,149.41,0
2559,2024-10-28,180,31,2,72.32,15
3346,2025-05-30,35,18,3,113.61,15
3862,2024-10-06,272,27,3,52.56,15
1716,2024-04-27,92,3,1,121.61,0
1681,2024-11-21,257,8,4,103.07,5
30,2025-07-04,290,10,4,62.62,15
3424,2024-11-14,197,10,2,62.62,10
3664,2025-04-18,243,37,3,149.41,0
1301,2024-11-01,243,21,1,97.59,15
4051,2024-12-09,294,27,1,52.56,15
3185,2024-12-22,131,14,5,62.21,15
1641,2024-10-26,121,26,4,141.76,0
1525,2024-06-06,273,33,2,99.14,15
1187,2024-10-02,164,19,4,43.01,15
4147,2024-08-30,211,29,1,98.91,0
1774,2025-07-23,64,17,1,58.44,15
970,2024-11-08,95,32,3,106.66,10
4103,2024-04-04,124,39,3,39.05,0
4289,2024-09-04,118,2,3,131.21,0
631,2025-07-23,138,37,3,149.41,5
1780,2025-01-22,299,40,4,82.94,0
730,2025-02-26,133,13,5,18.09,10
873,2025-04-22,114,8,4,103.07,0
1954,2025-04-08,243,15,4,43.35,5
1691,2024-09-01,273,32,5,106.66,0
2095,2025-09-16,94,33,1,99.14,0
2817,2024-10-24,279,35,3,11.58,0
1768,2025-06-20,94,23,3,102.85,5
45,2025-08-06,191,34,1,21.92,0
59,2025-06-11,86,3,4,121.61,0
2351,2025-02-12,291,12,2,85.81,10
4176,2024-08-02,75,13,2,18.09,0
1523,2024-05-11,14,11,4,127.63,0
754,2024-07-08,249,40,5,82.94,10
1294,2024-12-14,261,38,2,21.84,10
1300,2024-11-01,182,12,5,85.81,10
4217,2024-12-16,22,7,3,37.71,15
2959,2024-04-29,33,16,3,22.92,0
3749,2024-11-22,99,22,1,58.86,5
1729,2024-04-30,150,12,5,85.81,10
3424,2024-11-14,197,39,3,39.05,0
1276,2024-10-04,4,3,2,121.61,5
2513,2024-12-06,245,13,1,18.09,0
3121,2024-07-11,280,10,1,62.62,0
3213,2024-12-21,220,38,4,21.84,0
202,2025-06-01,164,24,2,73.36,10
3495,2024-10-21,144,32,1,106.66,0
3700,2024-11-22,249,32,1,106.66,0
991,2024-09-17,84,18,2,113.61,10
2825,2025-05-17,194,35,1,11.58,5
1342,2024-06-25,29,28,3,93.46,5
2564,2025-08-25,155,25,1,94.83,10
2974,2025-07-04,123,20,2,60.25,15
1051,2024-09-03,146,9,1,102.79,15
3434,2025-05-02,56,4,2,72.91,0
4202,2025-07-25,244,15,2,43.35,0
3311,2024-09-05,146,15,4,43.35,0
4213,2025-08-19,238,31,5,72.32,15
1120,2025-04-21,113,31,2,72.32,15
2373,2025-04-01,46,16,3,22.92,0
748,2024-11-16,14,27,3,52.56,0
2430,2025-04-11,260,30,3,97.13,10
2556,2024-06-14,22,10,3,62.62,10
4027,2025-06-27,255,6,3,114.35,5
2893,2024-04-24,64,13,5,18.09,5
1745,2025-07-16,210,4,1,72.91,5
2888,2024-08-29,281,3,3,121.61,0
4397,2024-10-07,10,17,5,58.44,0
664,2024-08-30,56,19,5,43.01,15
1432,2024-08-30,300,27,3,52.56,0
78,2024-04-24,64,30,1,97.13,0
4060,2025-06-23,251,8,5,103.07,5
1235,2024-12-06,56,39,3,39.05,10
1482,2025-05-03,227,10,4,62.62,0
935,2025-01-27,236,36,2,10.4,0
4156,2024-05-27,291,28,2,93.46,15
3387,2025-07-12,240,14,3,62.21,0
206,2025-03-21,5,25,5,94.83,0
399,2025-03-17,216,32,1,106.66,0
1332,2025-08-09,200,19,2,43.01,0
3193,2025-07-14,122,22,5,58.86,5
1818,2025-05-16,69,40,1,82.94,0
4172,2025-06-28,38,39,5,39.05,15
1404,2025-02-26,203,21,1,97.59,15
2600,2024-11-05,72,22,3,58.86,0
384,2024-08-27,74,27,4,52.56,0
2319,2024-12-10,238,2,4,131.21,15
1549,2024-07-16,184,14,4,62.21,10
2180,2024-12-25,169,30,3,97.13,15
3644,2025-03-05,254,38,1,21.84,10
1122,2025-06-19,35,14,4,62.21,15
612,2025-01-05,205,39,3,39.05,0
237,2024-12-28,146,7,5,37.71,5
936,2024-08-20,58,2,1,131.21,15
625,2025-08-28,174,40,3,82.94,5
855,2024-09-15,239,31,2,72.32,0
3917,2024-07-01,62,39,1,39.05,0
238,2024-12-28,186,28,1,93.46,0
3066,2025-06-13,170,16,4,22.92,5
213,2024-07-03,89,26,3,141.76,0
140,2024-11-20,213,12,3,85.81,0
1731,2024-06-17,146,36,2,10.4,0
813,2025-03-03,69,3,3,121.61,0
1487,2024-11-21,159,31,5,72.32,15
699,2025-03-16,147,18,4,113.61,0
2142,2024-09-02,165,37,2,149.41,0
2358,2024-11-09,94,2,2,131.21,10
816,2024-11-14,39,12,5,85.81,10
1420,2024-10-29,167,21,2,97.59,5
785,2025-03-30,174,28,5,93.46,0
2427,2024-10-30,184,25,2,94.83,10
1374,2024-06-06,76,5,1,15.92,15
776,2025-01-28,228,38,5,21.84,0
4235,2024-12-09,225,11,3,127.63,10
603,2024-10-14,98,35,1,11.58,0
3137,2024-10-07,225,34,5,21.92,5
2203,2024-07-03,62,20,1,60.25,15
513,2024-09-05,207,11,1,127.63,0
3237,2024-05-06,49,33,3,99.14,15
2560,2024-07-10,231,9,1,102.79,0
2942,2024-05-07,231,32,3,106.66,15
3926,2025-09-24,158,9,4,102.79,15
1889,2025-03-14,17,19,4,43.01,15
3515,2025-03-27,1,2,3,131.21,10
3097,2025-05-05,140,31,4,72.32,0
2335,2024-05-18,49,39,4,39.05,0
4273,2025-03-31,76,11,1,127.63,0
1152,2025-05-18,131,38,2,21.84,0
100,2024-04-07,134,22,3,58.86,15
3339,2025-09-30,189,38,3,21.84,15
2426,2024-12-08,255,14,1,62.21,5
3132,2025-05-29,135,28,5,93.46,0
3482,2025-05-12,17,15,3,43.35,0
270,2025-06-14,245,1,3,47.8,0
1776,2024-06-07,165,3,5,121.61,10
3365,2025-09-10,121,39,3,39.05,10
2621,2025-05-30,113,6,3,114.35,0
1244,2025-02-10,218,27,4,52.56,0
1427,2024-05-09,242,1,4,47.8,0
1640,2024-07-08,44,2,1,131.21,10
2517,2024-04-03,124,5,4,15.92,0
1870,2024-09-30,176,6,3,114.35,0
3276,2025-03-05,181,28,5,93.46,15
753,2024-11-29,33,4,1,72.91,0
3648,2025-02-02,75,17,2,58.44,0
2109,2024-07-17,30,2,5,131.21,0
1678,2024-10-04,37,34,5,21.92,10
1278,2025-06-25,61,22,4,58.86,10
1442,2024-05-02,92,25,5,94.83,10
4190,2024-12-14,198,18,5,113.61,10
65,2024-06-06,157,24,2,73.36,0
619,2025-04-22,181,2,3,131.21,15
1000,2024-04-17,64,27,4,52.56,0
4174,2024-04-09,249,34,1,21.92,0
3907,2024-10-20,22,22,1,58.86,10
3649,2025-09-20,37,14,3,62.21,0
3895,2024-06-21,218,12,2,85.81,10
3440,2024-12-21,74,10,5,62.62,0
4005,2025-05-03,297,31,5,72.32,5
2212,2025-07-28,86,1,1,47.8,15
3388,2024-07-06,243,38,3,21.84,0
2473,2025-04-14,262,36,4,10.4,5
3435,2025-06-07,4,26,3,141.76,0
3888,2024-12-10,15,25,2,94.83,0
1061,2024-08-20,33,25,5,94.83,0
4042,2024-08-09,166,33,3,99.14,10
2156,2024-08-12,250,20,3,60.25,10
3741,2025-05-17,299,3,2,121.61,0
4095,2025-08-17,280,21,2,97.59,0
4107,2024-11-24,286,14,5,62.21,0
2053,2024-10-12,53,15,1,43.35,15
2796,2024-06-11,82,36,4,10.4,5
2189,2024-12-21,166,20,2,60.25,15
617,2025-06-16,69,8,5,103.07,15
134,2024-06-20,164,16,1,22.92,0
2449,2025-05-01,269,9,4,102.79,0
1575,2025-07-10,179,13,2,18.09,5
746,2025-01-06,99,35,5,11.58,0
860,2025-08-05,141,38,2,21.84,5
3037,2024-08-26,27,37,5,149.41,5
712,2024-06-23,37,28,2,93.46,5
1531,2024-05-21,15,32,3,106.66,5
2320,2024-08-17,85,27,5,52.56,15
526,2024-12-22,132,1,3,47.8,5
740,2024-09-25,158,6,1,114.35,0
3540,2025-04-29,265,20,1,60.25,10
3343,2024-12-22,249,27,5,52.56,0
584,2025-05-31,227,28,5,93.46,0
3370,2025-06-22,92,14,2,62.21,0
1823,2024-05-25,64,15,2,43.35,5
524,2025-08-17,56,28,1,93.46,5
2022,2025-03-30,92,32,2,106.66,5
1484,2025-01-23,119,2,1,131.21,5
1940,2024-07-31,75,25,3,94.83,0
3428,2024-06-09,84,3,3,121.61,0
1968,2024-12-31,37,37,3,149.41,0
1364,2025-07-29,195,11,4,127.63,10
3193,2025-07-14,122,8,2,103.07,0
1329,2025-08-05,51,21,5,97.59,10
1207,2025-06-16,213,19,5,43.01,15
2587,2025-06-30,129,26,5,141.76,0
2413,2025-02-25,254,30,3,97.13,15
4052,2024-12-09,110,14,5,62.21,0
2050,2025-09-29,222,28,2,93.46,10
2242,2025-05-08,120,4,3,72.91,0
2493,2025-02-02,150,25,5,94.83,0
3377,2024-12-21,246,32,3,106.66,10
800,2025-06-26,184,3,4,121.61,15
991,2024-09-17,84,39,4,39.05,5
4379,2025-06-10,124,1,4,47.8,10
1791,2025-06-08,58,3,2,121.61,0
4386,2024-11-06,101,36,1,10.4,15
1515,2025-02-02,256,4,1,72.91,0
3010,2025-05-21,293,4,3,72.91,0
2580,2024-12-31,60,23,3,102.85,0
3511,2025-01-05,269,21,3,97.59,0
1648,2025-06-05,294,19,1,43.01,10
806,2024-11-05,33,1,4,47.8,0
3160,2025-04-30,286,14,1,62.21,5
3120,2025-01-29,168,32,5,106.66,15
4142,2024-06-01,249,38,5,21.84,0
1917,2024-11-21,81,4,1,72.91,0
1400,2025-04-13,239,29,5,98.91,0
2753,2024-12-17,296,40,3,82.94,0
3420,2024-10-06,105,30,1,97.13,0
903,2025-04-06,271,16,5,22.92,5
2290,2025-05-21,87,36,2,10.4,15
1134,2025-05-16,68,5,1,15.92,15
995,2024-12-08,6,37,4,149.41,0
3297,2024-06-29,44,15,3,43.35,5
955,2025-07-29,132,37,4,149.41,10
1561,2024-04-05,124,31,3,72.32,0
4134,2024-07-30,51,35,5,11.58,15
1946,2024-10-10,72,8,3,103.07,0
106,2024-10-28,239,33,5,99.14,5
1472,2024-12-29,27,32,4,106.66,5
1876,2025-07-28,60,40,3,82.94,10
4392,2025-03-07,72,11,2,127.63,0
2854,2025-05-19,176,34,2,21.92,15
1577,2024-11-12,161,18,3,113.61,15
3744,2024-12-28,161,10,5,62.62,0
3172,2025-02-23,228,13,3,18.09,0
1069,2024-11-17,197,28,2,93.46,0
56,2025-02-12,264,31,3,72.32,0
3311,2024-09-05,146,10,2,62.62,0
395,2025-04-18,97,16,1,22.92,5
2092,2025-02-02,293,39,5,39.05,0
3352,2024-11-05,176,14,1,62.21,0
1884,2024-07-19,15,7,4,37.71,0
4000,2025-09-03,36,8,4,103.07,0
3784,2024-05-01,76,13,5,18.09,10
2232,2025-03-16,186,25,2,94.83,0
3188,2025-02-11,112,32,1,106.66,15
3566,2024-09-25,18,19,5,43.01,15
1922,2025-03-10,25,26,5,141.76,0
1292,2025-04-07,124,28,3,93.46,15
2977,2025-04-12,263,38,4,21.84,0
1493,2024-07-13,92,35,4,11.58,10
1529,2024-08-30,50,9,3,102.79,15
3098,2025-07-10,138,15,2,43.35,5
1384,2025-02-21,231,31,3,72.32,5
2388,2025-05-18,17,10,4,62.62,15
3649,2025-09-20,37,8,3,103.07,5
3507,2024-11-04,121,32,4,106.66,0
3332,2024-07-01,221,26,3,141.76,0
1708,2025-09-20,50,29,1,98.91,10
3586,2024-07-13,84,36,5,10.4,0
1819,2024-07-12,37,17,4,58.44,0
741,2025-04-02,199,8,2,103.07,5
164,2024-10-05,134,25,2,94.83,10
2624,2025-08-22,212,37,2,149.41,10
3997,2025-01-31,7,40,3,82.94,5
1753,2025-01-08,98,35,3,11.58,0
2169,2024-09-03,96,32,4,106.66,15
3818,2025-05-16,129,26,2,141.76,0
48,2024-08-19,19,9,1,102.79,0
2887,2025-03-25,46,12,5,85.81,15
3980,2024-10-27,190,14,5,62.21,15
3255,2024-08-12,242,4,2,72.91,15
3724,2024-08-22,3,40,1,82.94,0
48,2024-08-19,19,29,3,98.91,0
631,2025-07-23,138,13,3,18.09,5
1103,2024-12-07,45,10,4,62.62,0
2793,2024-05-08,22,16,3,22.92,15
4188,2025-08-14,198,12,5,85.81,0
134,2024-06-20,164,30,3,97.13,15
2856,2024-11-24,183,16,2,22.92,0
2493,2025-02-02,150,31,1,72.32,0
1955,2024-06-29,221,31,5,72.32,5
2614,2025-06-13,175,23,2,102.85,15
665,2024-11-04,186,34,5,21.92,0
2774,2025-05-12,273,31,5,72.32,5
1718,2024-07-28,264,14,1,62.21,10
601,2025-03-23,181,33,2,99.14,10
1135,2024-09-03,44,21,2,97.59,0
3879,2025-05-28,277,31,3,72.32,5
107,2025-07-18,158,26,3,141.76,0
1715,2025-04-08,163,12,3,85.81,10
2770,2025-04-17,187,14,5,62.21,10
2558,2025-08-03,290,32,5,106.66,0
3392,2025-03-27,290,29,4,98.91,0
2721,2025-04-09,269,39,5,39.05,0
3875,2024-11-04,99,26,5,141.76,0
394,2025-03-19,147,35,3,11.58,0
4007,2024-11-16,57,6,2,114.35,0
1738,2025-03-24,108,33,2,99.14,15
379,2024-08-28,65,1,2,47.8,15
4162,2025-04-30,152,24,3,73.36,0
2700,2025-05-17,89,28,4,93.46,10
1099,2025-07-28,269,18,3,113.61,0
1316,2025-02-17,4,23,5,102.85,0
2465,2025-04-05,281,40,4,82.94,5
1754,2024-09-07,8,4,3,72.91,10
3343,2024-12-22,249,12,1,85.81,0
3478,2024-08-21,72,12,1,85.81,10
2174,2024-12-23,7,24,2,73.36,0
600,2025-03-26,15,10,3,62.62,10
3557,2024-11-13,137,25,4,94.83,0
3952,2024-12-09,247,28,5,93.46,10
454,2025-09-20,20,29,4,98.91,0
1086,2025-01-06,186,17,1,58.44,0
2212,2025-07-28,86,9,1,102.79,5
1048,2024-07-12,221,18,4,113.61,5
491,2024-06-12,150,26,5,141.76,0
4364,2024-12-26,61,19,3,43.01,0
2189,2024-12-21,166,3,4,121.61,5
3754,2025-07-13,187,32,5,106.66,0
778,2024-06-24,112,18,2,113.61,0
819,2025-01-18,296,18,4,113.61,0
341,2024-09-01,81,24,1,73.36,15
2700,2025-05-17,89,12,4,85.81,5
2473,2025-04-14,262,26,5,141.76,10
1090,2024-05-10,81,38,2,21.84,0
2033,2025-05-24,89,3,3,121.61,15
1122,2025-06-19,35,40,3,82.94,10
1686,2024-04-17,124,22,2,58.86,15
463,2025-01-10,286,4,2,72.91,0
25,2025-05-12,22,5,4,15.92,0
3725,2024-07-18,243,32,1,106.66,15
1388,2025-05-06,242,18,2,113.61,0
1663,2024-09-29,241,29,2,98.91,0
550,2025-05-28,103,38,4,21.84,0
2866,2025-04-09,86,32,5,106.66,10
1876,2025-07-28,60,10,1,62.62,0
4080,2024-07-12,156,9,3,102.79,0
2853,2024-04-01,242,27,5,52.56,0
49,2024-09-01,239,20,1,60.25,0
2861,2024-10-10,116,19,2,43.01,15
1507,2025-07-16,178,4,4,72.91,5
3365,2025-09-10,121,33,2,99.14,15
500,2024-04-01,242,19,1,43.01,0
3594,2024-11-13,12,1,4,47.8,10
1881,2025-02-05,91,25,5,94.83,0
4306,2024-06-24,96,27,1,52.56,0
3873,2025-03-03,102,35,4,11.58,10
2567,2024-11-30,36,36,2,10.4,0
808,2024-11-10,128,7,1,37.71,10
993,2025-09-06,130,39,1,39.05,0
3740,2024-04-28,291,2,1,131.21,5
3603,2024-11-23,9,19,4,43.01,0
3787,2024-07-09,105,40,4,82.94,10
247,2025-05-12,283,18,1,113.61,15
2201,2025-06-04,275,26,4,141.76,0
2412,2024-06-21,242,26,1,141.76,10
3775,2025-09-17,198,14,4,62.21,0
1149,2025-07-30,6,27,4,52.56,0
2990,2024-11-02,123,27,4,52.56,15
4141,2024-12-30,165,33,4,99.14,0
1800,2024-09-15,85,14,2,62.21,0
148,2024-08-18,137,39,3,39.05,0
2915,2025-05-08,21,32,4,106.66,0
3353,2025-05-30,167,30,5,97.13,10
547,2024-07-16,274,35,2,11.58,0
1236,2025-06-15,58,30,2,97.13,0
4104,2025-03-02,30,9,5,102.79,0
4380,2024-05-17,273,35,4,11.58,15
4169,2024-04-21,76,13,4,18.09,0
1491,2024-07-04,265,37,2,149.41,0
845,2024-11-25,129,19,3,43.01,15
3892,2024-06-21,67,8,1,103.07,0
1541,2024-10-23,4,6,1,114.35,0
2716,2024-12-22,238,16,1,22.92,15
4067,2024-06-01,56,4,2,72.91,15
2335,2024-05-18,49,4,3,72.91,0
4023,2025-03-04,213,22,5,58.86,5
1248,2024-05-28,213,35,1,11.58,5
927,2025-03-09,93,10,3,62.62,0
1237,2025-09-02,248,35,5,11.58,10
2725,2025-08-15,73,1,4,47.8,0
2522,2024-12-19,274,18,3,113.61,0
192,2025-05-02,292,35,5,11.58,0
2625,2025-01-07,16,23,3,102.85,0
439,2024-04-09,33,2,1,131.21,0
3455,2024-11-09,155,33,1,99.14,15
1394,2025-03-15,296,13,5,18.09,0
3422,2025-03-31,173,37,1,149.41,15
3152,2025-07-04,12,31,2,72.32,5
4278,2025-05-07,174,10,5,62.62,0
3718,2025-08-10,164,13,3,18.09,0
4226,2025-05-08,212,18,4,113.61,0
2588,2025-02-25,177,38,3,21.84,0
525,2024-12-22,54,5,1,15.92,10
1760,2025-04-15,227,28,1,93.46,0
3483,2025-03-15,267,36,3,10.4,5
2470,2025-06-13,162,35,5,11.58,0
4231,2024-12-23,107,16,2,22.92,5
2464,2024-12-30,164,33,4,99.14,0
3845,2024-11-12,155,17,4,58.44,0
328,2024-07-10,74,9,2,102.79,0
2931,2024-12-25,278,24,2,73.36,0
2039,2025-06-27,269,16,4,22.92,0
1998,2024-06-14,105,14,4,62.21,0
1306,2024-07-16,274,37,4,149.41,0
3125,2024-12-21,133,9,1,102.79,0
3226,2024-05-27,148,4,2,72.91,5
2748,2024-08-08,213,29,1,98.91,5
2447,2024-04-08,33,33,3,99.14,0
3902,2025-03-21,149,34,2,21.92,5
662,2024-12-27,98,15,4,43.35,0
1982,2024-07-22,218,37,2,149.41,0
611,2025-04-08,102,13,1,18.09,0
1433,2024-09-16,19,33,3,99.14,10
363,2025-03-23,178,13,3,18.09,0
1794,2024-12-29,232,29,1,98.91,5
528,2025-04-03,171,26,3,141.76,10
1798,2024-06-09,231,40,1,82.94,0
872,2025-05-22,34,24,2,73.36,0
1783,2024-04-29,282,7,2,37.71,0
2492,2025-04-17,36,16,4,22.92,0
1142,2025-05-22,3,14,5,62.21,5
111,2024-06-22,249,8,4,103.07,10
1984,2025-07-18,212,28,2,93.46,0
1443,2025-08-13,45,16,5,22.92,5
807,2024-11-05,148,5,5,15.92,0
1252,2024-08-01,200,4,4,72.91,0
301,2025-03-20,68,35,1,11.58,0
96,2024-05-09,81,3,3,121.61,0
2197,2025-04-23,281,8,1,103.07,0
3310,2025-06-15,15,34,4,21.92,5
1199,2025-02-04,217,6,5,114.35,10
1585,2025-06-26,70,14,1,62.21,0
219,2024-12-08,163,31,4,72.32,0
3313,2025-06-25,16,37,4,149.41,0
3697,2024-11-22,16,16,3,22.92,0
1127,2024-11-27,180,28,2,93.46,0
1865,2025-03-17,210,4,2,72.91,0
3097,2025-05-05,140,10,3,62.62,0
85,2024-04-28,282,15,5,43.35,5
1771,2025-05-09,224,6,5,114.35,0
3767,2024-05-02,291,18,3,113.61,0
3626,2024-04-29,231,13,4,18.09,15
3178,2024-07-29,241,37,4,149.41,10
1446,2024-07-30,220,12,1,85.81,0
3160,2025-04-30,286,16,3,22.92,0
3107,2024-04-05,124,21,4,97.59,10
830,2024-07-09,29,34,2,21.92,0
611,2025-04-08,102,26,4,141.76,0
3781,2025-09-17,300,23,5,102.85,15
2131,2025-07-10,139,23,3,102.85,10
2139,2024-05-06,218,18,5,113.61,15
4342,2024-09-26,121,3,5,121.61,15
3726,2025-08-09,42,17,2,58.44,0
2945,2025-05-23,24,30,3,97.13,0
1049,2024-08-02,165,3,4,121.61,0
1092,2025-09-06,40,14,5,62.21,0
548,2024-04-30,231,5,2,15.92,15
1179,2025-06-06,219,37,1,149.41,0
559,2025-04-15,238,5,4,15.92,15
3218,2024-06-12,194,2,1,131.21,15
3645,2024-05-06,118,24,5,73.36,0
1375,2025-03-16,37,38,3,21.84,15
3466,2024-06-24,92,8,3,103.07,0
186,2024-08-25,30,40,2,82.94,5
1586,2025-05-24,62,38,1,21.84,0
3443,2025-08-21,72,19,2,43.01,15
962,2025-04-25,32,14,4,62.21,0
1413,2024-05-07,118,32,1,106.66,10
19,2025-04-21,215,22,3,58.86,10
1345,2025-04-25,79,5,2,15.92,0
642,2025-04-29,159,35,1,11.58,5
2712,2024-05-07,295,2,2,131.21,0
484,2024-07-14,74,36,2,10.4,15
129,2024-12-08,297,12,1,85.81,0
1421,2024-07-19,1,40,1,82.94,0
4397,2024-10-07,10,16,5,22.92,5
2152,2025-05-23,58,11,3,127.63,0
1383,2024-12-14,31,21,3,97.59,15
4125,2024-05-11,295,39,4,39.05,0
859,2025-04-27,141,1,5,47.8,0
3658,2024-07-20,130,9,1,102.79,15
1688,2024-06-07,49,29,1,98.91,15
2087,2025-02-23,165,12,3,85.81,0
176,2025-01-01,213,6,3,114.35,5
1050,2024-04-10,64,23,2,102.85,15
3634,2024-08-31,167,27,1,52.56,0
3099,2024-12-28,134,16,1,22.92,0
3044,2025-04-01,167,4,2,72.91,15
3607,2025-03-05,57,10,1,62.62,0
3852,2025-03-21,125,30,1,97.13,15
77,2025-02-15,98,32,4,106.66,5
1972,2025-05-19,237,34,4,21.92,0
2529,2024-12-31,224,31,5,72.32,15
3397,2024-09-19,132,12,3,85.81,10
4170,2025-02-22,77,16,1,22.92,15
4279,2024-05-17,164,9,5,102.79,5
3498,2025-04-26,237,25,2,94.83,0
660,2025-02-19,272,10,1,62.62,0
828,2025-09-28,196,6,2,114.35,0
1925,2025-05-31,38,3,3,121.61,0
3811,2025-09-01,186,17,5,58.44,10
2229,2024-12-22,82,28,3,93.46,0
4357,2025-03-07,212,23,5,102.85,0
3407,2025-08-28,122,16,4,22.92,10
4365,2024-12-26,228,14,4,62.21,15
3831,2025-09-29,73,8,4,103.07,0
2976,2024-05-19,33,16,5,22.92,0
2956,2024-11-06,276,14,5,62.21,0
1364,2025-07-29,195,2,5,131.21,0
4137,2025-06-20,131,18,3,113.61,0
634,2025-02-12,238,13,5,18.09,0
1514,2025-01-11,126,2,4,131.21,0
991,2024-09-17,84,28,3,93.46,10
1138,2024-11-24,266,31,3,72.32,0
1888,2024-05-22,33,8,2,103.07,0
4022,2024-07-20,233,10,3,62.62,0
1371,2025-07-26,195,3,3,121.61,10
58,2025-06-15,93,6,4,114.35,10
2912,2025-08-05,196,4,1,72.91,0
1993,2025-02-04,143,10,3,62.62,0
2032,2024-05-14,64,21,2,97.59,5
3385,2025-07-19,81,2,4,131.21,0
154,2025-06-15,55,7,3,37.71,0
158,2024-05-16,49,22,1,58.86,15
3804,2024-11-04,293,26,5,141.76,10
49,2024-09-01,239,19,2,43.01,5
1156,2025-09-06,226,21,5,97.59,5
1194,2025-04-14,130,2,4,131.21,0
1881,2025-02-05,91,20,3,60.25,0
1180,2025-09-19,102,9,1,102.79,0
966,2025-06-04,247,28,5,93.46,0
2802,2024-10-10,118,27,4,52.56,10
3211,2025-01-12,94,4,5,72.91,0
710,2025-09-29,120,20,2,60.25,15
1098,2025-06-03,276,34,1,21.92,10
962,2025-04-25,32,31,1,72.32,15
3036,2025-02-27,163,19,4,43.01,10
4026,2024-06-15,157,18,5,113.61,5
3030,2025-06-06,293,1,1,47.8,10
1885,2024-04-20,124,25,1,94.83,5
2942,2024-05-07,231,3,5,121.61,0
4118,2025-02-08,111,24,4,73.36,0
4025,2024-06-13,273,39,5,39.05,0
1510,2025-05-09,113,3,3,121.61,0
2415,2025-04-04,222,10,5,62.62,5
3809,2025-06-22,220,34,2,21.92,0
2304,2025-06-05,17,19,4,43.01,0
4254,2024-07-28,194,21,4,97.59,0
459,2025-07-05,186,34,4,21.92,15
2534,2025-05-23,66,10,4,62.62,5
3272,2024-05-13,67,22,5,58.86,10
823,2025-05-20,213,25,4,94.83,0
278,2024-07-13,249,9,5,102.79,0
3621,2024-04-21,98,39,2,39.05,5
3777,2024-05-02,242,40,2,82.94,0
1219,2025-08-06,31,3,5,121.61,15
4202,2025-07-25,244,13,3,18.09,0
925,2024-08-29,157,8,1,103.07,0
743,2024-07-02,265,24,5,73.36,0
3766,2024-10-31,129,25,4,94.83,0
3099,2024-12-28,134,1,5,47.8,0
2527,2025-02-06,96,28,4,93.46,0
1240,2024-10-16,278,15,2,43.35,0
743,2024-07-02,265,32,4,106.66,15
2683,2025-08-24,66,3,4,121.61,15
4003,2025-05-31,97,17,5,58.44,0
2887,2025-03-25,46,3,1,121.61,15
4262,2025-01-10,122,15,4,43.35,0
1565,2025-09-23,150,9,4,102.79,10
1801,2025-09-06,49,24,5,73.36,0
3061,2025-04-16,53,23,5,102.85,0
3353,2025-05-30,167,18,1,113.61,0
838,2024-04-04,134,8,4,103.07,10
3577,2025-04-20,138,25,1,94.83,15
3217,2025-09-09,257,35,5,11.58,0
457,2024-08-17,190,29,2,98.91,5
32,2024-05-09,33,19,5,43.01,10
527,2024-04-04,242,5,5,15.92,10
2532,2025-07-29,190,26,3,141.76,0
4004,2025-04-18,203,38,4,21.84,10
2066,2025-09-29,15,1,1,47.8,0
2458,2025-07-20,105,25,5,94.83,0
2695,2025-06-18,255,29,3,98.91,0
3965,2025-01-06,289,11,3,127.63,15
2059,2025-04-13,205,11,1,127.63,0
3365,2025-09-10,121,18,4,113.61,5
2409,2025-08-22,49,23,3,102.85,0
2851,2025-08-27,291,6,2,114.35,15
1741,2024-09-19,295,20,5,60.25,0
1364,2025-07-29,195,24,4,73.36,15
1126,2024-11-27,15,18,4,113.61,0
1385,2024-09-22,18,21,2,97.59,0
4320,2025-07-04,229,28,5,93.46,15
1953,2024-11-05,224,34,5,21.92,0
2373,2025-04-01,46,38,3,21.84,0
636,2025-01-31,33,26,5,141.76,0
923,2024-04-22,64,35,3,11.58,0
3061,2025-04-16,53,19,4,43.01,5
3526,2025-08-24,211,22,1,58.86,15
1665,2024-05-30,220,26,1,141.76,10
2944,2025-06-09,228,23,3,102.85,15
2061,2024-04-24,249,10,5,62.62,0
4151,2024-12-09,39,37,4,149.41,0
3248,2025-06-08,229,34,4,21.92,0
2143,2024-08-26,82,1,2,47.8,5
3405,2024-05-01,249,25,1,94.83,10
4157,2024-09-08,262,27,5,52.56,0
1263,2024-10-21,72,8,5,103.07,0
2871,2024-08-09,88,7,4,37.71,15
294,2024-07-18,15,9,3,102.79,10
1290,2024-11-24,262,40,3,82.94,0
913,2025-02-27,43,9,3,102.79,0
65,2024-06-06,157,12,1,85.81,0
2592,2024-08-26,199,6,1,114.35,0
1153,2024-09-30,98,9,5,102.79,10
2051,2024-10-29,294,31,1,72.32,15
3671,2025-09-01,155,33,3,99.14,10
1483,2025-05-19,107,23,2,102.85,15
3315,2025-01-13,207,9,1,102.79,15
2633,2025-04-16,3,10,3,62.62,5
1256,2025-05-05,10,15,3,43.35,5
518,2024-04-09,282,1,4,47.8,0
2999,2024-12-05,142,31,5,72.32,15
4205,2025-01-14,270,28,4,93.46,0
3190,2024-11-10,121,10,2,62.62,15
2981,2024-11-24,272,1,5,47.8,15
3391,2024-04-01,124,10,1,62.62,0
4012,2025-07-10,192,39,1,39.05,0
3795,2024-11-28,62,18,2,113.61,0
3786,2024-05-19,176,34,1,21.92,10
4242,2024-12-12,284,24,4,73.36,0
2476,2024-09-06,240,7,4,37.71,0
1566,2024-08-06,231,32,5,106.66,0
2762,2024-04-10,64,31,2,72.32,15
3843,2025-07-21,13,17,1,58.44,0
1926,2025-01-08,35,10,4,62.62,0
3174,2025-05-04,1,30,2,97.13,0
3294,2024-12-13,49,6,1,114.35,0
3466,2024-06-24,92,1,1,47.8,0
1306,2024-07-16,274,40,3,82.94,0
21,2025-06-09,249,33,5,99.14,5
1952,2024-11-05,294,11,4,127.63,0
3017,2024-08-31,246,18,3,113.61,10
3601,2025-06-22,282,38,2,21.84,0
1690,2024-10-09,8,5,5,15.92,10
1942,2024-05-28,131,30,1,97.13,5
3542,2024-11-30,255,34,3,21.92,15
1133,2025-08-27,204,20,1,60.25,5
1215,2025-07-28,103,9,1,102.79,0
298,2025-06-18,300,33,1,99.14,5
8,2024-07-26,243,31,4,72.32,0
545,2025-09-02,113,4,2,72.91,0
4339,2025-05-13,21,12,3,85.81,15
4096,2025-01-06,79,37,3,149.41,15
3925,2024-04-17,124,16,4,22.92,0
1936,2025-05-17,138,24,5,73.36,5
2966,2024-05-08,157,2,5,131.21,0
2089,2025-09-24,25,20,3,60.25,5
2468,2024-08-15,232,15,1,43.35,5
335,2024-09-11,75,31,1,72.32,0
1622,2024-10-09,104,2,4,131.21,5
305,2024-05-19,150,36,5,10.4,5
3581,2025-02-28,231,24,5,73.36,15
517,2025-07-17,124,34,2,21.92,0
2081,2024-04-09,124,14,4,62.21,0
938,2024-05-01,64,10,1,62.62,0
2407,2024-04-11,150,2,3,131.21,0
2791,2024-10-11,292,25,2,94.83,5
1253,2025-08-30,168,19,1,43.01,10
947,2024-05-16,232,4,3,72.91,0
3076,2025-05-19,29,11,2,127.63,0
2328,2025-06-08,158,11,3,127.63,0
2351,2025-02-12,291,9,5,102.79,5
2186,2024-06-27,54,10,1,62.62,0
2321,2024-04-17,242,14,2,62.21,10
1651,2025-05-19,289,27,5,52.56,15
1174,2024-11-02,227,23,5,102.85,10
2730,2024-04-30,124,23,3,102.85,0
2814,2025-04-26,222,11,4,127.63,0
1200,2024-12-06,27,31,2,72.32,0
2932,2024-12-25,141,7,3,37.71,5
2048,2024-10-01,101,34,5,21.92,15
2485,2025-02-25,26,26,4,141.76,0
832,2024-07-21,220,19,1,43.01,0
1872,2024-05-25,214,13,1,18.09,5
3516,2024-11-22,269,19,4,43.01,5
57,2025-06-22,205,25,4,94.83,0
2523,2024-08-12,92,4,4,72.91,0
3723,2025-05-29,234,38,1,21.84,5
3330,2024-07-25,233,14,1,62.21,5
3458,2025-03-22,66,33,4,99.14,15
4382,2025-01-16,251,18,2,113.61,5
1263,2024-10-21,72,38,5,21.84,10
4193,2025-06-21,84,27,1,52.56,0
4049,2024-05-13,81,39,5,39.05,0
2098,2025-08-03,97,18,1,113.61,15
788,2024-07-21,98,7,1,37.71,0
1681,2024-11-21,257,4,1,72.91,0
1383,2024-12-14,31,1,1,47.8,10
1007,2025-08-03,251,15,1,43.35,0
2311,2024-11-12,152,17,4,58.44,0
290,2024-09-17,33,22,4,58.86,5
136,2024-11-03,294,3,1,121.61,0
1173,2025-09-18,231,3,4,121.61,0
1573,2025-08-14,141,17,1,58.44,0
4084,2024-11-05,94,31,2,72.32,0
2207,2024-05-21,33,18,1,113.61,0
456,2024-12-08,92,40,4,82.94,0
1264,2025-04-02,163,14,3,62.21,10
323,2025-05-10,16,15,2,43.35,0
971,2025-06-11,268,12,2,85.81,10
1792,2024-11-16,102,7,3,37.71,15
3153,2025-06-15,108,11,1,127.63,0
84,2025-04-13,170,27,5,52.56,0
3875,2024-11-04,99,25,4,94.83,15
2277,2024-09-02,283,10,1,62.62,0
4070,2024-04-08,282,18,1,113.61,5
1629,2024-11-08,121,30,5,97.13,5
3932,2024-07-30,232,18,1,113.61,0
1041,2024-05-26,33,18,1,113.61,0
1907,2024-06-29,63,26,2,141.76,0
3517,2024-11-22,126,32,5,106.66,10
1956,2024-10-09,142,33,1,99.14,0
721,2025-07-04,77,40,4,82.94,0
4045,2025-08-22,145,37,1,149.41,10
904,2024-08-02,14,29,5,98.91,10
4240,2024-12-10,277,17,2,58.44,0
1176,2025-04-17,289,21,4,97.59,0
3085,2024-12-14,288,16,3,22.92,0
3707,2024-06-05,156,14,3,62.21,15
1676,2024-05-25,72,14,4,62.21,10
2140,2025-01-04,52,18,5,113.61,15
3215,2024-12-13,252,36,4,10.4,0
1241,2025-08-27,157,7,2,37.71,0
2569,2025-09-16,270,39,2,39.05,0
727,2025-06-22,93,2,3,131.21,0
155,2025-09-05,266,29,4,98.91,5
4046,2025-01-08,54,7,5,37.71,0
3858,2025-08-07,55,39,2,39.05,0
3707,2024-06-05,156,9,4,102.79,0
1099,2025-07-28,269,13,3,18.09,0
1334,2024-05-24,249,12,2,85.81,0
1349,2024-11-26,4,25,5,94.83,0
2200,2025-02-09,116,19,1,43.01,10
2042,2024-06-05,22,17,4,58.44,10
1836,2024-08-05,75,33,5,99.14,10
3168,2025-06-20,93,35,2,11.58,0
3560,2025-03-11,187,8,3,103.07,15
3185,2024-12-22,131,33,3,99.14,15
2063,2025-07-13,158,17,5,58.44,0
3246,2025-07-02,157,38,4,21.84,0
3283,2024-09-17,206,5,5,15.92,5
1536,2025-01-23,276,19,1,43.01,5
1,2025-05-03,233,35,2,11.58,5
955,2025-07-29,132,32,2,106.66,5
479,2024-05-08,242,8,5,103.07,0
2562,2025-07-15,154,32,4,106.66,5
2679,2025-09-02,257,23,1,102.85,10
3034,2024-11-28,231,3,5,121.61,0
2709,2024-05-11,22,1,3,47.8,10
1902,2024-12-17,97,12,5,85.81,15
3025,2025-07-27,298,37,3,149.41,5
3939,2024-09-29,264,4,4,72.91,10
3329,2025-01-01,130,24,4,73.36,0
171,2024-11-10,144,6,2,114.35,15
4233,2025-05-09,103,8,3,103.07,0
1425,2024-12-26,46,38,3,21.84,0
1274,2024-10-07,275,22,5,58.86,10
1920,2024-05-07,118,18,2,113.61,0
90,2025-01-31,116,19,3,43.01,5
3954,2024-11-22,228,31,2,72.32,10
3565,2025-04-16,283,6,3,114.35,0
721,2025-07-04,77,27,5,52.56,0
673,2025-02-12,68,33,4,99.14,0
317,2025-06-09,54,35,1,11.58,15
1101,2025-08-31,40,31,4,72.32,5
3067,2024-10-22,33,32,5,106.66,0
3398,2024-06-06,241,1,1,47.8,10
2619,2025-06-27,13,14,4,62.21,0
236,2024-07-05,127,11,3,127.63,0
3293,2024-09-25,224,28,3,93.46,15
1179,2025-06-06,219,38,3,21.84,10
2901,2024-12-08,204,3,5,121.61,10
2847,2024-05-18,231,27,5,52.56,0
108,2024-11-10,181,3,4,121.61,0
3836,2025-04-10,39,18,3,113.61,15
1561,2024-04-05,124,26,2,141.76,0
384,2024-08-27,74,37,3,149.41,0
3751,2025-07-29,253,17,3,58.44,10
1223,2024-05-07,72,34,1,21.92,0
885,2024-11-05,1,33,3,99.14,0
1865,2025-03-17,210,11,2,127.63,10
2704,2024-12-04,272,10,4,62.62,0
3425,2025-08-16,52,10,1,62.62,0
1017,2024-07-10,19,19,5,43.01,5
3528,2025-09-26,138,1,3,47.8,10
215,2024-12-12,142,2,1,131.21,0
3161,2024-07-11,158,38,5,21.84,0
1057,2024-10-22,68,19,5,43.01,0
3582,2024-08-13,205,39,1,39.05,0
4181,2024-12-21,277,26,1,141.76,5
609,2025-08-01,189,1,1,47.8,5
3476,2025-05-11,285,30,4,97.13,0
1293,2024-12-14,192,1,1,47.8,15
3095,2024-05-10,249,1,4,47.8,5
356,2024-11-06,162,4,5,72.91,5
83,2025-02-21,84,20,5,60.25,5
1177,2024-07-12,64,30,5,97.13,5
673,2025-02-12,68,24,4,73.36,5
4105,2024-09-20,135,11,4,127.63,0
4186,2025-03-20,30,37,3,149.41,0
747,2025-07-09,2,28,4,93.46,0
1141,2025-03-12,78,21,5,97.59,10
2870,2024-05-13,22,35,3,11.58,5
3202,2024-11-24,81,13,4,18.09,0
2221,2025-04-27,283,26,3,141.76,0
2236,2025-02-20,158,34,2,21.92,5
663,2024-09-15,295,3,1,121.61,15
2907,2025-05-01,81,21,4,97.59,0
2732,2024-11-15,164,36,3,10.4,0
2382,2024-10-26,242,22,2,58.86,0
4208,2024-05-26,56,27,4,52.56,10
22,2025-09-22,158,15,4,43.35,10
3227,2025-06-28,195,6,1,114.35,0
3099,2024-12-28,134,39,2,39.05,5
4042,2024-08-09,166,4,1,72.91,0
2310,2025-03-12,161,12,3,85.81,10
2258,2024-05-04,242,21,3,97.59,10
3785,2025-06-19,2,22,2,58.86,0
1183,2025-03-19,52,26,2,141.76,0
917,2025-08-16,93,11,1,127.63,0
2408,2024-06-12,184,1,4,47.8,0
2046,2024-04-06,134,11,3,127.63,0
112,2024-08-09,112,2,3,131.21,5
504,2024-11-18,57,39,2,39.05,15
3267,2024-11-18,251,6,5,114.35,0
4281,2025-02-12,44,31,4,72.32,0
3577,2025-04-20,138,27,5,52.56,0
4342,2024-09-26,121,8,2,103.07,10
3799,2024-09-10,194,22,1,58.86,0
3031,2024-12-29,65,14,5,62.21,10
110,2025-07-28,17,12,4,85.81,5
1295,2024-12-29,54,25,5,94.83,15
2638,2024-06-05,221,29,2,98.91,15
3398,2024-06-06,241,38,5,21.84,10
2283,2024-04-08,124,28,2,93.46,10
2808,2025-01-12,126,39,3,39.05,15
260,2024-07-14,1,39,1,39.05,5
1251,2024-12-23,168,15,2,43.35,15
1990,2025-09-28,268,11,2,127.63,0
1252,2024-08-01,200,26,5,141.76,0
902,2025-08-17,187,7,3,37.71,0
2448,2025-04-03,253,17,1,58.44,0
2970,2024-08-24,264,12,4,85.81,15
3220,2025-05-13,278,13,1,18.09,15
4262,2025-01-10,122,6,5,114.35,5
15,2024-11-04,50,15,3,43.35,0
1015,2024-04-30,231,8,2,103.07,5
1933,2024-12-02,76,12,5,85.81,0
2699,2025-04-02,13,26,2,141.76,5
286,2024-07-16,148,29,5,98.91,0
3755,2025-04-24,11,9,1,102.79,0
3299,2025-06-12,280,6,3,114.35,0
1814,2025-04-08,251,35,3,11.58,0
2878,2024-12-30,175,27,1,52.56,10
2113,2025-02-18,76,38,3,21.84,15
4223,2025-03-09,273,4,5,72.91,5
2755,2025-03-23,153,35,2,11.58,0
91,2024-08-03,165,23,1,102.85,0
574,2024-08-30,156,30,2,97.13,15
97,2024-07-19,102,35,5,11.58,5
3096,2025-08-29,235,5,2,15.92,0
1443,2025-08-13,45,17,1,58.44,5
2145,2025-04-26,111,31,1,72.32,0
3532,2024-12-30,22,38,2,21.84,0
237,2024-12-28,146,4,2,72.91,0
57,2025-06-22,205,12,1,85.81,15
3968,2025-02-22,241,35,2,11.58,15
1761,2024-12-14,247,1,1,47.8,0
4310,2025-08-10,220,2,2,131.21,10
502,2025-04-29,185,1,4,47.8,0
4278,2025-05-07,174,34,1,21.92,0
2061,2024-04-24,249,31,4,72.32,5
2815,2024-07-05,29,39,5,39.05,0
4119,2025-03-03,248,27,1,52.56,5
737,2024-12-13,36,26,5,141.76,0
4267,2025-04-16,100,40,5,82.94,15
1052,2025-07-28,93,9,5,102.79,0
3573,2024-09-18,199,16,1,22.92,15
586,2024-09-27,214,9,5,102.79,5
2721,2025-04-09,269,1,2,47.8,0
2132,2025-07-09,137,2,5,131.21,10
1946,2024-10-10,72,18,4,113.61,10
1477,2025-02-19,113,14,1,62.21,0
219,2024-12-08,163,4,5,72.91,0
2671,2025-04-11,78,19,4,43.01,15
2914,2025-09-22,205,21,5,97.59,0
3160,2025-04-30,286,20,1,60.25,0
59,2025-06-11,86,23,4,102.85,0
133,2025-01-19,9,10,3,62.62,5
3025,2025-07-27,298,2,1,131.21,5
3818,2025-05-16,129,23,2,102.85,10
736,2024-12-13,206,33,5,99.14,10
1122,2025-06-19,35,36,1,10.4,5
1861,2024-08-20,201,12,5,85.81,5
30,2025-07-04,290,21,1,97.59,5
327,2025-07-17,282,19,1,43.01,0
1834,2025-01-11,131,24,1,73.36,10
2883,2025-04-26,292,10,3,62.62,5
4101,2025-04-01,93,33,5,99.14,15
281,2024-10-30,227,6,1,114.35,15
1275,2025-06-07,192,3,1,121.61,0
2843,2025-08-21,136,40,5,82.94,15
538,2024-06-04,63,10,3,62.62,10
1456,2024-12-29,125,7,2,37.71,15
2809,2025-09-10,219,22,4,58.86,0
419,2024-07-18,278,28,5,93.46,5
1121,2025-08-22,145,6,2,114.35,0
3992,2025-04-10,170,5,5,15.92,15
374,2025-09-21,217,33,1,99.14,15
851,2024-11-07,232,12,4,85.81,15
2779,2025-04-28,169,18,1,113.61,0
76,2024-08-04,146,16,3,22.92,5
3977,2025-05-31,249,32,3,106.66,5
1333,2024-09-25,246,2,3,131.21,10
75,2025-09-10,288,21,2,97.59,5
4014,2025-06-30,156,9,5,102.79,10
2624,2025-08-22,212,5,2,15.92,0
1975,2024-07-03,274,22,5,58.86,15
1033,2024-04-06,242,4,3,72.91,10
1727,2024-07-02,220,25,4,94.83,0
252,2024-11-30,251,18,1,113.61,0
2833,2024-11-21,98,29,1,98.91,0
289,2025-06-18,128,25,1,94.83,15
1788,2025-05-18,47,11,5,127.63,5
1765,2024-06-26,76,27,4,52.56,0
3275,2025-09-10,136,14,2,62.21,0
1026,2025-08-16,180,32,4,106.66,0
2774,2025-05-12,273,27,4,52.56,0
1591,2025-07-05,116,8,3,103.07,15
3447,2025-04-23,81,32,1,106.66,0
2818,2024-07-14,278,17,2,58.44,0
797,2025-07-17,196,13,1,18.09,15
2279,2025-03-29,118,21,2,97.59,0
3500,2024-10-03,165,4,5,72.91,5
4080,2024-07-12,156,10,4,62.62,10
54,2024-05-16,146,30,1,97.13,15
3491,2024-04-25,296,12,2,85.81,0
2538,2024-08-29,130,39,2,39.05,15
4219,2025-06-08,179,40,5,82.94,0
363,2025-03-23,178,15,4,43.35,5
4042,2024-08-09,166,32,1,106.66,10
1576,2024-11-12,135,16,2,22.92,10
4117,2024-04-02,124,34,2,21.92,0
427,2024-08-02,265,1,3,47.8,10
3510,2024-04-25,232,29,2,98.91,10
3397,2024-09-19,132,11,2,127.63,10
2224,2025-09-18,133,19,1,43.01,10
4024,2025-07-12,35,22,5,58.86,0
179,2025-03-12,281,37,3,149.41,15
706,2025-02-14,267,2,2,131.21,0
23,2024-05-27,3,14,3,62.21,0
1251,2024-12-23,168,30,3,97.13,0
1003,2024-09-22,36,35,1,11.58,0
2855,2024-11-24,2,12,3,85.81,0
3711,2025-02-05,69,31,2,72.32,15
2498,2024-12-18,66,19,2,43.01,5
1037,2025-01-30,291,25,3,94.83,10
803,2024-12-12,202,13,1,18.09,5
3943,2024-07-14,56,34,4,21.92,10
3603,2024-11-23,9,18,5,113.61,15
592,2025-02-25,162,18,5,113.61,10
1081,2024-05-16,81,12,1,85.81,15
3000,2025-09-15,6,23,3,102.85,0
3599,2025-07-09,167,22,4,58.86,0
3058,2025-08-04,80,1,2,47.8,15
4060,2025-06-23,251,39,2,39.05,5
207,2024-06-01,42,15,1,43.35,10
793,2025-08-16,236,19,4,43.01,0
3502,2025-08-14,240,8,1,103.07,15
1149,2025-07-30,6,10,2,62.62,0
1691,2024-09-01,273,9,1,102.79,15
2435,2025-01-14,107,28,2,93.46,0
2132,2025-07-09,137,28,1,93.46,0
3893,2025-03-23,10,7,4,37.71,15
3037,2024-08-26,27,29,2,98.91,10
3967,2024-05-31,164,22,3,58.86,0
3791,2024-10-24,294,25,5,94.83,15
1927,2025-04-11,208,27,1,52.56,5
4323,2025-05-20,217,14,4,62.21,0
4377,2025-02-27,97,28,3,93.46,0
3354,2025-07-24,20,5,5,15.92,0
487,2025-07-01,183,13,5,18.09,0
3388,2024-07-06,243,27,1,52.56,0
1437,2024-07-20,167,20,3,60.25,0
1364,2025-07-29,195,38,4,21.84,0
2703,2024-12-04,176,9,3,102.79,0
3555,2024-07-18,146,22,3,58.86,10
4204,2025-04-06,229,4,5,72.91,10
2800,2025-05-15,267,38,5,21.84,10
1132,2024-09-13,150,36,5,10.4,0
1277,2025-08-06,248,37,4,149.41,10
738,2025-08-30,163,29,3,98.91,0
873,2025-04-22,114,12,5,85.81,0
3166,2024-12-07,251,20,1,60.25,15
1347,2025-02-20,30,5,4,15.92,10
1763,2024-09-13,173,35,1,11.58,10
4010,2024-12-06,191,25,4,94.83,0
1853,2024-08-23,167,11,1,127.63,10
2158,2025-05-20,147,17,5,58.44,15
184,2025-09-14,228,1,3,47.8,0
2682,2025-05-23,217,10,4,62.62,10
1575,2025-07-10,179,29,4,98.91,0
160,2024-11-24,238,12,4,85.81,0
2585,2024-11-15,6,23,2,102.85,5
3884,2025-04-04,43,27,1,52.56,10
1135,2024-09-03,44,20,3,60.25,5
1828,2025-07-03,147,40,2,82.94,0
644,2025-08-17,242,7,4,37.71,10
4182,2025-09-04,287,38,1,21.84,0
23,2024-05-27,3,20,2,60.25,0
593,2025-09-13,145,27,2,52.56,0
442,2025-02-07,171,11,3,127.63,0
3293,2024-09-25,224,15,1,43.35,10
4051,2024-12-09,294,28,3,93.46,0
11,2025-02-27,196,33,1,99.14,15
1094,2025-04-19,241,2,3,131.21,0
2064,2025-08-30,155,27,4,52.56,0
1377,2025-06-18,120,6,5,114.35,0
3617,2025-09-14,132,23,3,102.85,10
3560,2025-03-11,187,28,4,93.46,15
3975,2025-02-03,128,2,5,131.21,0
2478,2024-11-23,129,20,3,60.25,0
219,2024-12-08,163,36,4,10.4,0
4272,2024-08-22,281,6,2,114.35,5
1147,2025-02-25,191,10,5,62.62,15
2692,2025-06-29,214,6,2,114.35,10
2155,2025-01-04,157,12,2,85.81,5
2441,2024-08-23,58,34,4,21.92,0
2334,2025-04-24,130,33,3,99.14,0
77,2025-02-15,98,33,3,99.14,5
1234,2024-12-06,267,7,1,37.71,0
2733,2024-11-15,84,38,3,21.84,0
1581,2025-01-04,103,23,2,102.85,0
367,2024-12-13,35,15,5,43.35,10
3400,2024-10-20,227,24,1,73.36,10
3211,2025-01-12,94,40,4,82.94,0
3838,2025-05-23,112,14,5,62.21,0
3145,2024-08-28,108,31,5,72.32,5
3733,2024-07-17,243,4,5,72.91,5
1978,2024-08-22,188,20,3,60.25,10
3864,2024-07-20,282,37,5,149.41,5
2448,2025-04-03,253,12,3,85.81,0
951,2024-11-24,125,11,5,127.63,15
2467,2025-01-27,76,24,4,73.36,10
455,2024-12-08,283,36,3,10.4,5
916,2025-05-10,80,24,4,73.36,0
986,2024-12-17,64,2,5,131.21,10
1285,2024-11-18,293,25,3,94.83,0
2485,2025-02-25,26,35,3,11.58,15
234,2024-12-12,223,7,1,37.71,0
473,2024-10-31,190,10,5,62.62,0
3634,2024-08-31,167,6,3,114.35,0
1703,2024-11-16,2,20,1,60.25,15
3445,2024-08-19,264,13,4,18.09,10
4188,2025-08-14,198,27,3,52.56,5
4388,2024-09-04,165,4,2,72.91,0
2437,2024-11-14,21,22,5,58.86,0
481,2024-11-01,104,13,3,18.09,10
2903,2025-02-26,283,18,3,113.61,10
364,2025-05-22,260,36,1,10.4,10
1349,2024-11-26,4,37,2,149.41,15
795,2024-06-08,105,24,2,73.36,0
2498,2024-12-18,66,2,5,131.21,5
857,2024-08-30,166,11,4,127.63,0
1741,2024-09-19,295,2,2,131.21,5
1656,2024-04-16,242,28,5,93.46,0
2637,2024-08-26,102,10,3,62.62,0
4275,2025-02-18,284,38,5,21.84,5
4318,2024-10-10,76,12,5,85.81,0
74,2025-06-25,213,39,2,39.05,0
995,2024-12-08,6,14,3,62.21,0
4350,2024-05-02,33,21,4,97.59,0
4205,2025-01-14,270,15,5,43.35,5
2479,2024-11-23,248,30,2,97.13,0
2121,2025-06-15,47,16,4,22.92,0
1032,2024-09-14,119,1,1,47.8,0
4030,2024-12-26,154,21,4,97.59,5
2151,2024-05-13,232,25,1,94.83,0
1866,2024-09-14,231,18,1,113.61,5
1748,2024-04-14,282,30,5,97.13,0
2512,2025-07-13,270,5,3,15.92,0
3159,2025-05-11,114,28,4,93.46,10
1260,2024-06-10,158,15,3,43.35,0
3576,2024-12-20,176,10,4,62.62,10
3478,2024-08-21,72,8,5,103.07,0
2138,2025-05-11,69,3,1,121.61,10
3647,2025-01-05,137,4,1,72.91,0
1434,2025-05-11,42,8,5,103.07,0
975,2024-12-31,136,16,1,22.92,0
3489,2025-08-01,250,37,5,149.41,5
481,2024-11-01,104,19,3,43.01,5
1196,2025-05-11,128,6,1,114.35,0
3275,2025-09-10,136,32,2,106.66,10
1600,2024-07-05,92,36,4,10.4,5
2154,2024-07-05,274,10,3,62.62,0
195,2024-06-07,164,4,5,72.91,10
51,2024-08-26,129,1,5,47.8,5
3562,2024-10-23,23,24,2,73.36,0
3789,2024-08-06,148,20,5,60.25,0
1520,2024-12-06,5,35,4,11.58,0
583,2025-06-12,190,24,3,73.36,0
3554,2025-01-17,170,39,3,39.05,10
1358,2024-09-07,274,10,2,62.62,5
2733,2024-11-15,84,39,1,39.05,0
4224,2025-07-26,245,12,5,85.81,0
3979,2024-07-23,37,9,4,102.79,10
3089,2024-12-27,65,38,5,21.84,0
2880,2025-04-27,195,2,1,131.21,15
1849,2024-04-04,134,25,1,94.83,5
618,2025-07-26,244,4,4,72.91,10
1945,2024-04-26,291,15,4,43.35,5
1382,2024-12-14,154,4,3,72.91,15
151,2025-01-24,36,20,4,60.25,5
2914,2025-09-22,205,32,3,106.66,0
883,2025-09-19,116,24,3,73.36,0
1274,2024-10-07,275,30,5,97.13,0
2398,2024-11-29,15,9,3,102.79,0
544,2024-04-05,134,34,3,21.92,10
408,2025-06-23,287,35,5,11.58,0
3568,2024-05-14,72,16,5,22.92,10
3922,2025-02-07,232,30,2,97.13,15
4161,2024-12-02,105,15,4,43.35,5
2642,2024-04-09,282,19,5,43.01,0
530,2025-05-05,55,6,1,114.35,0
1305,2025-05-20,135,22,3,58.86,5
4060,2025-06-23,251,18,4,113.61,0
4200,2024-08-18,24,6,1,114.35,0
884,2025-06-07,254,22,3,58.86,0
865,2025-09-01,153,11,3,127.63,0
2282,2025-02-24,277,38,2,21.84,15
2377,2024-12-08,7,20,1,60.25,0
4250,2024-07-21,1,39,2,39.05,5
120,2025-02-02,74,34,1,21.92,5
4183,2024-04-01,124,17,4,58.44,15
1396,2024-12-29,35,18,2,113.61,15
3002,2025-07-02,279,3,2,121.61,0
3278,2024-08-10,24,16,5,22.92,0
2340,2025-06-08,58,11,1,127.63,10
1025,2025-01-23,117,10,1,62.62,0
2773,2024-07-09,273,12,2,85.81,0
144,2024-07-05,249,19,5,43.01,0
2931,2024-12-25,278,23,3,102.85,0
1225,2024-08-10,75,17,5,58.44,0
1169,2024-06-28,67,2,3,131.21,5
4256,2025-08-12,231,27,1,52.56,10
2252,2024-10-09,9,37,1,149.41,0
2365,2024-04-03,134,34,3,21.92,0
1211,2025-03-09,238,25,4,94.83,5
2456,2024-06-07,273,32,5,106.66,0
1036,2024-09-25,218,38,4,21.84,10
3081,2024-11-09,181,34,3,21.92,5
263,2025-06-03,208,37,5,149.41,15
1896,2024-04-20,231,5,3,15.92,0
1110,2025-01-18,166,10,5,62.62,10
1971,2024-04-16,64,10,4,62.62,10
4014,2025-06-30,156,15,2,43.35,0
3403,2025-08-16,127,37,2,149.41,10
2108,2025-02-01,135,7,4,37.71,5
1677,2025-09-08,88,5,2,15.92,15
2725,2025-08-15,73,23,1,102.85,0
76,2024-08-04,146,7,2,37.71,0
118,2025-05-29,154,38,4,21.84,0
2422,2025-08-20,37,1,3,47.8,0
3398,2024-06-06,241,8,4,103.07,5
3637,2025-01-09,282,8,5,103.07,0
3184,2024-09-22,296,9,2,102.79,0
1438,2024-07-08,72,2,1,131.21,0
1077,2024-08-04,215,16,4,22.92,0
2838,2025-01-27,258,10,3,62.62,10
2109,2024-07-17,30,14,2,62.21,10
2807,2024-11-22,157,19,3,43.01,0
3131,2025-09-21,204,31,2,72.32,0
2266,2024-09-08,142,16,2,22.92,0
1315,2025-06-16,69,29,2,98.91,10
622,2024-12-07,62,11,3,127.63,0
943,2025-07-24,245,25,4,94.83,0
1623,2025-01-12,149,15,1,43.35,0
1511,2024-08-15,91,27,2,52.56,0
1807,2025-06-25,160,20,3,60.25,0
958,2024-09-10,233,25,5,94.83,5
1417,2024-12-23,233,8,5,103.07,15
973,2025-05-27,54,7,3,37.71,5
2068,2025-07-14,21,39,3,39.05,0
1086,2025-01-06,186,39,5,39.05,15
3801,2024-04-28,242,33,1,99.14,0
3450,2024-09-01,3,22,1,58.86,10
768,2024-09-26,127,12,1,85.81,0
1559,2024-06-21,253,36,4,10.4,0
3209,2024-09-09,240,8,1,103.07,0
4107,2024-11-24,286,39,5,39.05,0
3264,2025-07-16,47,11,4,127.63,5
85,2024-04-28,282,38,4,21.84,0
2342,2024-12-02,104,22,1,58.86,0
3045,2024-09-08,153,21,5,97.59,0
3855,2025-05-09,129,26,3,141.76,0
1023,2025-07-30,220,17,3,58.44,5
1603,2025-02-24,236,18,1,113.61,0
2386,2024-08-27,171,22,5,58.86,0
2348,2025-01-11,9,18,2,113.61,0
1354,2024-11-19,275,22,2,58.86,0
3932,2024-07-30,232,14,2,62.21,0
2403,2025-01-14,147,33,1,99.14,15
4194,2025-07-26,175,17,5,58.44,0
1792,2024-11-16,102,38,4,21.84,15
2621,2025-05-30,113,10,1,62.62,15
3094,2024-07-28,132,20,3,60.25,5
2193,2025-07-08,2,23,5,102.85,5
2027,2025-04-22,260,40,4,82.94,5
789,2024-10-21,20,14,1,62.21,0
767,2024-10-17,218,3,2,121.61,0
25,2025-05-12,22,21,1,97.59,5
1550,2025-07-13,199,13,2,18.09,0
3965,2025-01-06,289,40,5,82.94,0
1181,2025-03-21,235,30,3,97.13,0
4124,2024-06-26,92,30,4,97.13,5
1804,2024-05-13,242,26,4,141.76,10
1278,2025-06-25,61,33,3,99.14,0
3361,2024-06-04,240,34,1,21.92,0
2404,2025-05-04,179,34,3,21.92,0
3660,2024-06-08,214,39,3,39.05,5
4136,2025-01-10,110,8,4,103.07,0
1123,2025-03-24,248,20,3,60.25,15
3276,2025-03-05,181,29,2,98.91,0
2739,2024-11-26,17,35,2,11.58,15
1075,2025-01-25,126,21,1,97.59,0
1977,2025-08-11,194,37,1,149.41,15
3990,2024-06-08,146,26,4,141.76,0
3682,2024-05-07,218,2,5,131.21,15
3064,2025-04-10,206,16,1,22.92,15
4332,2025-05-31,65,4,5,72.91,0
3575,2024-12-20,204,37,3,149.41,0
3964,2025-01-23,215,6,5,114.35,15
3600,2025-07-29,30,30,1,97.13,0
1698,2024-09-16,101,21,2,97.59,10
1363,2024-07-31,156,18,2,113.61,5
1497,2025-07-18,126,12,5,85.81,0
2607,2024-07-18,204,16,3,22.92,10
4336,2024-09-15,50,29,1,98.91,10
62,2025-04-11,204,8,5,103.07,5
530,2025-05-05,55,29,1,98.91,15
240,2025-01-24,42,26,5,141.76,5
482,2024-11-01,219,18,2,113.61,0
2350,2025-06-13,20,30,3,97.13,10
1177,2024-07-12,64,11,1,127.63,5
1362,2025-07-02,244,12,1,85.81,10
3275,2025-09-10,136,12,5,85.81,10
2244,2025-07-05,220,21,4,97.59,0
1753,2025-01-08,98,23,3,102.85,5
652,2025-09-21,223,15,4,43.35,5
1712,2024-04-07,134,9,5,102.79,10
2720,2025-06-14,82,28,2,93.46,0
3033,2025-02-25,214,23,4,102.85,0
1964,2025-02-26,77,5,2,15.92,5
3619,2024-10-02,4,35,2,11.58,5
989,2024-11-12,173,32,2,106.66,0
1158,2025-06-27,251,28,4,93.46,15
4179,2024-07-09,156,27,3,52.56,5
2253,2024-10-06,250,4,1,72.91,0
2902,2024-12-08,292,28,4,93.46,10
598,2024-11-19,10,28,1,93.46,15
2679,2025-09-02,257,32,2,106.66,0
415,2024-05-03,213,38,1,21.84,0
2366,2025-02-09,252,11,2,127.63,5
3941,2024-08-22,105,31,1,72.32,15
1270,2024-05-18,220,7,1,37.71,5
378,2025-05-16,144,37,3,149.41,0
4084,2024-11-05,94,7,5,37.71,0
211,2025-07-05,239,35,4,11.58,0
43,2025-09-29,123,24,4,73.36,10
1845,2025-05-01,63,36,1,10.4,0
1150,2024-07-06,221,22,4,58.86,10
3142,2024-07-29,119,26,2,141.76,0
2086,2024-08-25,295,28,2,93.46,10
3144,2025-02-22,177,13,1,18.09,10
3111,2024-11-24,134,27,2,52.56,10
3389,2025-05-11,224,3,4,121.61,0
72,2024-06-23,15,37,1,149.41,5
1814,2025-04-08,251,37,5,149.41,0
3530,2024-11-05,195,13,1,18.09,5
2234,2024-06-06,249,2,4,131.21,0
3367,2025-01-01,175,28,5,93.46,10
2219,2024-12-20,157,9,4,102.79,0
188,2024-08-22,56,23,2,102.85,0
315,2024-05-15,118,33,2,99.14,10
3036,2025-02-27,163,4,2,72.91,0
2649,2024-06-09,33,4,1,72.91,0
12,2024-11-07,133,30,3,97.13,0
1061,2024-08-20,33,28,1,93.46,0
4358,2025-04-06,94,16,2,22.92,10
988,2024-11-12,23,18,2,113.61,0
3022,2024-09-23,300,13,4,18.09,10
3090,2025-02-17,194,32,5,106.66,15
668,2025-04-18,55,2,4,131.21,5
3910,2025-07-05,202,19,5,43.01,0
2512,2025-07-13,270,38,2,21.84,15
2767,2024-12-22,192,31,3,72.32,5
2783,2024-05-25,164,34,3,21.92,10
517,2025-07-17,124,22,5,58.86,0
4220,2024-07-27,135,38,4,21.84,0
1888,2024-05-22,33,14,4,62.21,15
466,2024-06-06,157,9,5,102.79,5
2740,2024-07-12,63,15,5,43.35,0
3925,2024-04-17,124,40,4,82.94,15
3947,2025-08-06,85,8,5,103.07,10
3242,2024-06-18,112,27,2,52.56,0
3973,2024-10-11,239,3,5,121.61,0
3895,2024-06-21,218,19,4,43.01,0
2816,2025-01-13,77,28,4,93.46,0
4142,2024-06-01,249,10,4,62.62,15
466,2024-06-06,157,8,5,103.07,0
603,2024-10-14,98,1,5,47.8,15
3206,2024-10-30,192,17,5,58.44,0
1015,2024-04-30,231,23,1,102.85,0
4322,2024-10-24,144,11,5,127.63,0
1432,2024-08-30,300,28,4,93.46,5
637,2025-09-20,129,6,3,114.35,0
2128,2024-04-02,124,17,2,58.44,10
417,2024-05-12,33,34,4,21.92,0
2250,2024-07-26,85,37,2,149.41,0
385,2025-02-16,163,26,5,141.76,10
1694,2024-11-30,204,22,1,58.86,0
4100,2024-12-17,94,12,5,85.81,0
1974,2025-03-14,296,35,2,11.58,15
4082,2024-04-21,134,35,5,11.58,10
1966,2025-05-14,118,24,3,73.36,5
302,2025-08-05,299,35,5,11.58,0
2852,2024-06-18,148,31,1,72.32,10
1789,2025-01-02,85,36,4,10.4,10
163,2025-03-23,181,20,1,60.25,0
3452,2024-06-27,58,15,1,43.35,0
2467,2025-01-27,76,22,5,58.86,10
3457,2025-02-13,84,23,4,102.85,0
475,2024-05-03,76,24,1,73.36,0
3325,2025-04-08,266,27,4,52.56,15
690,2025-07-24,68,25,4,94.83,0
2359,2024-11-09,257,10,5,62.62,10
402,2024-05-14,240,17,4,58.44,15
772,2025-01-12,65,14,1,62.21,0
1432,2024-08-30,300,24,3,73.36,0
554,2025-05-27,268,14,3,62.21,0
3038,2024-04-20,150,14,3,62.21,0
1517,2025-08-06,34,4,4,72.91,0
2640,2024-05-21,295,18,5,113.61,0
3829,2025-08-27,234,16,3,22.92,0
687,2024-05-08,282,40,5,82.94,0
1391,2025-08-20,111,11,5,127.63,0
1091,2024-05-16,242,23,1,102.85,10
1806,2024-10-07,145,35,2,11.58,15
3880,2024-12-03,142,26,3,141.76,10
3967,2024-05-31,164,37,4,149.41,10
2724,2024-04-09,33,12,4,85.81,5
511,2024-09-26,226,24,2,73.36,5
2914,2025-09-22,205,23,3,102.85,0
1541,2024-10-23,4,31,3,72.32,15
777,2025-07-23,222,32,2,106.66,5
3559,2024-05-21,19,19,5,43.01,0
2623,2025-03-19,258,40,3,82.94,0
4262,2025-01-10,122,10,4,62.62,0
4304,2024-12-24,210,12,5,85.81,0
1037,2025-01-30,291,35,1,11.58,0
109,2024-11-10,219,35,1,11.58,0
1796,2024-08-07,1,18,4,113.61,10
425,2024-12-28,294,21,4,97.59,15
3389,2025-05-11,224,26,4,141.76,5
3495,2024-10-21,144,11,1,127.63,0
2471,2024-12-22,37,32,1,106.66,10
2121,2025-06-15,47,19,1,43.01,15
421,2024-11-06,118,26,5,141.76,0
571,2024-08-14,243,29,1,98.91,0
983,2025-05-06,52,2,1,131.21,0
4363,2025-09-19,60,36,1,10.4,0
2488,2025-05-27,243,2,4,131.21,0
1389,2024-09-10,119,15,5,43.35,15
4309,2025-07-19,286,17,5,58.44,10
754,2024-07-08,249,39,4,39.05,5
97,2024-07-19,102,30,4,97.13,0
2302,2024-07-05,167,13,3,18.09,0
2155,2025-01-04,157,31,1,72.32,0
3929,2025-02-14,2,27,3,52.56,15
4263,2024-06-23,250,38,1,21.84,15
3628,2024-12-02,265,34,3,21.92,0
3961,2025-05-21,192,22,3,58.86,15
2853,2024-04-01,242,38,5,21.84,0
227,2025-03-06,104,12,1,85.81,0
76,2024-08-04,146,10,5,62.62,5
1508,2025-09-09,19,10,4,62.62,0
4134,2024-07-30,51,33,5,99.14,0
3251,2024-11-05,58,38,5,21.84,0
1641,2024-10-26,121,39,4,39.05,0
2899,2024-12-18,269,25,2,94.83,0
1151,2025-03-20,8,19,3,43.01,0
2795,2024-09-04,205,10,4,62.62,0
2529,2024-12-31,224,16,3,22.92,0
2605,2025-04-27,108,9,2,102.79,10
2324,2024-06-19,264,26,5,141.76,15
2954,2024-08-29,146,21,3,97.59,5
1392,2024-08-11,294,24,4,73.36,0
1654,2024-11-20,205,8,4,103.07,0
994,2024-12-08,40,10,1,62.62,0
3267,2024-11-18,251,29,4,98.91,0
3292,2024-12-25,98,12,3,85.81,0
2933,2024-11-30,84,36,4,10.4,15
3037,2024-08-26,27,18,2,113.61,15
2009,2024-05-28,22,38,4,21.84,0
3356,2025-07-13,186,12,2,85.81,15
3970,2024-09-19,7,33,4,99.14,0
3327,2025-08-06,205,8,3,103.07,0
4107,2024-11-24,286,23,5,102.85,10
1406,2024-06-09,64,34,2,21.92,0
3315,2025-01-13,207,26,2,141.76,0
973,2025-05-27,54,35,1,11.58,15
3816,2024-12-29,57,25,4,94.83,10
446,2024-12-03,112,20,2,60.25,5
2724,2024-04-09,33,39,2,39.05,15
1758,2025-02-22,134,1,3,47.8,0
2992,2025-06-28,226,39,2,39.05,10
304,2024-12-30,53,25,3,94.83,15
3754,2025-07-13,187,14,5,62.21,0
204,2025-03-02,45,1,5,47.8,0
2874,2025-03-31,186,5,1,15.92,0
2668,2024-07-06,253,8,4,103.07,0
1846,2024-10-11,132,4,2,72.91,15
676,2024-06-21,221,9,4,102.79,0
1303,2024-04-17,64,20,5,60.25,0
3877,2024-04-17,242,22,3,58.86,15
4050,2024-06-04,92,37,5,149.41,15
3038,2024-04-20,150,38,5,21.84,5
2986,2025-03-16,149,31,4,72.32,10
781,2025-05-19,208,31,5,72.32,0
773,2025-07-20,92,34,3,21.92,10
1744,2024-09-02,65,14,2,62.21,0
377,2025-03-18,188,28,3,93.46,0
2147,2024-11-29,223,24,3,73.36,5
3865,2024-11-21,129,21,4,97.59,15
2982,2025-07-10,120,31,2,72.32,0
3679,2024-09-10,94,3,2,121.61,10
4320,2025-07-04,229,19,5,43.01,0
3798,2025-05-09,297,28,2,93.46,0
4201,2024-04-02,124,36,5,10.4,5
794,2024-10-01,238,12,2,85.81,0
4127,2025-03-18,241,35,1,11.58,10
2803,2024-06-05,37,14,4,62.21,0
320,2025-05-23,199,26,4,141.76,15
4195,2025-03-19,174,36,5,10.4,0
3106,2025-07-23,7,7,4,37.71,5
359,2025-09-16,147,12,4,85.81,5
2279,2025-03-29,118,1,2,47.8,15
728,2024-10-05,93,10,3,62.62,5
2449,2025-05-01,269,22,3,58.86,15
400,2025-05-07,37,13,2,18.09,5
1302,2025-05-21,161,12,4,85.81,0
3741,2025-05-17,299,4,3,72.91,0
2712,2024-05-07,295,11,4,127.63,15
453,2025-08-15,167,28,4,93.46,15
3431,2024-08-13,108,4,3,72.91,10
3183,2024-11-29,157,3,4,121.61,5
4008,2025-08-08,145,32,5,106.66,5
1072,2024-04-11,134,37,1,149.41,0
1922,2025-03-10,25,1,4,47.8,0
1311,2024-12-24,128,33,3,99.14,0
4337,2025-01-13,102,13,5,18.09,0
78,2024-04-24,64,16,3,22.92,5
1413,2024-05-07,118,38,1,21.84,0
3001,2025-06-29,211,22,5,58.86,10
1417,2024-12-23,233,12,2,85.81,0
3716,2025-02-21,175,30,1,97.13,5
2432,2025-09-03,183,17,5,58.44,5
4014,2025-06-30,156,14,3,62.21,5
2714,2025-04-29,87,1,4,47.8,15
145,2025-09-16,87,9,2,102.79,0
3923,2024-08-31,27,38,3,21.84,10
2007,2025-05-24,240,28,2,93.46,5
3881,2024-12-03,218,35,1,11.58,5
4370,2024-06-29,194,2,3,131.21,5
2765,2025-07-12,59,18,5,113.61,10
1926,2025-01-08,35,37,5,149.41,0
347,2024-06-10,112,2,5,131.21,0
1570,2024-04-15,231,22,2,58.86,5
4072,2025-07-25,13,23,5,102.85,5
986,2024-12-17,64,39,5,39.05,0
132,2025-05-27,7,34,3,21.92,10
2099,2025-05-13,34,14,5,62.21,10
3372,2025-04-26,117,28,2,93.46,0
2811,2024-06-06,98,9,5,102.79,0
16,2024-11-04,196,39,3,39.05,0
2185,2025-07-20,89,4,4,72.91,5
378,2025-05-16,144,12,1,85.81,15
3645,2024-05-06,118,29,2,98.91,0
1946,2024-10-10,72,1,1,47.8,15
4372,2024-05-29,221,5,2,15.92,0
4202,2025-07-25,244,19,5,43.01,0
906,2025-07-04,61,5,5,15.92,0
1245,2024-12-19,157,2,4,131.21,0
3599,2025-07-09,167,10,1,62.62,15
2349,2025-03-27,292,24,2,73.36,0
2548,2024-11-10,53,8,5,103.07,0
2720,2025-06-14,82,14,3,62.21,0
2399,2024-11-29,90,30,5,97.13,5
2993,2024-11-15,154,12,4,85.81,0
1967,2024-09-26,241,24,1,73.36,5
2452,2024-10-24,180,33,1,99.14,0
2943,2024-07-10,148,8,5,103.07,0
2217,2024-07-18,1,36,5,10.4,0
2411,2024-05-28,231,24,4,73.36,10
2531,2025-05-05,81,4,1,72.91,0
1201,2024-12-06,24,1,3,47.8,5
7,2025-02-26,9,4,4,72.91,10
521,2024-11-09,41,37,3,149.41,5
10,2025-06-11,56,6,3,114.35,10
1764,2024-07-09,291,7,1,37.71,0
1511,2024-08-15,91,37,4,149.41,10
4304,2024-12-24,210,26,3,141.76,5
348,2024-09-29,183,35,5,11.58,0
2154,2024-07-05,274,12,1,85.81,10
4023,2025-03-04,213,7,2,37.71,0
60,2024-09-11,14,39,1,39.05,0
2439,2024-10-15,291,12,4,85.81,15
2979,2025-07-07,30,9,3,102.79,0
2601,2024-11-05,300,6,5,114.35,0
2639,2024-04-05,124,9,2,102.79,0
3649,2025-09-20,37,40,5,82.94,0
2787,2025-04-11,181,27,4,52.56,0
2683,2025-08-24,66,10,1,62.62,0
2417,2025-02-24,123,30,5,97.13,15
1801,2025-09-06,49,11,3,127.63,0
1777,2025-01-30,255,32,4,106.66,15
686,2025-01-27,292,22,4,58.86,15
2303,2024-10-19,161,31,3,72.32,5
4305,2024-06-01,184,30,1,97.13,5
4253,2024-11-21,291,32,3,106.66,0
849,2025-02-22,159,18,5,113.61,5
2937,2024-12-08,160,36,3,10.4,15
2819,2024-09-28,145,22,4,58.86,0
3451,2025-05-29,9,15,2,43.35,0
581,2024-11-12,245,6,4,114.35,0
1239,2025-02-21,261,32,4,106.66,15
192,2025-05-02,292,31,2,72.32,0
774,2024-05-08,98,13,2,18.09,5
576,2024-12-23,193,36,3,10.4,0
2267,2025-04-02,35,10,3,62.62,15
3561,2025-09-04,28,20,5,60.25,5
716,2025-05-24,57,24,5,73.36,0
2072,2024-11-29,24,7,2,37.71,0
378,2025-05-16,144,9,5,102.79,5
2886,2025-03-14,253,13,1,18.09,0
34,2025-07-06,53,12,5,85.81,10
4246,2025-08-10,81,18,2,113.61,10
3428,2024-06-09,84,4,4,72.91,15
3758,2025-05-12,70,31,4,72.32,0
1468,2025-02-23,105,8,3,103.07,0
2921,2024-07-12,231,30,4,97.13,0
2301,2024-07-02,171,8,5,103.07,0
475,2024-05-03,76,32,2,106.66,10
2898,2025-04-03,48,37,1,149.41,10
4214,2024-09-05,59,3,5,121.61,15
917,2025-08-16,93,20,5,60.25,0
40,2025-01-28,52,22,5,58.86,0
4062,2024-11-21,273,23,5,102.85,10
1302,2025-05-21,161,25,3,94.83,5
1702,2025-04-10,14,34,3,21.92,0
1144,2024-06-19,167,11,1,127.63,0
2486,2025-05-08,274,3,5,121.61,15
2040,2025-06-20,67,12,2,85.81,15
1751,2024-09-01,255,9,3,102.79,0
2434,2025-01-10,40,39,1,39.05,10
751,2024-12-12,259,17,3,58.44,10
1734,2024-07-29,56,29,1,98.91,0
1622,2024-10-09,104,6,3,114.35,5
1940,2024-07-31,75,8,3,103.07,15
2006,2024-07-20,72,15,2,43.35,0
629,2025-02-04,259,21,5,97.59,10
3896,2025-04-17,38,32,1,106.66,0
2894,2024-04-10,124,29,5,98.91,0
2104,2025-07-13,299,29,3,98.91,5
2885,2025-07-11,26,11,1,127.63,0
163,2025-03-23,181,12,2,85.81,0
872,2025-05-22,34,6,3,114.35,0
3191,2024-11-10,90,16,2,22.92,5
1327,2024-09-06,255,25,3,94.83,0
4387,2025-03-29,17,10,4,62.62,15
3560,2025-03-11,187,36,4,10.4,5
2256,2025-01-12,193,29,3,98.91,5
491,2024-06-12,150,27,4,52.56,5
577,2024-12-23,78,11,4,127.63,5
1253,2025-08-30,168,5,2,15.92,10
2052,2025-07-10,54,36,1,10.4,0
3080,2025-05-18,221,35,1,11.58,0
3347,2025-02-15,61,14,4,62.21,0
2554,2024-07-03,42,1,1,47.8,0
1164,2024-06-03,171,35,3,11.58,0
4340,2025-09-30,272,5,2,15.92,5
4270,2024-11-11,181,28,4,93.46,0
1858,2024-04-06,282,9,3,102.79,0
4139,2024-09-10,242,34,5,21.92,15
1091,2024-05-16,242,7,4,37.71,0
3028,2024-07-21,243,30,2,97.13,0
4245,2025-04-01,74,32,5,106.66,15
1339,2025-05-10,22,5,2,15.92,10
2477,2025-07-10,68,31,5,72.32,10
3214,2024-12-21,10,17,2,58.44,0
4145,2024-04-21,231,11,3,127.63,5
2142,2024-09-02,165,14,4,62.21,0
17,2024-10-02,101,22,2,58.86,0
619,2025-04-22,181,4,2,72.91,0
1248,2024-05-28,213,24,2,73.36,15
2735,2024-07-20,134,16,2,22.92,0
339,2024-12-26,130,23,2,102.85,5
3325,2025-04-08,266,18,4,113.61,15
3960,2024-08-12,142,38,5,21.84,0
2106,2024-08-25,33,39,5,39.05,5
4040,2024-12-14,3,36,1,10.4,0
789,2024-10-21,20,19,1,43.01,5
2276,2024-10-03,148,31,4,72.32,0
4208,2024-05-26,56,6,3,114.35,5
361,2024-05-07,218,1,1,47.8,0
3779,2024-09-11,289,24,2,73.36,5
3389,2025-05-11,224,34,2,21.92,0
2312,2024-11-12,96,7,5,37.71,0
1988,2025-01-17,116,2,2,131.21,0
2749,2024-06-25,19,10,4,62.62,10
3433,2025-03-16,221,2,5,131.21,15
3719,2024-08-22,15,20,5,60.25,0
1117,2024-06-16,156,33,3,99.14,5
272,2024-12-11,24,19,5,43.01,10
4132,2025-06-04,231,10,4,62.62,0
128,2024-12-08,273,17,2,58.44,15
736,2024-12-13,206,38,2,21.84,15
927,2025-03-09,93,20,3,60.25,5
320,2025-05-23,199,28,1,93.46,10
3844,2024-04-25,14,36,2,10.4,0
2459,2024-11-15,175,2,5,131.21,0
3012,2025-08-19,73,14,1,62.21,5
615,2025-09-15,253,19,3,43.01,10
2742,2025-01-30,188,10,5,62.62,0
408,2025-06-23,287,32,5,106.66,0
2476,2024-09-06,240,33,4,99.14,5
3842,2025-08-13,144,1,2,47.8,0
3210,2024-05-14,22,10,2,62.62,15
1935,2025-09-24,256,18,3,113.61,5
4323,2025-05-20,217,12,2,85.81,0
458,2024-09-15,300,6,1,114.35,15
3676,2024-11-09,30,11,3,127.63,15
2894,2024-04-10,124,38,5,21.84,10
4238,2025-04-29,50,19,4,43.01,0
1317,2024-06-12,33,13,1,18.09,15
1247,2025-05-05,250,39,1,39.05,0
4125,2024-05-11,295,5,5,15.92,5
2147,2024-11-29,223,5,5,15.92,10
2340,2025-06-08,58,8,4,103.07,0
640,2024-12-09,154,31,1,72.32,15
3203,2024-11-24,144,25,2,94.83,15
2895,2024-08-03,221,21,5,97.59,0
1839,2025-04-26,130,9,2,102.79,10
4079,2024-09-02,183,13,1,18.09,0
1079,2025-04-29,154,4,3,72.91,10
2028,2024-10-04,146,21,4,97.59,0
2041,2025-06-21,75,13,3,18.09,15
682,2024-09-23,253,30,3,97.13,10
2281,2024-08-22,110,9,1,102.79,10
4223,2025-03-09,273,14,5,62.21,0
652,2025-09-21,223,14,2,62.21,5
110,2025-07-28,17,27,4,52.56,0
3625,2024-06-26,98,9,1,102.79,10
2583,2025-03-04,125,5,2,15.92,10
1075,2025-01-25,126,33,5,99.14,5
3425,2025-08-16,52,15,3,43.35,0
997,2024-11-04,21,13,4,18.09,0
2934,2024-11-30,169,24,4,73.36,0
2346,2024-12-29,163,3,2,121.61,15
3934,2024-12-28,286,12,2,85.81,10
1443,2025-08-13,45,6,3,114.35,0
700,2024-12-08,84,9,5,102.79,15
1734,2024-07-29,56,1,1,47.8,0
1797,2024-05-13,213,17,4,58.44,0
2344,2024-07-02,59,24,2,73.36,10
1944,2025-01-12,91,18,2,113.61,15
4373,2024-06-11,59,21,2,97.59,0
3801,2024-04-28,242,30,3,97.13,10
2512,2025-07-13,270,21,1,97.59,0
1258,2025-03-30,296,10,2,62.62,0
4088,2025-04-20,221,34,3,21.92,0
1234,2024-12-06,267,21,4,97.59,0
1060,2024-10-12,299,37,5,149.41,0
2129,2024-12-22,144,38,5,21.84,5
3626,2024-04-29,231,21,5,97.59,15
3231,2025-07-29,138,39,3,39.05,0
3356,2025-07-13,186,20,5,60.25,10
2856,2024-11-24,183,40,1,82.94,0
1554,2024-05-10,62,20,2,60.25,15
3330,2024-07-25,233,5,1,15.92,0
4169,2024-04-21,76,28,3,93.46,5
254,2024-04-30,76,13,2,18.09,0
3185,2024-12-22,131,38,5,21.84,10
3547,2025-03-03,156,30,3,97.13,0
3999,2024-07-02,137,28,4,93.46,10
3935,2024-07-23,42,18,3,113.61,15
3214,2024-12-21,10,29,4,98.91,0
21,2025-06-09,249,27,1,52.56,0
993,2025-09-06,130,34,3,21.92,5
2938,2024-12-08,175,34,3,21.92,15
2163,2024-07-30,64,18,1,113.61,0
2770,2025-04-17,187,13,2,18.09,15
846,2024-11-25,67,9,5,102.79,15
1300,2024-11-01,182,23,3,102.85,0
1650,2024-12-11,96,7,2,37.71,0
4345,2024-12-31,294,28,4,93.46,10
2615,2025-07-27,215,9,1,102.79,10
2879,2024-12-30,53,27,1,52.56,15
1202,2025-02-20,50,2,1,131.21,10
1395,2025-08-14,289,33,1,99.14,10
2489,2024-08-16,157,14,3,62.21,10
4343,2025-04-12,150,33,3,99.14,0
2599,2025-04-23,8,18,3,113.61,5
4209,2025-06-30,232,34,5,21.92,10
2406,2024-05-24,98,25,1,94.83,5
156,2025-08-26,78,31,1,72.32,0
4216,2025-08-30,209,12,3,85.81,0
176,2025-01-01,213,5,3,15.92,15
4278,2025-05-07,174,28,1,93.46,5
374,2025-09-21,217,23,5,102.85,5
4160,2024-12-02,298,22,4,58.86,0
329,2025-03-03,157,24,2,73.36,0
2956,2024-11-06,276,25,3,94.83,0
3009,2025-07-22,164,7,3,37.71,0
1396,2024-12-29,35,25,3,94.83,0
3270,2025-03-14,272,31,4,72.32,0
4125,2024-05-11,295,30,3,97.13,0
1700,2024-11-13,272,34,3,21.92,0
1654,2024-11-20,205,10,1,62.62,10
2066,2025-09-29,15,19,5,43.01,0
506,2025-04-13,58,10,1,62.62,10
3311,2024-09-05,146,5,2,15.92,15
614,2025-04-27,168,40,1,82.94,15
988,2024-11-12,23,31,3,72.32,15
4349,2024-07-22,280,27,1,52.56,0
2540,2024-10-19,241,2,2,131.21,5
1184,2025-05-15,168,39,3,39.05,5
460,2025-09-06,82,36,3,10.4,10
653,2024-10-29,197,13,4,18.09,0
469,2024-10-30,269,27,5,52.56,15
1062,2024-05-23,221,19,2,43.01,0
3397,2024-09-19,132,30,2,97.13,0
1017,2024-07-10,19,28,2,93.46,10
806,2024-11-05,33,21,4,97.59,15
1345,2025-04-25,79,15,4,43.35,0
3058,2025-08-04,80,36,2,10.4,5
128,2024-12-08,273,30,2,97.13,15
2112,2024-04-12,33,7,4,37.71,10
1746,2024-05-13,62,29,2,98.91,15
3878,2024-10-06,135,14,2,62.21,15
2917,2024-09-04,223,27,5,52.56,0
2088,2025-05-21,60,24,1,73.36,0
1534,2024-04-03,124,10,5,62.62,10
1895,2024-08-29,20,3,5,121.61,0
2129,2024-12-22,144,34,2,21.92,0
4393,2025-05-05,249,23,4,102.85,0
4235,2024-12-09,225,39,4,39.05,5
4155,2025-07-27,116,9,2,102.79,15
4284,2024-11-07,123,26,4,141.76,0
125,2025-04-03,158,32,2,106.66,0
3337,2024-11-23,81,32,2,106.66,10
167,2025-08-10,70,25,5,94.83,15
3026,2025-05-31,66,25,5,94.83,0
356,2024-11-06,162,36,1,10.4,0
4023,2025-03-04,213,4,5,72.91,0
3822,2024-09-22,232,18,4,113.61,5
1315,2025-06-16,69,20,5,60.25,5
1856,2024-04-23,76,23,5,102.85,10
1433,2024-09-16,19,39,2,39.05,0
960,2025-05-17,169,21,3,97.59,10
764,2024-11-11,194,16,3,22.92,15
2273,2024-05-29,131,39,5,39.05,10
2455,2025-01-10,36,18,1,113.61,10
2275,2025-04-29,94,37,5,149.41,0
1714,2024-08-20,231,18,5,113.61,5
1469,2025-08-22,192,26,3,141.76,10
1690,2024-10-09,8,18,1,113.61,15
3436,2024-04-14,150,3,5,121.61,5
2342,2024-12-02,104,34,2,21.92,0
576,2024-12-23,193,14,1,62.21,15
3039,2024-11-14,103,7,3,37.71,0
2354,2025-09-10,238,40,3,82.94,0
2219,2024-12-20,157,14,2,62.21,0
11,2025-02-27,196,39,5,39.05,15
4398,2024-08-25,150,22,5,58.86,0
3347,2025-02-15,61,15,4,43.35,15
1840,2025-07-05,84,37,1,149.41,15
3852,2025-03-21,125,21,3,97.59,0
317,2025-06-09,54,28,2,93.46,0
3041,2024-10-01,61,17,3,58.44,0
4115,2024-12-19,200,25,2,94.83,5
3275,2025-09-10,136,15,1,43.35,15
2305,2025-03-15,52,6,2,114.35,0
4136,2025-01-10,110,27,3,52.56,0
824,2024-10-16,274,32,2,106.66,0
3254,2025-02-18,119,25,1,94.83,0
840,2025-04-04,24,29,4,98.91,5
792,2025-02-12,104,18,4,113.61,0
853,2025-07-29,179,34,5,21.92,5
1681,2024-11-21,257,31,5,72.32,0
2457,2025-01-02,270,20,3,60.25,0
424,2024-12-28,189,17,5,58.44,5
1596,2024-09-24,237,17,4,58.44,0
1073,2024-05-15,131,39,2,39.05,10
3286,2025-01-19,39,23,3,102.85,0
1132,2024-09-13,150,14,1,62.21,0
3584,2024-12-18,269,17,1,58.44,0
1889,2025-03-14,17,3,2,121.61,0
2868,2024-06-17,76,34,2,21.92,0
203,2024-05-18,157,30,3,97.13,0
135,2025-04-22,283,6,1,114.35,0
4363,2025-09-19,60,7,1,37.71,0
2923,2024-09-17,131,7,3,37.71,10
2653,2024-05-09,72,34,1,21.92,0
63,2024-07-30,75,14,4,62.21,0
668,2025-04-18,55,10,4,62.62,15
1919,2024-10-18,243,9,1,102.79,0
1356,2025-02-09,110,35,2,11.58,0
4226,2025-05-08,212,10,2,62.62,0
977,2025-05-08,27,9,3,102.79,10
3117,2024-04-07,134,31,2,72.32,0
1777,2025-01-30,255,15,1,43.35,5
2539,2025-08-26,43,26,5,141.76,15
1694,2024-11-30,204,30,3,97.13,10
843,2024-04-30,76,15,1,43.35,15
3683,2025-08-18,75,23,3,102.85,0
3058,2025-08-04,80,11,3,127.63,5
1913,2025-07-19,241,25,1,94.83,15
342,2025-03-05,59,38,2,21.84,10
1828,2025-07-03,147,6,3,114.35,15
3232,2024-09-02,164,11,1,127.63,5
2779,2025-04-28,169,5,1,15.92,5
4386,2024-11-06,101,29,2,98.91,10
3932,2024-07-30,232,19,4,43.01,0
2237,2025-02-03,258,30,1,97.13,0
1997,2024-11-10,94,21,2,97.59,0
948,2025-05-06,183,22,5,58.86,0
1464,2024-08-19,221,22,1,58.86,0
1459,2024-12-09,105,39,5,39.05,10
1859,2025-08-12,234,32,1,106.66,0
1913,2025-07-19,241,7,5,37.71,10
1810,2025-05-10,107,16,5,22.92,0
2971,2024-08-20,158,26,2,141.76,0
3209,2024-09-09,240,1,2,47.8,5
871,2025-09-06,84,28,3,93.46,0
1586,2025-05-24,62,14,1,62.21,0
128,2024-12-08,273,32,3,106.66,0
1484,2025-01-23,119,37,5,149.41,0
1777,2025-01-30,255,39,1,39.05,0
2581,2024-08-28,74,1,3,47.8,0
642,2025-04-29,159,8,4,103.07,5
3990,2024-06-08,146,19,3,43.01,0
1468,2025-02-23,105,34,2,21.92,0
1071,2025-06-23,61,13,2,18.09,0
3440,2024-12-21,74,6,5,114.35,15
3676,2024-11-09,30,26,2,141.76,0
2092,2025-02-02,293,13,2,18.09,0
4117,2024-04-02,124,39,2,39.05,10
450,2024-11-23,133,2,1,131.21,15
1685,2025-09-30,138,40,3,82.94,10
382,2024-12-17,192,17,1,58.44,0
1213,2025-08-29,42,2,2,131.21,10
2046,2024-04-06,134,35,5,11.58,5
3201,2024-05-23,56,14,4,62.21,5
2327,2025-02-25,105,30,4,97.13,15
2226,2024-06-16,3,15,1,43.35,0
3230,2025-01-21,290,40,2,82.94,10
3493,2024-07-06,30,15,5,43.35,0
3570,2025-01-30,146,7,2,37.71,15
1243,2025-02-05,190,20,3,60.25,15
2284,2025-06-15,182,23,5,102.85,0
2423,2025-03-03,138,4,5,72.91,10
3291,2024-12-25,240,33,3,99.14,0
1023,2025-07-30,220,2,1,131.21,0
91,2024-08-03,165,26,1,141.76,0
2660,2024-10-25,2,33,2,99.14,0
524,2025-08-17,56,35,2,11.58,10
510,2025-08-31,40,9,3,102.79,0
1707,2024-07-20,98,13,2,18.09,0
3180,2025-03-28,75,40,1,82.94,10
3233,2024-11-03,144,24,4,73.36,10
1841,2025-08-25,16,12,2,85.81,0
1244,2025-02-10,218,26,3,141.76,0
2069,2025-09-15,54,1,5,47.8,10
4325,2024-10-11,74,21,1,97.59,10
2308,2024-04-12,124,24,5,73.36,10
2797,2024-10-10,148,8,5,103.07,5
911,2025-09-29,122,18,2,113.61,0
2190,2024-12-21,47,1,2,47.8,15
2681,2024-04-24,134,32,2,106.66,15
4189,2024-12-14,174,21,5,97.59,0
2003,2024-09-06,92,11,4,127.63,5
1579,2025-09-25,94,2,1,131.21,5
1663,2024-09-29,241,38,4,21.84,15
4095,2025-08-17,280,15,1,43.35,0
2974,2025-07-04,123,6,3,114.35,0
962,2025-04-25,32,28,1,93.46,0
1146,2024-09-22,243,26,3,141.76,10
1747,2025-03-18,271,14,3,62.21,0
3674,2025-03-01,53,18,2,113.61,15
138,2024-08-22,36,28,5,93.46,10
212,2024-08-01,29,20,1,60.25,0
4036,2025-09-30,22,9,2,102.79,10
956,2025-04-11,263,6,3,114.35,15
7,2025-02-26,9,17,2,58.44,15
1635,2025-09-21,295,19,4,43.01,0
1371,2025-07-26,195,25,3,94.83,0
604,2025-07-31,188,7,4,37.71,5
3207,2025-08-01,84,25,2,94.83,15
771,2025-04-19,163,3,3,121.61,0
422,2024-11-06,165,20,3,60.25,0
2610,2025-08-18,33,20,5,60.25,0
3457,2025-02-13,84,40,4,82.94,0
379,2024-08-28,65,32,3,106.66,0
2902,2024-12-08,292,27,4,52.56,0
289,2025-06-18,128,23,5,102.85,0
688,2024-06-05,148,32,2,106.66,0
2583,2025-03-04,125,22,3,58.86,0
2419,2025-09-30,174,9,2,102.79,0
2565,2025-01-19,87,10,3,62.62,0
2662,2025-09-13,190,7,4,37.71,0
710,2025-09-29,120,19,4,43.01,10
1028,2024-12-07,237,13,5,18.09,5
1276,2024-10-04,4,16,3,22.92,0
3233,2024-11-03,144,3,2,121.61,0
361,2024-05-07,218,11,4,127.63,0
1271,2025-07-20,213,1,3,47.8,15
4189,2024-12-14,174,8,5,103.07,0
4054,2024-12-01,92,40,1,82.94,0
4071,2024-07-22,226,38,2,21.84,0
2199,2024-07-13,250,35,4,11.58,0
848,2025-02-18,75,30,1,97.13,10
1176,2025-04-17,289,3,2,121.61,5
2036,2024-06-18,170,8,4,103.07,10
26,2024-04-22,232,40,3,82.94,0
4232,2024-12-23,20,5,4,15.92,5
1932,2025-08-18,51,16,4,22.92,0
3857,2025-08-26,123,11,1,127.63,15
847,2024-10-12,134,9,4,102.79,0
2584,2025-07-25,285,36,5,10.4,10
1740,2024-06-08,176,37,2,149.41,15
3368,2024-09-12,207,29,5,98.91,0
3072,2024-04-14,134,16,1,22.92,0
622,2024-12-07,62,35,4,11.58,10
349,2024-07-05,200,39,1,39.05,15
246,2024-08-08,20,13,1,18.09,0
1605,2024-06-23,33,31,4,72.32,10
2010,2024-11-27,15,18,1,113.61,0
2199,2024-07-13,250,13,5,18.09,0
3697,2024-11-22,16,32,2,106.66,0
2091,2024-11-22,172,30,1,97.13,0
2305,2025-03-15,52,40,2,82.94,0
2532,2025-07-29,190,16,5,22.92,15
2787,2025-04-11,181,7,4,37.71,10
690,2025-07-24,68,24,3,73.36,15
3750,2025-02-18,24,6,3,114.35,0
41,2025-04-21,79,12,2,85.81,15
537,2024-11-12,180,21,1,97.59,10
231,2024-05-04,64,40,1,82.94,5
1844,2024-11-22,226,8,5,103.07,15
484,2024-07-14,74,21,3,97.59,10
2816,2025-01-13,77,25,2,94.83,0
231,2024-05-04,64,15,2,43.35,0
4150,2025-05-13,70,3,3,121.61,0
1847,2025-09-05,25,9,1,102.79,0
2668,2024-07-06,253,7,4,37.71,5
2774,2025-05-12,273,14,1,62.21,0
968,2025-09-16,2,29,2,98.91,5
4314,2025-06-15,79,14,5,62.21,0
333,2024-05-02,296,38,3,21.84,10
198,2025-01-04,269,17,5,58.44,15
2575,2024-12-23,4,13,2,18.09,0
3788,2025-01-24,202,12,3,85.81,0
2367,2025-05-20,50,4,4,72.91,5
1492,2025-07-26,217,16,2,22.92,10
4015,2024-12-05,2,38,2,21.84,15
4062,2024-11-21,273,29,2,98.91,0
2655,2025-09-16,104,27,1,52.56,15
1047,2025-06-24,64,2,5,131.21,0
1974,2025-03-14,296,23,3,102.85,0
508,2025-03-06,216,3,5,121.61,0
4201,2024-04-02,124,30,1,97.13,0
1291,2024-11-24,21,30,2,97.13,10
2019,2025-09-08,22,36,5,10.4,0
3634,2024-08-31,167,37,2,149.41,0
329,2025-03-03,157,37,3,149.41,5
3601,2025-06-22,282,1,5,47.8,0
1740,2024-06-08,176,14,1,62.21,0
3222,2024-08-05,88,9,2,102.79,0
3868,2024-06-11,146,28,2,93.46,0
2593,2024-04-21,231,31,5,72.32,10
4130,2025-08-28,260,28,5,93.46,5
1456,2024-12-29,125,13,5,18.09,15
389,2024-06-25,42,10,2,62.62,0
562,2024-05-27,157,4,3,72.91,5
4322,2024-10-24,144,23,4,102.85,10
2667,2024-10-16,102,14,4,62.21,15
3657,2025-09-21,40,29,5,98.91,0
1209,2024-09-30,62,23,3,102.85,15
2732,2024-11-15,164,23,3,102.85,0
3245,2024-09-15,239,40,3,82.94,10
2744,2024-11-30,215,12,1,85.81,15
4059,2025-04-02,258,16,2,22.92,5
2321,2024-04-17,242,33,5,99.14,0
1008,2024-12-05,114,5,4,15.92,0
898,2025-01-06,99,28,5,93.46,0
2519,2025-03-10,10,9,1,102.79,0
3408,2024-05-12,165,21,2,97.59,0
3486,2024-11-17,240,34,3,21.92,10
1305,2025-05-20,135,35,2,11.58,5
877,2025-07-24,258,28,1,93.46,0
1522,2024-06-29,15,20,1,60.25,0
1403,2025-08-02,189,25,4,94.83,15
3413,2024-11-01,72,29,1,98.91,5
3494,2025-03-09,158,20,3,60.25,0
2631,2024-11-23,185,40,4,82.94,10
4001,2025-06-06,213,37,2,149.41,5
1502,2024-08-22,132,2,4,131.21,15
3959,2025-05-04,85,20,5,60.25,0
4184,2025-03-29,254,27,4,52.56,0
3354,2025-07-24,20,1,1,47.8,5
1463,2025-01-13,238,39,4,39.05,5
678,2024-07-06,184,38,4,21.84,0
1682,2024-04-03,134,6,2,114.35,0
2034,2025-09-09,14,7,1,37.71,0
641,2024-12-09,18,16,3,22.92,10
145,2025-09-16,87,18,2,113.61,5
4128,2024-04-21,232,32,3,106.66,5
274,2024-08-13,101,38,5,21.84,0
1759,2024-08-06,7,32,4,106.66,0
3987,2024-12-18,89,11,3,127.63,10
2724,2024-04-09,33,13,2,18.09,10
880,2025-08-18,6,9,5,102.79,15
1052,2025-07-28,93,21,5,97.59,10
3003,2024-07-05,264,26,5,141.76,15
351,2025-08-07,196,38,4,21.84,0
1162,2025-07-27,233,12,1,85.81,0
4097,2024-12-17,8,5,5,15.92,10
2947,2024-05-19,240,40,4,82.94,15
2596,2024-05-03,76,30,2,97.13,0
2735,2024-07-20,134,17,3,58.44,5
3651,2025-08-25,20,20,3,60.25,5
2159,2024-04-10,242,17,5,58.44,0
1704,2024-11-16,21,31,5,72.32,5
3987,2024-12-18,89,15,4,43.35,5
1945,2024-04-26,291,10,2,62.62,10
2227,2025-04-09,282,26,2,141.76,0
2043,2024-07-24,30,10,3,62.62,10
817,2024-10-27,82,28,4,93.46,0
2223,2024-07-28,280,25,2,94.83,0
2771,2024-08-22,93,25,3,94.83,5
2048,2024-10-01,101,16,1,22.92,0
4061,2024-10-11,146,31,3,72.32,0
3153,2025-06-15,108,21,3,97.59,0
762,2025-07-23,170,27,1,52.56,5
904,2024-08-02,14,13,1,18.09,0
2496,2025-09-08,49,5,4,15.92,5
4254,2024-07-28,194,1,4,47.8,0
1909,2024-08-08,1,8,2,103.07,15
2912,2025-08-05,196,34,3,21.92,0
2868,2024-06-17,76,24,3,73.36,10
2150,2025-07-07,88,7,4,37.71,10
751,2024-12-12,259,22,3,58.86,0
4263,2024-06-23,250,22,5,58.86,0
1638,2025-03-10,173,5,3,15.92,0
2590,2025-09-15,279,25,4,94.83,5
1779,2025-08-10,246,15,2,43.35,0
3383,2025-06-25,52,27,1,52.56,15
2854,2025-05-19,176,2,1,131.21,0
85,2024-04-28,282,37,5,149.41,15
1995,2025-05-07,98,31,5,72.32,10
3428,2024-06-09,84,15,4,43.35,0
202,2025-06-01,164,5,1,15.92,10
876,2025-04-23,291,16,4,22.92,0
2821,2025-09-18,192,1,5,47.8,5
2641,2025-06-08,232,33,4,99.14,15
3096,2025-08-29,235,2,3,131.21,0
2281,2024-08-22,110,39,2,39.05,0
248,2024-07-25,131,10,5,62.62,10
1452,2025-04-02,244,9,2,102.79,15
2915,2025-05-08,21,18,1,113.61,15
4076,2024-12-03,190,35,5,11.58,0
3538,2025-04-01,111,36,3,10.4,0
3218,2024-06-12,194,29,2,98.91,5
727,2025-06-22,93,34,1,21.92,0
1266,2024-04-17,150,3,2,121.61,10
1587,2024-12-13,289,31,2,72.32,15
3957,2025-04-28,218,40,4,82.94,0
1787,2025-06-03,243,31,2,72.32,5
3116,2024-06-20,96,37,4,149.41,10
1751,2024-09-01,255,25,5,94.83,0
896,2024-09-04,215,18,2,113.61,15
2505,2025-05-10,185,9,4,102.79,0
4239,2024-12-10,120,14,2,62.21,5
3099,2024-12-28,134,15,5,43.35,0
779,2024-07-31,22,13,3,18.09,15
1087,2024-10-01,170,1,5,47.8,0
1836,2024-08-05,75,25,5,94.83,0
502,2025-04-29,185,10,1,62.62,15
1289,2024-09-03,87,18,3,113.61,10
4348,2024-10-10,42,5,3,15.92,0
1512,2024-05-09,124,30,4,97.13,0
637,2025-09-20,129,8,2,103.07,5
3514,2024-11-08,188,34,2,21.92,5
3157,2024-10-12,238,13,1,18.09,5
2070,2024-05-13,148,35,4,11.58,0
4119,2025-03-03,248,28,2,93.46,15
514,2025-07-20,205,15,5,43.35,5
1860,2024-08-27,119,39,5,39.05,5
143,2025-09-07,209,2,1,131.21,0
3872,2024-06-29,297,37,5,149.41,0
3426,2024-08-17,20,14,4,62.21,0
3415,2025-08-28,36,3,3,121.61,0
2715,2024-10-18,7,17,4,58.44,15
825,2025-08-03,18,10,2,62.62,0
4391,2024-05-26,124,8,1,103.07,5
2845,2024-09-01,7,27,3,52.56,10
1551,2024-04-18,282,22,3,58.86,5
2162,2025-02-28,118,35,4,11.58,0
1126,2024-11-27,15,14,3,62.21,15
3403,2025-08-16,127,27,3,52.56,0
2889,2025-02-02,245,29,3,98.91,0
1359,2025-09-26,19,5,1,15.92,0
56,2025-02-12,264,35,2,11.58,0
3610,2025-02-04,100,4,3,72.91,0
3231,2025-07-29,138,15,4,43.35,15
3451,2025-05-29,9,40,2,82.94,0
151,2025-01-24,36,32,3,106.66,15
1432,2024-08-30,300,35,1,11.58,10
1963,2024-05-27,72,16,1,22.92,15
3087,2025-04-25,63,8,5,103.07,5
2070,2024-05-13,148,16,3,22.92,5
358,2024-06-21,283,25,4,94.83,10
1930,2025-04-21,86,13,2,18.09,5
3980,2024-10-27,190,16,2,22.92,0
2739,2024-11-26,17,40,2,82.94,0
4038,2025-04-20,186,31,5,72.32,15
3767,2024-05-02,291,25,1,94.83,0
3265,2025-09-18,224,29,2,98.91,5
453,2025-08-15,167,16,5,22.92,15
1391,2025-08-20,111,1,3,47.8,15
648,2025-09-11,67,9,1,102.79,5
1186,2024-11-14,188,15,2,43.35,0
4244,2025-02-25,285,2,2,131.21,0
2500,2025-04-22,213,5,4,15.92,0
881,2024-10-12,297,28,5,93.46,15
2970,2024-08-24,264,18,5,113.61,0
4048,2024-08-07,130,5,5,15.92,15
3506,2024-11-04,224,27,3,52.56,5
2059,2025-04-13,205,23,2,102.85,0
2701,2025-09-10,6,29,1,98.91,5
1648,2025-06-05,294,36,3,10.4,0
4249,2025-05-18,159,35,5,11.58,0
1589,2025-03-24,183,2,2,131.21,0
3468,2025-04-07,117,18,2,113.61,10
4168,2025-09-16,129,5,3,15.92,0
281,2024-10-30,227,22,1,58.86,10
3578,2024-08-18,127,9,2,102.79,5
2959,2024-04-29,33,34,2,21.92,0
3448,2024-08-30,118,13,2,18.09,0
1664,2025-04-13,113,2,5,131.21,0
1673,2024-08-03,58,29,5,98.91,0
2240,2024-08-20,166,14,4,62.21,15
3549,2024-08-18,118,19,1,43.01,5
3860,2024-05-15,19,22,3,58.86,0
3629,2024-12-02,240,34,5,21.92,0
1714,2024-08-20,231,33,5,99.14,15
1363,2024-07-31,156,36,2,10.4,5
4197,2024-11-05,90,19,2,43.01,10
3904,2024-07-23,39,27,1,52.56,0
3622,2024-04-04,242,38,3,21.84,10
261,2025-01-09,167,17,2,58.44,10
4357,2025-03-07,212,15,2,43.35,0
1393,2025-04-14,214,21,4,97.59,0
4313,2025-03-27,98,21,1,97.59,10
2872,2024-07-14,63,33,3,99.14,0
2961,2025-09-03,247,19,5,43.01,0
654,2024-04-30,134,40,5,82.94,15
4131,2025-05-26,127,5,3,15.92,10
1022,2024-10-07,185,16,2,22.92,0
873,2025-04-22,114,7,3,37.71,10
2915,2025-05-08,21,26,3,141.76,15
480,2025-09-16,160,37,3,149.41,15
3548,2025-01-14,300,21,1,97.59,10
4312,2024-12-09,65,18,1,113.61,0
144,2024-07-05,249,1,1,47.8,15
3261,2025-09-17,91,9,5,102.79,15
2087,2025-02-23,165,38,3,21.84,0
2447,2024-04-08,33,21,4,97.59,0
1725,2024-06-29,297,23,3,102.85,10
3535,2025-05-17,196,2,2,131.21,0
1120,2025-04-21,113,17,2,58.44,5
2393,2025-09-30,155,9,3,102.79,5
1062,2024-05-23,221,2,3,131.21,5
2014,2025-05-01,185,35,2,11.58,15
293,2025-03-06,287,7,5,37.71,0
3156,2024-12-19,110,9,5,102.79,0
1038,2025-03-29,219,27,1,52.56,5
4108,2024-11-24,110,34,3,21.92,0
3399,2024-04-24,249,27,4,52.56,10
3264,2025-07-16,47,14,1,62.21,0
2576,2024-08-30,81,10,5,62.62,0
2452,2024-10-24,180,28,4,93.46,0
83,2025-02-21,84,22,4,58.86,0
70,2024-12-13,106,9,5,102.79,0
3886,2024-11-27,108,38,4,21.84,10
3735,2025-04-24,191,33,1,99.14,0
4362,2024-09-02,58,40,4,82.94,0
2747,2024-09-08,281,31,1,72.32,5
438,2025-09-22,23,4,5,72.91,0
3272,2024-05-13,67,19,2,43.01,10
1133,2025-08-27,204,3,1,121.61,0
3426,2024-08-17,20,3,4,121.61,15
3768,2025-04-22,119,8,1,103.07,0
2609,2024-04-23,134,7,3,37.71,5
1218,2024-12-07,224,27,5,52.56,15
2682,2025-05-23,217,34,3,21.92,0
3281,2024-11-16,205,8,3,103.07,0
3954,2024-11-22,228,28,1,93.46,0
4148,2025-07-03,295,7,3,37.71,0
4321,2025-07-02,235,10,5,62.62,10
902,2025-08-17,187,8,5,103.07,0
2560,2024-07-10,231,2,4,131.21,15
3400,2024-10-20,227,33,3,99.14,0
643,2024-07-02,88,29,3,98.91,0
2344,2024-07-02,59,30,2,97.13,0
3023,2025-04-21,186,8,2,103.07,10
318,2025-07-15,170,6,1,114.35,0
3238,2024-05-17,295,22,5,58.86,5
3008,2025-01-04,35,18,2,113.61,15
4050,2024-06-04,92,40,2,82.94,0
1104,2025-06-03,135,28,5,93.46,5
3521,2024-12-25,167,31,3,72.32,15
605,2024-11-06,164,8,4,103.07,0
185,2025-06-07,68,6,4,114.35,0
2987,2025-02-01,245,31,3,72.32,15
4122,2024-11-01,201,16,2,22.92,15
271,2024-12-11,124,20,4,60.25,10
1229,2024-08-01,201,23,4,102.85,10
1294,2024-12-14,261,32,4,106.66,15
958,2024-09-10,233,30,1,97.13,0
3414,2024-09-29,46,37,5,149.41,5
3602,2025-04-28,233,16,5,22.92,0
4230,2025-09-18,115,30,4,97.13,15
3443,2025-08-21,72,31,5,72.32,0
1249,2024-06-15,157,37,5,149.41,10
3151,2025-03-24,77,1,2,47.8,0
3814,2024-09-11,53,2,1,131.21,0
2312,2024-11-12,96,15,4,43.35,0
180,2024-07-11,241,29,3,98.91,0
3259,2025-02-21,153,22,3,58.86,5
4226,2025-05-08,212,6,4,114.35,5
1302,2025-05-21,161,13,3,18.09,0
2767,2024-12-22,192,39,4,39.05,0
2716,2024-12-22,238,19,1,43.01,15
3276,2025-03-05,181,1,3,47.8,10
3087,2025-04-25,63,16,1,22.92,0
2034,2025-09-09,14,13,5,18.09,0
3007,2024-04-22,124,6,3,114.35,0
1042,2024-07-09,102,4,1,72.91,15
269,2024-05-30,1,11,5,127.63,5
2511,2024-08-31,157,8,3,103.07,15
993,2025-09-06,130,19,4,43.01,0
4020,2024-04-11,134,40,2,82.94,15
254,2024-04-30,76,4,4,72.91,0
3026,2025-05-31,66,26,3,141.76,0
4269,2025-08-14,167,10,1,62.62,10
3344,2024-10-03,224,40,3,82.94,0
2781,2024-09-22,52,31,2,72.32,0
2459,2024-11-15,175,22,2,58.86,15
2827,2025-06-25,43,2,2,131.21,10
3550,2025-04-05,178,24,1,73.36,10
1579,2025-09-25,94,10,5,62.62,0
2005,2024-04-10,64,9,3,102.79,5
150,2024-10-22,200,2,2,131.21,5
36,2025-03-04,49,19,3,43.01,0
1673,2024-08-03,58,5,3,15.92,0
4327,2024-11-14,156,13,3,18.09,0
3212,2024-08-27,27,34,1,21.92,0
997,2024-11-04,21,21,1,97.59,0
168,2025-08-17,213,6,3,114.35,0
2099,2025-05-13,34,15,2,43.35,10
947,2024-05-16,232,3,3,121.61,0
25,2025-05-12,22,30,5,97.13,5
2498,2024-12-18,66,13,1,18.09,10
3709,2025-05-10,1,1,3,47.8,0
4018,2025-04-30,202,40,2,82.94,10
1538,2024-11-23,150,34,4,21.92,0
3410,2024-09-29,44,23,2,102.85,10
3362,2025-07-28,5,29,1,98.91,0
4036,2025-09-30,22,1,5,47.8,0
1548,2025-03-17,83,23,4,102.85,5
1351,2025-07-10,246,35,2,11.58,0
4091,2025-02-14,270,25,4,94.83,0
1820,2024-04-16,64,34,2,21.92,0
50,2025-08-25,275,33,5,99.14,0
1277,2025-08-06,248,26,3,141.76,10
840,2025-04-04,24,15,5,43.35,0
291,2025-07-15,228,6,1,114.35,5
1541,2024-10-23,4,22,2,58.86,15
1467,2025-06-09,97,19,3,43.01,15
2658,2025-09-04,84,11,2,127.63,0
3106,2025-07-23,7,26,1,141.76,0
3774,2025-08-15,226,17,3,58.44,15
3576,2024-12-20,176,13,1,18.09,10
2905,2025-08-03,166,22,5,58.86,15
3470,2024-10-28,265,15,5,43.35,10
701,2024-12-08,6,6,3,114.35,0
1498,2025-09-24,251,35,5,11.58,0
2469,2024-04-28,76,15,5,43.35,0
1905,2024-12-07,3,17,1,58.44,5
4240,2024-12-10,277,31,4,72.32,0
3844,2024-04-25,14,31,2,72.32,15
3527,2024-05-01,164,32,5,106.66,15
199,2024-06-18,242,32,5,106.66,15
4242,2024-12-12,284,5,4,15.92,5
3926,2025-09-24,158,18,2,113.61,0
3583,2024-12-18,230,17,3,58.44,0
2728,2024-11-19,39,30,3,97.13,15
2414,2024-10-08,90,17,1,58.44,10
1814,2025-04-08,251,22,4,58.86,0
2038,2024-05-30,98,20,1,60.25,5
4134,2024-07-30,51,36,3,10.4,15
4219,2025-06-08,179,20,1,60.25,0
1257,2024-09-02,104,38,5,21.84,5
3986,2024-12-18,71,4,3,72.91,5
2771,2024-08-22,93,5,4,15.92,0
1335,2024-10-26,168,37,1,149.41,0
1929,2024-10-19,239,39,5,39.05,5
2795,2024-09-04,205,14,2,62.21,0
1227,2025-08-27,161,32,2,106.66,5
1859,2025-08-12,234,6,3,114.35,5
3771,2024-10-29,205,21,2,97.59,0
2514,2024-12-06,298,20,1,60.25,0
2792,2024-08-02,243,31,3,72.32,0
1427,2024-05-09,242,27,1,52.56,0
3692,2025-07-12,194,16,5,22.92,0
448,2024-07-31,56,2,3,131.21,5
3477,2025-03-28,206,1,4,47.8,5
2025,2025-02-23,134,35,3,11.58,10
890,2024-10-12,98,9,4,102.79,5
558,2024-07-02,7,30,2,97.13,15
1927,2025-04-11,208,26,2,141.76,15
1318,2024-07-01,39,31,2,72.32,15
3093,2024-04-10,124,15,2,43.35,0
1310,2024-12-24,189,28,3,93.46,10
803,2024-12-12,202,6,1,114.35,0
1951,2024-09-05,218,12,4,85.81,0
3908,2024-12-22,263,36,4,10.4,0
519,2025-09-20,54,19,1,43.01,0
2845,2024-09-01,7,23,2,102.85,0
285,2025-05-15,234,27,1,52.56,0
2661,2025-08-04,197,15,1,43.35,0
1279,2024-07-08,273,34,3,21.92,5
2670,2025-04-22,269,19,1,43.01,10
2375,2025-07-07,134,26,1,141.76,5
326,2025-03-19,109,33,2,99.14,10
2433,2024-07-16,190,38,4,21.84,15
303,2024-12-30,83,17,3,58.44,0
1310,2024-12-24,189,24,3,73.36,0
1159,2025-03-21,218,36,3,10.4,0
2395,2025-05-08,122,26,4,141.76,0
979,2024-04-29,249,37,4,149.41,0
3692,2025-07-12,194,9,3,102.79,10
3970,2024-09-19,7,4,2,72.91,0
1306,2024-07-16,274,6,2,114.35,10
3016,2024-08-01,262,36,2,10.4,0
3311,2024-09-05,146,25,4,94.83,15
1452,2025-04-02,244,8,2,103.07,5
2907,2025-05-01,81,8,3,103.07,0
1719,2024-10-26,211,7,5,37.71,5
3807,2024-06-21,226,13,1,18.09,15
3721,2025-02-16,216,9,2,102.79,5
3975,2025-02-03,128,12,4,85.81,10
3974,2025-08-06,44,15,5,43.35,15
948,2025-05-06,183,7,4,37.71,15
2632,2024-11-23,125,18,2,113.61,10
3060,2024-04-30,240,26,5,141.76,10
1000,2024-04-17,64,7,3,37.71,0
1390,2025-08-13,31,7,4,37.71,10
1367,2025-06-02,87,17,3,58.44,10
3785,2025-06-19,2,5,1,15.92,0
2773,2024-07-09,273,7,5,37.71,0
2144,2024-05-23,15,25,1,94.83,15
436,2025-01-20,8,29,5,98.91,0
2421,2024-10-11,84,18,2,113.61,0
1784,2025-08-30,300,10,1,62.62,15
263,2025-06-03,208,13,4,18.09,15
1671,2024-07-14,33,25,4,94.83,0
3195,2025-01-25,218,38,3,21.84,0
20,2024-05-21,273,18,4,113.61,15
137,2024-11-03,46,5,2,15.92,10
828,2025-09-28,196,7,2,37.71,15
661,2024-12-27,267,28,4,93.46,0
1877,2024-12-21,177,10,3,62.62,10
598,2024-11-19,10,7,1,37.71,0
2324,2024-06-19,264,27,4,52.56,0
151,2025-01-24,36,16,1,22.92,5
3326,2025-05-08,119,9,4,102.79,0
571,2024-08-14,243,27,3,52.56,0
1732,2025-04-08,126,36,4,10.4,0
3447,2025-04-23,81,3,2,121.61,0
788,2024-07-21,98,20,5,60.25,0
1339,2025-05-10,22,8,3,103.07,0
796,2024-10-30,169,30,1,97.13,0
2341,2024-12-02,67,12,3,85.81,0
82,2024-10-21,206,9,5,102.79,10
2239,2024-04-11,249,10,2,62.62,15
3067,2024-10-22,33,7,5,37.71,5
3305,2025-06-27,78,26,3,141.76,15
3590,2025-08-31,40,10,3,62.62,5
2840,2025-05-18,261,7,2,37.71,0
594,2024-10-10,294,27,4,52.56,0
516,2025-01-02,137,17,5,58.44,5
3033,2025-02-25,214,31,5,72.32,0
1636,2024-04-28,249,27,2,52.56,15
1023,2025-07-30,220,12,1,85.81,10
2133,2025-04-28,139,13,3,18.09,0
1220,2024-08-06,56,38,2,21.84,0
765,2025-05-15,95,24,1,73.36,0
357,2024-11-06,24,17,2,58.44,0
2396,2025-06-19,5,9,4,102.79,0
2068,2025-07-14,21,26,1,141.76,0
467,2025-09-24,45,28,3,93.46,0
2337,2024-09-01,226,39,5,39.05,0
3484,2024-09-05,102,2,2,131.21,5
911,2025-09-29,122,3,2,121.61,0
2401,2024-11-23,23,23,3,102.85,0
81,2024-12-27,261,18,4,113.61,0
1193,2024-10-20,176,4,4,72.91,5
1438,2024-07-08,72,2,1,131.21,0
2036,2024-06-18,170,33,5,99.14,0
2233,2024-09-05,119,28,4,93.46,5
1065,2024-05-01,22,27,3,52.56,0
2884,2025-03-20,292,23,2,102.85,10
15,2024-11-04,50,36,5,10.4,10
2106,2024-08-25,33,35,5,11.58,0
3247,2024-06-22,97,6,3,114.35,10
1070,2024-11-17,184,4,2,72.91,0
3310,2025-06-15,15,5,4,15.92,0
1039,2025-09-07,192,35,1,11.58,5
2475,2024-09-02,96,39,5,39.05,0
151,2025-01-24,36,9,2,102.79,15
1987,2024-12-25,205,39,3,39.05,0
4114,2024-12-19,189,18,4,113.61,0
1171,2024-12-09,154,37,4,149.41,0
1829,2024-10-14,295,23,4,102.85,0
3521,2024-12-25,167,18,3,113.61,0
2,2025-01-12,17,14,3,62.21,0
3288,2025-08-26,84,26,3,141.76,0
3522,2024-05-03,64,2,3,131.21,5
1349,2024-11-26,4,4,1,72.91,10
3931,2025-09-23,285,12,4,85.81,0
1935,2025-09-24,256,30,3,97.13,5
3960,2024-08-12,142,4,2,72.91,0
3184,2024-09-22,296,22,5,58.86,0
2122,2025-08-13,291,8,3,103.07,0
3545,2025-03-30,51,12,4,85.81,10
772,2025-01-12,65,31,5,72.32,0
314,2024-12-03,218,19,5,43.01,10
4396,2025-08-15,131,7,2,37.71,0
299,2024-12-11,152,19,5,43.01,15
27,2024-12-06,242,34,3,21.92,0
1218,2024-12-07,224,5,5,15.92,15
742,2024-04-10,64,18,3,113.61,0
2385,2025-01-14,114,6,2,114.35,15
1702,2025-04-10,14,36,3,10.4,0
2757,2024-08-14,226,4,2,72.91,0
2955,2024-11-06,57,18,5,113.61,0
1038,2025-03-29,219,36,2,10.4,10
146,2025-02-01,248,24,3,73.36,0
3757,2024-12-17,118,30,5,97.13,0
3441,2024-12-21,240,13,1,18.09,10
3958,2025-04-01,158,32,1,106.66,10
824,2024-10-16,274,23,1,102.85,15
90,2025-01-31,116,14,3,62.21,10
3041,2024-10-01,61,2,4,131.21,0
1702,2025-04-10,14,17,5,58.44,0
370,2024-10-22,82,14,2,62.21,10
1561,2024-04-05,124,24,5,73.36,10
3601,2025-06-22,282,3,3,121.61,5
2037,2025-08-25,206,1,1,47.8,10
323,2025-05-10,16,35,3,11.58,15
3944,2024-05-08,213,5,5,15.92,0
1829,2024-10-14,295,5,5,15.92,0
1844,2024-11-22,226,28,1,93.46,10
33,2024-05-13,218,39,2,39.05,0
4388,2024-09-04,165,26,1,141.76,5
3044,2025-04-01,167,18,4,113.61,0
1578,2024-07-11,96,5,3,15.92,0
3677,2024-11-09,4,10,4,62.62,0
3890,2025-04-08,78,5,2,15.92,5
2481,2025-03-15,22,3,1,121.61,10
242,2024-11-18,255,4,3,72.91,10
3217,2025-09-09,257,10,5,62.62,0
3467,2024-08-24,273,20,2,60.25,0
9,2025-09-08,56,3,4,121.61,5
2682,2025-05-23,217,20,5,60.25,0
2026,2025-09-03,298,30,5,97.13,15
1446,2024-07-30,220,29,5,98.91,0
4235,2024-12-09,225,31,5,72.32,5
2794,2025-01-28,191,15,5,43.35,10
1793,2024-11-16,194,35,4,11.58,0
36,2025-03-04,49,17,5,58.44,15
169,2024-09-20,182,8,5,103.07,0
1489,2024-11-21,53,6,5,114.35,0
3662,2024-12-16,7,34,5,21.92,0
1549,2024-07-16,184,13,2,18.09,15
1859,2025-08-12,234,9,5,102.79,0
3345,2024-06-26,213,31,1,72.32,0
4261,2024-12-27,166,31,4,72.32,5
3510,2024-04-25,232,32,1,106.66,10
2088,2025-05-21,60,32,1,106.66,5
2515,2025-08-06,274,11,5,127.63,0
3991,2024-04-07,33,5,3,15.92,0
27,2024-12-06,242,26,1,141.76,10
4307,2024-10-07,164,23,4,102.85,15
356,2024-11-06,162,40,2,82.94,5
767,2024-10-17,218,2,2,131.21,0
1861,2024-08-20,201,10,5,62.62,0
1288,2024-10-16,88,15,1,43.35,15
3482,2025-05-12,17,35,1,11.58,0
629,2025-02-04,259,28,2,93.46,5
3227,2025-06-28,195,19,1,43.01,0
4301,2025-01-27,195,12,5,85.81,0
1314,2024-08-30,29,18,1,113.61,15
3002,2025-07-02,279,15,4,43.35,0
3631,2024-11-08,169,24,5,73.36,10
4238,2025-04-29,50,36,1,10.4,15
113,2025-06-09,273,30,1,97.13,0
1737,2024-05-09,22,32,5,106.66,10
2502,2024-10-31,241,36,5,10.4,15
122,2024-05-11,33,38,2,21.84,5
4152,2024-12-09,29,30,1,97.13,15
289,2025-06-18,128,10,2,62.62,10
2330,2024-11-27,161,37,4,149.41,0
1789,2025-01-02,85,10,1,62.62,0
2112,2024-04-12,33,29,1,98.91,0
1157,2025-02-14,268,34,2,21.92,0
966,2025-06-04,247,35,5,11.58,5
4298,2025-06-02,254,21,3,97.59,0
941,2024-09-12,3,36,2,10.4,5
1218,2024-12-07,224,25,5,94.83,0
3167,2024-10-21,204,3,1,121.61,0
3331,2025-02-09,198,13,4,18.09,0
2434,2025-01-10,40,28,3,93.46,0
1568,2024-05-12,92,3,4,121.61,0
2331,2025-03-15,276,13,5,18.09,10
864,2024-10-29,215,6,3,114.35,0
347,2024-06-10,112,25,2,94.83,10
2493,2025-02-02,150,17,5,58.44,0
1246,2024-12-19,265,7,4,37.71,15
2563,2025-08-16,195,28,1,93.46,0
3520,2024-12-25,239,31,1,72.32,5
2251,2025-06-10,297,14,5,62.21,0
2623,2025-03-19,258,9,5,102.79,0
3725,2024-07-18,243,24,3,73.36,0
985,2024-05-03,49,23,5,102.85,10
2678,2024-10-31,221,30,4,97.13,10
2828,2024-12-23,234,22,4,58.86,5
492,2024-10-31,275,37,1,149.41,15
2454,2024-09-05,88,22,1,58.86,10
2842,2025-05-29,70,26,1,141.76,10
3944,2024-05-08,213,28,1,93.46,0
805,2024-09-19,20,33,2,99.14,10
2057,2024-12-29,228,33,2,99.14,10
687,2024-05-08,282,32,4,106.66,0
2280,2024-07-17,96,4,4,72.91,5
2180,2024-12-25,169,15,2,43.35,5
2409,2025-08-22,49,4,5,72.91,0
1454,2024-10-25,51,1,1,47.8,10
399,2025-03-17,216,30,1,97.13,0
2969,2025-04-18,287,13,4,18.09,10
1549,2024-07-16,184,40,4,82.94,10
2573,2024-05-14,42,18,1,113.61,5
296,2024-10-13,253,27,4,52.56,5
1097,2024-06-20,33,37,5,149.41,15
2606,2024-05-17,124,12,1,85.81,15
451,2024-11-23,298,24,4,73.36,0
245,2025-09-12,293,8,2,103.07,0
3184,2024-09-22,296,25,4,94.83,0
2318,2024-12-10,240,28,2,93.46,0
968,2025-09-16,2,38,5,21.84,0
243,2024-11-18,71,25,5,94.83,5
3509,2024-06-20,156,18,1,113.61,15
3633,2024-05-07,58,4,3,72.91,5
4307,2024-10-07,164,19,2,43.01,10
622,2024-12-07,62,2,4,131.21,15
2690,2024-11-23,195,5,5,15.92,0
1389,2024-09-10,119,13,4,18.09,5
3457,2025-02-13,84,34,5,21.92,5
391,2025-01-04,281,38,5,21.84,0
841,2025-08-01,52,10,1,62.62,0
4387,2025-03-29,17,37,5,149.41,0
2218,2025-03-27,239,1,2,47.8,15
1073,2024-05-15,131,19,1,43.01,15
1148,2025-04-16,266,30,2,97.13,0
4323,2025-05-20,217,33,2,99.14,0
3940,2025-02-27,101,2,5,131.21,0
3508,2025-05-09,136,29,3,98.91,10
3465,2024-08-10,51,31,3,72.32,15
3851,2024-08-13,22,29,5,98.91,0
2526,2024-10-03,197,8,5,103.07,0
3015,2024-12-31,55,39,2,39.05,0
1854,2024-07-31,131,24,3,73.36,5
1734,2024-07-29,56,38,2,21.84,5
3808,2025-08-29,235,12,4,85.81,0
3864,2024-07-20,282,23,1,102.85,0
2238,2025-05-09,271,29,1,98.91,5
283,2024-09-26,15,21,1,97.59,0
1110,2025-01-18,166,21,2,97.59,5
4041,2024-12-14,278,35,3,11.58,0
3752,2025-01-15,28,28,1,93.46,5
4109,2025-01-20,285,16,5,22.92,0
347,2024-06-10,112,9,5,102.79,15
1816,2024-10-06,291,19,3,43.01,10
3006,2024-04-05,124,6,5,114.35,5
2741,2025-02-10,258,6,1,114.35,0
1265,2025-04-25,216,24,1,73.36,15
1428,2024-12-30,13,16,1,22.92,10
3473,2024-05-17,76,11,2,127.63,10
3149,2025-09-06,239,11,1,127.63,5
2353,2024-09-06,246,14,5,62.21,15
1150,2024-07-06,221,7,2,37.71,0
2934,2024-11-30,169,7,3,37.71,15
1032,2024-09-14,119,19,1,43.01,0
2347,2025-06-10,131,35,4,11.58,0
722,2025-06-28,143,11,1,127.63,10
980,2024-08-12,243,15,4,43.35,0
3859,2025-04-17,112,1,1,47.8,10
66,2025-08-19,14,37,2,149.41,10
1319,2025-06-15,130,12,3,85.81,15
1676,2024-05-25,72,26,4,141.76,15
767,2024-10-17,218,13,3,18.09,15
3821,2025-04-05,154,1,1,47.8,5
1938,2024-04-09,242,33,5,99.14,0
1497,2025-07-18,126,11,3,127.63,5
3593,2025-01-22,111,13,4,18.09,5
1150,2024-07-06,221,40,5,82.94,0
3977,2025-05-31,249,27,3,52.56,0
4211,2024-06-06,62,12,1,85.81,0
854,2025-02-26,298,20,4,60.25,15
3166,2024-12-07,251,18,3,113.61,15
3931,2025-09-23,285,13,3,18.09,0
2813,2025-04-28,164,38,4,21.84,5
288,2025-02-16,7,22,5,58.86,15
3129,2024-08-06,277,16,4,22.92,0
3136,2024-07-14,63,30,3,97.13,0
2773,2024-07-09,273,24,1,73.36,10
3440,2024-12-21,74,20,1,60.25,0
4127,2025-03-18,241,26,5,141.76,0
2834,2025-02-26,252,33,3,99.14,10
2962,2024-11-29,269,10,4,62.62,5
2349,2025-03-27,292,32,3,106.66,15
2381,2024-04-13,124,11,3,127.63,15
1838,2025-04-21,120,6,5,114.35,10
3280,2024-11-16,79,40,1,82.94,10
1165,2024-04-18,157,11,5,127.63,0
1618,2024-09-06,286,10,4,62.62,10
3595,2024-11-13,246,30,3,97.13,5
3063,2025-04-17,36,32,4,106.66,0
4303,2024-12-24,213,15,2,43.35,5
34,2025-07-06,53,33,4,99.14,5
36,2025-03-04,49,10,3,62.62,15
3488,2024-07-16,74,22,4,58.86,5
724,2024-05-25,214,31,1,72.32,0
2256,2025-01-12,193,8,2,103.07,10
2965,2025-03-03,206,40,3,82.94,0
515,2024-04-13,150,25,1,94.83,10
85,2024-04-28,282,17,1,58.44,10
2806,2024-11-22,34,21,3,97.59,0
3204,2025-06-29,192,2,4,131.21,10
183,2024-11-26,282,9,5,102.79,0
240,2025-01-24,42,8,4,103.07,15
2087,2025-02-23,165,11,3,127.63,0
536,2024-11-12,18,22,1,58.86,15
2978,2024-04-28,98,23,4,102.85,10
793,2025-08-16,236,6,5,114.35,0
1626,2024-10-16,294,21,2,97.59,0
2025,2025-02-23,134,1,4,47.8,0
297,2024-08-16,250,34,1,21.92,10
682,2024-09-23,253,39,4,39.05,0
2659,2024-05-15,22,18,4,113.61,10
2527,2025-02-06,96,29,5,98.91,5
3027,2024-05-04,72,15,1,43.35,0
3884,2025-04-04,43,6,5,114.35,0
1449,2024-11-21,79,29,4,98.91,0
1000,2024-04-17,64,20,5,60.25,0
3057,2025-03-09,205,31,1,72.32,0
4387,2025-03-29,17,31,5,72.32,0
4164,2025-09-27,253,19,2,43.01,0
2763,2025-04-25,7,38,2,21.84,0
1414,2025-04-12,261,14,1,62.21,15
1715,2025-04-08,163,9,4,102.79,0
501,2025-06-17,202,28,2,93.46,0
3475,2025-07-06,106,20,5,60.25,0
2784,2025-07-04,30,7,5,37.71,5
278,2024-07-13,249,40,4,82.94,0
66,2025-08-19,14,36,4,10.4,10
2846,2025-02-19,242,4,1,72.91,0
505,2024-11-18,9,37,4,149.41,15
3504,2024-10-05,278,33,5,99.14,5
2472,2024-12-22,110,23,1,102.85,10
4367,2024-12-27,167,35,3,11.58,0
4263,2024-06-23,250,32,2,106.66,10
974,2025-07-10,283,31,3,72.32,0
1912,2025-04-16,171,38,3,21.84,10
759,2025-01-24,189,34,5,21.92,15
3268,2024-11-18,192,24,3,73.36,5
3661,2024-12-16,45,8,2,103.07,5
4326,2024-04-17,64,35,5,11.58,0
403,2025-01-31,102,4,2,72.91,15
1647,2024-06-06,157,12,5,85.81,0
929,2024-07-25,190,21,4,97.59,5
1903,2024-12-17,79,15,3,43.35,0
270,2025-06-14,245,3,3,121.61,10
4359,2024-07-10,19,27,2,52.56,0
1628,2024-11-08,42,3,5,121.61,10
3303,2025-05-28,155,13,5,18.09,10
2657,2025-03-23,217,10,3,62.62,0
1150,2024-07-06,221,4,3,72.91,15
2690,2024-11-23,195,35,1,11.58,10
3319,2024-12-12,265,35,5,11.58,15
2842,2025-05-29,70,35,5,11.58,5
1460,2025-05-22,81,39,3,39.05,5
4372,2024-05-29,221,36,1,10.4,5
2127,2025-04-18,64,13,5,18.09,10
417,2024-05-12,33,5,1,15.92,0
273,2025-08-15,184,26,2,141.76,15
2246,2025-09-22,133,12,2,85.81,5
390,2024-08-08,67,3,4,121.61,5
3504,2024-10-05,278,1,3,47.8,5
3443,2025-08-21,72,25,4,94.83,0
117,2024-11-09,75,39,2,39.05,15
3201,2024-05-23,56,28,5,93.46,15
2612,2024-11-19,46,19,4,43.01,0
944,2024-07-16,30,22,2,58.86,10
1687,2025-06-18,129,20,5,60.25,10
895,2025-01-14,249,28,2,93.46,10
4215,2024-08-05,8,7,3,37.71,0
1936,2025-05-17,138,16,3,22.92,5
591,2025-03-31,25,34,2,21.92,0
1879,2025-04-04,225,34,2,21.92,5
4004,2025-04-18,203,9,4,102.79,15
1701,2024-11-13,72,36,4,10.4,0
292,2024-04-01,124,36,3,10.4,0
2111,2025-08-17,276,18,3,113.61,10
2468,2024-08-15,232,31,5,72.32,10
3562,2024-10-23,23,31,5,72.32,0
3190,2024-11-10,121,13,5,18.09,0
2593,2024-04-21,231,26,2,141.76,15
4254,2024-07-28,194,17,5,58.44,5
3616,2025-04-07,43,36,5,10.4,0
265,2024-10-05,255,15,3,43.35,5
4318,2024-10-10,76,40,2,82.94,0
4331,2024-08-13,74,10,3,62.62,0
2139,2024-05-06,218,1,4,47.8,15
3234,2024-11-03,260,26,4,141.76,10
3693,2025-01-12,184,11,3,127.63,0
485,2024-06-12,156,29,4,98.91,15
133,2025-01-19,9,12,2,85.81,0
3613,2024-11-16,118,30,4,97.13,10
2390,2025-01-22,200,40,5,82.94,0
4279,2024-05-17,164,12,3,85.81,5
2475,2024-09-02,96,12,3,85.81,15
630,2025-07-09,281,34,4,21.92,0
3625,2024-06-26,98,33,5,99.14,5
3648,2025-02-02,75,31,3,72.32,10
1942,2024-05-28,131,7,5,37.71,0
755,2024-04-27,240,38,1,21.84,0
714,2024-11-06,185,17,4,58.44,15
3232,2024-09-02,164,19,3,43.01,15
3231,2025-07-29,138,22,3,58.86,10
1036,2024-09-25,218,13,3,18.09,0
3363,2025-08-13,267,34,5,21.92,15
688,2024-06-05,148,31,3,72.32,5
1667,2024-06-08,134,26,5,141.76,15
2184,2024-09-28,241,2,1,131.21,0
3192,2025-03-15,67,3,1,121.61,0
715,2024-08-09,272,33,4,99.14,0
2690,2024-11-23,195,22,5,58.86,15
3240,2024-11-01,27,34,3,21.92,15
1707,2024-07-20,98,7,5,37.71,0
3849,2024-12-17,118,4,4,72.91,10
2500,2025-04-22,213,28,3,93.46,15
365,2025-01-27,175,33,3,99.14,10
1689,2025-04-01,92,26,4,141.76,0
2588,2025-02-25,177,37,5,149.41,15
2000,2024-12-11,166,38,4,21.84,10
1167,2024-10-21,239,20,4,60.25,10
1102,2024-12-07,224,39,3,39.05,0
1773,2025-05-18,213,38,4,21.84,15
53,2025-05-02,192,2,3,131.21,0
2270,2024-11-18,210,13,2,18.09,0
3056,2025-03-27,46,39,1,39.05,15
2050,2025-09-29,222,30,2,97.13,0
973,2025-05-27,54,29,2,98.91,0
2436,2024-11-14,300,9,5,102.79,15
2151,2024-05-13,232,10,3,62.62,15
3252,2025-01-11,271,31,3,72.32,5
1657,2025-05-14,278,38,3,21.84,15
2119,2024-11-09,215,39,2,39.05,0
311,2025-05-19,48,22,5,58.86,10
2706,2025-01-23,64,22,1,58.86,0
2836,2024-12-07,283,6,5,114.35,10
4222,2025-06-17,238,29,4,98.91,0
3145,2024-08-28,108,5,2,15.92,15
3204,2025-06-29,192,7,4,37.71,0
1778,2025-04-27,285,7,1,37.71,0
1233,2024-12-19,291,13,3,18.09,0
3914,2025-06-12,101,40,1,82.94,5
2625,2025-01-07,16,28,2,93.46,0
3127,2024-10-15,185,25,1,94.83,15
981,2024-05-23,82,10,1,62.62,15
374,2025-09-21,217,3,2,121.61,5
2626,2025-08-13,94,15,4,43.35,0
4181,2024-12-21,277,11,3,127.63,10
2124,2024-04-29,76,25,2,94.83,0
4199,2024-08-05,242,4,3,72.91,5
736,2024-12-13,206,14,3,62.21,0
451,2024-11-23,298,32,4,106.66,0
1560,2025-03-08,138,9,1,102.79,0
2042,2024-06-05,22,40,1,82.94,0
531,2024-12-01,282,20,3,60.25,0
334,2025-01-23,69,6,2,114.35,10
2193,2025-07-08,2,26,4,141.76,10
1958,2024-12-25,277,26,3,141.76,5
205,2024-10-18,255,1,2,47.8,10
194,2025-02-12,41,35,5,11.58,15
3618,2024-10-25,289,2,1,131.21,10
412,2025-08-23,283,19,3,43.01,0
4051,2024-12-09,294,30,4,97.13,0
3048,2025-09-10,68,27,4,52.56,0
1794,2024-12-29,232,5,5,15.92,0
261,2025-01-09,167,13,5,18.09,5
3524,2024-11-10,177,9,2,102.79,5
2210,2025-03-03,187,8,1,103.07,0
1612,2024-08-04,129,18,1,113.61,0
1755,2024-09-13,199,36,3,10.4,0
549,2025-06-30,297,13,3,18.09,0
2026,2025-09-03,298,1,1,47.8,0
1112,2024-09-21,108,15,5,43.35,10
336,2024-06-04,146,14,4,62.21,0
2603,2024-11-18,27,32,1,106.66,0
4137,2025-06-20,131,7,1,37.71,0
3867,2025-03-28,246,9,1,102.79,0
4362,2024-09-02,58,23,4,102.85,10
2163,2024-07-30,64,21,2,97.59,15
2467,2025-01-27,76,37,1,149.41,5
3404,2025-06-26,282,21,2,97.59,10
1341,2024-12-19,293,3,4,121.61,0
497,2025-07-02,101,21,5,97.59,15
2697,2025-06-07,120,27,4,52.56,5
1,2025-05-03,233,27,1,52.56,5
4347,2025-08-25,238,40,5,82.94,0
1690,2024-10-09,8,25,4,94.83,5
1036,2024-09-25,218,9,2,102.79,0
1030,2025-01-08,159,3,5,121.61,15
4253,2024-11-21,291,14,2,62.21,0
491,2024-06-12,150,16,1,22.92,0
1020,2024-06-07,56,40,1,82.94,0
2680,2025-01-16,293,37,5,149.41,5
1119,2025-09-16,163,3,2,121.61,10
3680,2025-08-19,219,31,4,72.32,5
1876,2025-07-28,60,33,1,99.14,0
4100,2024-12-17,94,1,5,47.8,15
35,2024-09-10,146,27,3,52.56,0
535,2024-09-22,231,7,1,37.71,5
279,2025-01-15,59,32,2,106.66,10
4234,2024-05-27,297,7,3,37.71,0
3882,2025-09-08,203,33,4,99.14,15
1518,2025-04-15,61,32,4,106.66,5
4017,2025-07-22,249,14,4,62.21,5
2939,2024-08-04,272,13,5,18.09,5
1368,2024-05-24,240,17,3,58.44,0
2889,2025-02-02,245,39,3,39.05,0
4395,2025-08-22,254,13,4,18.09,0
1199,2025-02-04,217,17,3,58.44,0
44,2025-09-23,215,13,2,18.09,0
1502,2024-08-22,132,16,4,22.92,0
3236,2024-05-18,148,34,5,21.92,10
172,2025-03-26,220,9,1,102.79,10
2688,2024-05-09,33,36,1,10.4,15
2329,2024-11-27,49,21,5,97.59,15
2926,2024-12-26,109,15,4,43.35,15
597,2024-11-19,182,14,1,62.21,5
1233,2024-12-19,291,5,2,15.92,0
3691,2024-04-04,134,20,2,60.25,0
1785,2024-06-12,296,35,5,11.58,10
2992,2025-06-28,226,29,1,98.91,15
421,2024-11-06,118,29,1,98.91,0
290,2024-09-17,33,18,2,113.61,0
369,2025-02-16,182,37,2,149.41,15
3092,2024-11-03,22,5,1,15.92,0
1406,2024-06-09,64,7,2,37.71,15
592,2025-02-25,162,7,1,37.71,0
1446,2024-07-30,220,11,2,127.63,0
2873,2025-07-28,99,6,1,114.35,0
4036,2025-09-30,22,2,1,131.21,0
2391,2024-12-06,152,9,1,102.79,0
1954,2025-04-08,243,23,2,102.85,0
3313,2025-06-25,16,40,1,82.94,5
2092,2025-02-02,293,19,4,43.01,10
744,2024-04-08,64,8,4,103.07,0
192,2025-05-02,292,24,1,73.36,0
4281,2025-02-12,44,7,1,37.71,5
405,2024-05-14,249,10,4,62.62,0
1344,2025-03-16,129,23,2,102.85,15
2398,2024-11-29,15,24,1,73.36,10
1348,2025-09-30,9,21,1,97.59,0
3796,2024-04-03,134,31,5,72.32,0
507,2024-06-19,264,4,4,72.91,5
188,2024-08-22,56,21,5,97.59,10
2056,2024-12-29,127,40,2,82.94,5
2317,2025-03-09,21,2,1,131.21,0
1428,2024-12-30,13,13,1,18.09,15
4351,2024-09-26,145,37,2,149.41,0
1886,2025-04-15,120,18,1,113.61,0
647,2025-02-07,161,8,2,103.07,0
3438,2025-03-27,16,38,2,21.84,15
2840,2025-05-18,261,35,4,11.58,15
2357,2025-01-30,26,5,5,15.92,0
2738,2024-11-26,47,2,4,131.21,15
4221,2025-03-06,33,17,3,58.44,0
360,2024-04-11,134,13,5,18.09,10
2961,2025-09-03,247,30,4,97.13,15
1603,2025-02-24,236,22,1,58.86,0
1611,2025-04-22,177,24,2,73.36,5
1813,2025-01-06,286,27,1,52.56,0
3878,2024-10-06,135,21,3,97.59,15
875,2024-10-03,128,17,2,58.44,0
4322,2024-10-24,144,32,3,106.66,15
3688,2024-11-24,206,34,1,21.92,0
663,2024-09-15,295,32,4,106.66,5
2986,2025-03-16,149,4,5,72.91,0
51,2024-08-26,129,40,2,82.94,15
498,2025-03-19,46,40,5,82.94,5
1711,2025-09-19,243,39,2,39.05,5
126,2025-02-15,212,37,2,149.41,15
1850,2025-06-18,200,18,4,113.61,0
4164,2025-09-27,253,9,5,102.79,10
915,2024-11-11,82,15,2,43.35,10
316,2025-09-29,4,14,2,62.21,15
3333,2025-01-02,195,26,3,141.76,0
474,2025-05-04,96,20,3,60.25,15
1417,2024-12-23,233,3,3,121.61,15
3154,2024-05-04,164,40,3,82.94,15
2049,2024-09-13,170,40,4,82.94,5
4329,2024-12-23,46,2,4,131.21,0
1823,2024-05-25,64,22,5,58.86,15
1185,2024-11-14,276,24,5,73.36,0
2028,2024-10-04,146,11,3,127.63,0
2466,2024-04-03,134,12,3,85.81,0
4039,2025-01-19,100,31,4,72.32,0
2444,2024-12-18,235,25,1,94.83,10
3892,2024-06-21,67,12,4,85.81,5
1074,2024-06-18,37,32,3,106.66,0
2458,2025-07-20,105,20,4,60.25,15
2874,2025-03-31,186,4,3,72.91,0
111,2024-06-22,249,23,2,102.85,10
1910,2024-09-20,41,23,5,102.85,10
331,2025-07-18,229,20,1,60.25,0
536,2024-11-12,18,28,4,93.46,0
4013,2024-09-11,194,2,2,131.21,0
2479,2024-11-23,248,40,4,82.94,0
3500,2024-10-03,165,12,4,85.81,10
3226,2024-05-27,148,19,5,43.01,10
1662,2024-05-28,194,19,3,43.01,0
3114,2025-02-05,219,18,4,113.61,15
3164,2024-04-19,249,40,2,82.94,0
3277,2025-01-11,82,3,5,121.61,10
1077,2024-08-04,215,3,4,121.61,15
2869,2024-07-09,232,20,5,60.25,0
2831,2025-06-20,295,21,4,97.59,15
3421,2024-07-02,253,38,3,21.84,0
1116,2025-06-17,253,18,2,113.61,15
509,2024-06-02,176,38,3,21.84,15
3875,2024-11-04,99,28,5,93.46,0
1738,2025-03-24,108,23,5,102.85,5
3706,2024-12-15,279,28,4,93.46,10
3421,2024-07-02,253,37,4,149.41,15
3306,2024-06-10,250,1,2,47.8,15
1547,2024-04-19,242,5,2,15.92,0
3841,2025-01-16,34,4,3,72.91,0
3162,2024-04-29,58,27,2,52.56,10
2993,2024-11-15,154,38,1,21.84,0
3626,2024-04-29,231,24,2,73.36,0
2547,2024-11-10,102,39,1,39.05,0
936,2024-08-20,58,25,4,94.83,0
3018,2025-04-16,166,5,4,15.92,0
1586,2025-05-24,62,29,2,98.91,10
3312,2025-08-29,40,4,3,72.91,15
1973,2024-06-21,283,29,1,98.91,5
1802,2025-06-14,163,13,3,18.09,0
950,2024-05-09,134,30,1,97.13,15
3950,2024-12-24,45,18,4,113.61,0
4019,2024-06-15,118,27,5,52.56,10
4250,2024-07-21,1,28,5,93.46,5
2751,2025-01-25,178,24,2,73.36,0
1029,2024-12-07,290,17,3,58.44,5
1273,2025-05-19,145,16,2,22.92,0
2285,2024-09-17,132,19,3,43.01,15
2138,2025-05-11,69,17,3,58.44,0
292,2024-04-01,124,33,4,99.14,0
2318,2024-12-10,240,38,1,21.84,5
1031,2024-08-04,248,8,3,103.07,10
2590,2025-09-15,279,5,2,15.92,0
476,2024-05-09,84,29,5,98.91,0
1314,2024-08-30,29,37,5,149.41,5
3747,2025-02-13,17,13,2,18.09,0
2945,2025-05-23,24,4,5,72.91,0
509,2024-06-02,176,11,5,127.63,0
888,2025-07-26,203,20,2,60.25,10
3074,2024-11-15,213,7,5,37.71,15
2911,2025-03-02,295,10,5,62.62,0
1166,2024-10-15,293,6,1,114.35,0
61,2025-04-11,186,3,3,121.61,5
1569,2024-07-25,190,14,1,62.21,15
342,2025-03-05,59,31,4,72.32,0
2099,2025-05-13,34,26,3,141.76,5
3573,2024-09-18,199,27,3,52.56,10
1981,2025-02-17,113,13,3,18.09,10
1551,2024-04-18,282,1,1,47.8,10
3109,2025-06-08,27,18,5,113.61,0
3068,2024-09-05,4,10,3,62.62,15
1559,2024-06-21,253,7,1,37.71,15
2489,2024-08-16,157,32,4,106.66,0
1941,2024-10-18,87,8,3,103.07,0
3245,2024-09-15,239,36,1,10.4,0
3443,2025-08-21,72,8,5,103.07,0
1035,2024-05-03,157,25,3,94.83,0
1858,2024-04-06,282,5,5,15.92,0
2315,2025-01-30,45,39,2,39.05,5
3123,2024-06-22,49,6,3,114.35,5
1337,2025-05-05,117,3,2,121.61,10
3623,2024-04-04,242,30,1,97.13,0
1222,2024-06-15,232,19,3,43.01,10
1880,2025-06-20,20,36,2,10.4,10
3734,2024-08-18,113,17,3,58.44,15
1392,2024-08-11,294,9,1,102.79,5
1000,2024-04-17,64,18,4,113.61,10
1642,2024-09-27,85,22,4,58.86,10
3779,2024-09-11,289,39,5,39.05,15
2808,2025-01-12,126,20,1,60.25,0
4104,2025-03-02,30,15,1,43.35,0
2488,2025-05-27,243,28,4,93.46,0
3928,2025-07-09,208,10,2,62.62,0
2379,2025-04-27,202,3,5,121.61,0
383,2024-09-26,104,33,4,99.14,10
4203,2024-08-11,71,9,4,102.79,5
1481,2024-09-01,166,14,4,62.21,10
1221,2025-05-28,174,16,2,22.92,0
4311,2024-12-09,213,11,4,127.63,15
946,2024-11-03,64,16,3,22.92,0
527,2024-04-04,242,31,5,72.32,0
621,2024-12-07,135,38,1,21.84,0
2261,2025-03-06,88,23,5,102.85,0
3846,2024-11-12,104,20,3,60.25,5
2315,2025-01-30,45,34,1,21.92,0
2821,2025-09-18,192,31,5,72.32,5
1705,2024-09-16,21,34,5,21.92,0
613,2024-08-04,133,9,4,102.79,15
3909,2024-12-22,265,29,1,98.91,10
2996,2024-04-29,164,26,3,141.76,5
4334,2025-09-19,33,37,5,149.41,5
1014,2024-07-22,74,30,2,97.13,0
3523,2024-08-01,296,39,2,39.05,15
695,2025-03-30,24,33,1,99.14,5
439,2024-04-09,33,18,3,113.61,15
1594,2024-09-05,173,28,2,93.46,15
250,2025-01-08,207,39,4,39.05,0
1702,2025-04-10,14,25,4,94.83,15
2726,2025-03-10,287,23,1,102.85,0
1944,2025-01-12,91,17,2,58.44,15
3724,2024-08-22,3,2,4,131.21,0
1136,2024-12-27,299,25,2,94.83,5
771,2025-04-19,163,40,3,82.94,0
770,2024-06-06,63,13,4,18.09,15
3992,2025-04-10,170,1,4,47.8,5
3976,2024-09-10,289,3,5,121.61,0
2285,2024-09-17,132,35,1,11.58,10
3759,2025-04-16,31,20,5,60.25,10
2458,2025-07-20,105,32,5,106.66,0
585,2025-02-05,244,25,3,94.83,5
24,2024-08-01,1,28,5,93.46,15
3584,2024-12-18,269,7,5,37.71,0
634,2025-02-12,238,36,2,10.4,0
1821,2025-04-02,228,18,4,113.61,0
4057,2025-06-23,230,29,2,98.91,15
1807,2025-06-25,160,37,3,149.41,10
1142,2025-05-22,3,36,3,10.4,15
3737,2024-12-08,150,18,2,113.61,0
2806,2024-11-22,34,16,3,22.92,0
1157,2025-02-14,268,6,3,114.35,15
1490,2024-11-21,152,18,1,113.61,0
1939,2025-02-25,191,12,2,85.81,0
3115,2025-03-24,270,16,4,22.92,10
1341,2024-12-19,293,13,4,18.09,5
919,2024-04-13,64,8,3,103.07,0
113,2025-06-09,273,23,4,102.85,10
3778,2024-08-12,253,18,3,113.61,10
1989,2024-05-19,232,9,2,102.79,10
1386,2025-04-30,215,9,3,102.79,5
1268,2025-01-26,191,27,2,52.56,0
407,2025-02-19,286,29,4,98.91,0
3401,2024-10-20,171,27,3,52.56,15
133,2025-01-19,9,7,5,37.71,10
289,2025-06-18,128,36,4,10.4,5
3100,2024-12-28,209,25,4,94.83,0
340,2024-09-17,90,33,3,99.14,0
1339,2025-05-10,22,15,4,43.35,0
924,2025-09-06,213,1,1,47.8,0
3300,2024-06-28,81,15,1,43.35,0
4064,2024-12-12,126,21,4,97.59,5
3115,2025-03-24,270,40,4,82.94,15
398,2024-07-14,96,9,2,102.79,0
3445,2024-08-19,264,28,5,93.46,10
3085,2024-12-14,288,30,2,97.13,0
3991,2024-04-07,33,11,4,127.63,10
2769,2025-05-16,55,26,4,141.76,10
2260,2024-11-17,14,4,4,72.91,15
472,2024-09-07,264,22,3,58.86,10
3950,2024-12-24,45,9,4,102.79,0
2508,2024-04-03,124,22,3,58.86,0
642,2025-04-29,159,16,3,22.92,0
229,2024-09-09,176,36,4,10.4,0
2232,2025-03-16,186,10,5,62.62,5
1146,2024-09-22,243,9,1,102.79,0
3955,2024-07-15,105,18,2,113.61,10
2224,2025-09-18,133,14,5,62.21,0
1131,2025-04-06,275,35,2,11.58,0
3046,2024-07-03,89,15,5,43.35,15
135,2025-04-22,283,11,1,127.63,10
2157,2025-03-26,58,37,4,149.41,10
3793,2025-06-22,235,19,4,43.01,10
2777,2024-11-23,290,26,1,141.76,0
1247,2025-05-05,250,18,5,113.61,5
2515,2025-08-06,274,1,1,47.8,0
730,2025-02-26,133,4,2,72.91,5
3822,2024-09-22,232,28,2,93.46,0
416,2024-10-31,215,30,4,97.13,0
3668,2025-05-12,296,8,4,103.07,0
1864,2024-04-01,124,5,4,15.92,0
2724,2024-04-09,33,18,1,113.61,15
689,2025-03-19,225,15,3,43.35,10
3184,2024-09-22,296,19,4,43.01,0
1803,2024-04-29,242,34,5,21.92,15
908,2025-09-28,263,11,4,127.63,10
4163,2024-04-12,232,32,2,106.66,10
3413,2024-11-01,72,26,4,141.76,5
3025,2025-07-27,298,4,1,72.91,10
3213,2024-12-21,220,33,3,99.14,5
4299,2024-07-22,249,33,5,99.14,0
1440,2025-05-18,6,22,2,58.86,0
2302,2024-07-05,167,9,4,102.79,0
2806,2024-11-22,34,28,1,93.46,15
666,2024-11-04,132,16,4,22.92,15
2572,2025-05-19,69,24,1,73.36,5
3930,2024-08-15,46,13,4,18.09,0
3127,2024-10-15,185,37,5,149.41,5
362,2025-05-10,208,1,5,47.8,0
290,2024-09-17,33,16,2,22.92,10
2334,2025-04-24,130,6,2,114.35,5
1267,2024-08-22,213,4,5,72.91,0
1849,2024-04-04,134,22,4,58.86,0
3911,2025-08-23,84,29,1,98.91,0
1124,2025-05-07,183,19,3,43.01,5
3516,2024-11-22,269,13,4,18.09,0
1713,2025-03-05,286,4,4,72.91,10
1978,2024-08-22,188,28,4,93.46,0
2824,2025-03-15,141,33,3,99.14,0
3011,2024-10-11,74,37,3,149.41,10
1213,2025-08-29,42,40,1,82.94,0
195,2024-06-07,164,6,1,114.35,0
4359,2024-07-10,19,2,4,131.21,5
3972,2025-09-21,254,10,4,62.62,0
2747,2024-09-08,281,8,2,103.07,15
2652,2024-04-13,64,25,5,94.83,0
1511,2024-08-15,91,10,1,62.62,0
141,2024-11-20,226,21,1,97.59,0
2605,2025-04-27,108,1,3,47.8,0
2765,2025-07-12,59,24,2,73.36,0
1027,2025-08-09,58,34,4,21.92,0
1768,2025-06-20,94,34,4,21.92,10
3788,2025-01-24,202,29,5,98.91,5
3608,2024-06-10,33,20,1,60.25,0
387,2024-12-14,42,26,1,141.76,5
3227,2025-06-28,195,10,1,62.62,0
3612,2024-11-16,265,31,5,72.32,0
3284,2025-01-28,181,37,3,149.41,0
2117,2024-05-31,218,33,1,99.14,0
3721,2025-02-16,216,4,5,72.91,15
2513,2024-12-06,245,7,5,37.71,0
3073,2024-11-15,98,20,1,60.25,5
929,2024-07-25,190,6,3,114.35,5
4065,2024-12-12,199,27,5,52.56,0
3429,2024-07-05,63,8,5,103.07,5
850,2024-11-07,156,22,2,58.86,15
3043,2024-08-07,129,7,1,37.71,0
3045,2024-09-08,153,6,2,114.35,10
1045,2024-08-02,148,16,2,22.92,0
2914,2025-09-22,205,7,4,37.71,0
61,2025-04-11,186,10,2,62.62,10
1387,2024-08-31,174,1,2,47.8,10
2211,2025-06-23,175,22,2,58.86,15
3677,2024-11-09,4,17,4,58.44,5
163,2025-03-23,181,38,3,21.84,0
2159,2024-04-10,242,20,1,60.25,10
19,2025-04-21,215,20,2,60.25,10
1193,2024-10-20,176,28,1,93.46,0
1760,2025-04-15,227,19,3,43.01,5
2189,2024-12-21,166,10,1,62.62,0
1557,2025-04-07,59,17,3,58.44,0
1354,2024-11-19,275,25,3,94.83,15
2653,2024-05-09,72,39,1,39.05,5
2519,2025-03-10,10,11,3,127.63,0
3064,2025-04-10,206,20,1,60.25,10
2178,2025-09-02,78,33,3,99.14,0
2176,2025-01-16,298,29,1,98.91,10
2313,2025-05-11,193,35,4,11.58,15
1742,2024-05-29,184,37,1,149.41,0
3571,2024-11-25,173,12,3,85.81,0
1731,2024-06-17,146,10,3,62.62,15
1672,2025-09-08,163,30,5,97.13,10
3182,2024-11-29,288,38,4,21.84,15
1391,2025-08-20,111,32,3,106.66,15
4098,2024-12-17,16,17,4,58.44,0
2514,2024-12-06,298,14,2,62.21,5
2399,2024-11-29,90,24,5,73.36,0
859,2025-04-27,141,6,5,114.35,10
2096,2024-10-19,3,36,3,10.4,15
2972,2024-04-26,295,1,2,47.8,10
2074,2025-07-04,292,33,4,99.14,15
4190,2024-12-14,198,31,5,72.32,10
4053,2025-01-19,149,34,2,21.92,5
4041,2024-12-14,278,8,1,103.07,0
228,2024-08-24,51,5,5,15.92,0
1827,2025-07-23,174,13,1,18.09,0
4021,2025-01-10,16,24,2,73.36,15
1654,2024-11-20,205,37,2,149.41,5
4253,2024-11-21,291,36,3,10.4,0
2386,2024-08-27,171,35,3,11.58,0
2331,2025-03-15,276,17,5,58.44,15
553,2025-07-21,235,11,5,127.63,0
4203,2024-08-11,71,24,2,73.36,5
2365,2024-04-03,134,27,5,52.56,0
876,2025-04-23,291,24,4,73.36,0
353,2025-02-18,210,28,4,93.46,10
3032,2024-12-29,157,37,2,149.41,15
4291,2025-03-18,188,19,1,43.01,0
2305,2025-03-15,52,2,5,131.21,10
214,2024-12-12,51,1,1,47.8,10
1761,2024-12-14,247,8,5,103.07,0
725,2024-04-20,150,16,4,22.92,0
3120,2025-01-29,168,15,2,43.35,5
3095,2024-05-10,249,37,1,149.41,0
2890,2025-08-28,300,28,2,93.46,0
1800,2024-09-15,85,15,3,43.35,0
1959,2024-12-25,112,10,5,62.62,0
291,2025-07-15,228,32,1,106.66,0
3146,2024-08-30,156,7,2,37.71,0
2694,2025-07-14,132,5,2,15.92,0
3853,2024-10-09,64,26,3,141.76,10
1365,2025-03-19,174,24,1,73.36,0
2831,2025-06-20,295,2,1,131.21,15
2428,2025-08-29,156,6,4,114.35,15
4086,2024-11-14,266,15,1,43.35,0
162,2025-07-13,59,21,5,97.59,0
762,2025-07-23,170,20,1,60.25,5
3744,2024-12-28,161,27,3,52.56,0
2060,2024-09-14,134,18,3,113.61,0
2903,2025-02-26,283,31,3,72.32,10
2726,2025-03-10,287,8,2,103.07,15
2302,2024-07-05,167,7,1,37.71,15
3449,2024-04-01,242,5,1,15.92,0
94,2024-07-12,148,9,4,102.79,5
3215,2024-12-13,252,35,5,11.58,0
3777,2024-05-02,242,31,4,72.32,5
4189,2024-12-14,174,33,5,99.14,0
2908,2025-05-22,183,28,4,93.46,10
740,2024-09-25,158,35,4,11.58,15
1354,2024-11-19,275,30,4,97.13,0
3978,2024-05-30,59,40,3,82.94,15
3757,2024-12-17,118,17,1,58.44,5
2221,2025-04-27,283,30,4,97.13,0
823,2025-05-20,213,24,5,73.36,0
1638,2025-03-10,173,6,5,114.35,10
2464,2024-12-30,164,7,2,37.71,0
1063,2024-06-16,274,40,4,82.94,10
2360,2025-04-28,153,9,1,102.79,0
1227,2025-08-27,161,11,4,127.63,0
4272,2024-08-22,281,2,2,131.21,15
788,2024-07-21,98,11,5,127.63,5
3834,2024-07-02,1,5,5,15.92,0
523,2024-06-01,64,5,2,15.92,15
3975,2025-02-03,128,4,1,72.91,0
367,2024-12-13,35,27,3,52.56,0
2585,2024-11-15,6,32,5,106.66,10
2754,2025-05-15,232,16,2,22.92,0
2807,2024-11-22,157,36,1,10.4,0
2970,2024-08-24,264,30,1,97.13,0
2825,2025-05-17,194,28,5,93.46,10
2862,2024-11-18,255,6,4,114.35,0
1981,2025-02-17,113,38,2,21.84,5
4366,2024-12-27,49,27,4,52.56,10
3720,2025-02-18,129,27,2,52.56,10
3499,2025-05-09,61,12,2,85.81,5
825,2025-08-03,18,17,2,58.44,10
2745,2024-12-21,102,34,2,21.92,15
799,2024-07-12,63,8,2,103.07,0
2949,2024-10-18,245,4,4,72.91,15
3496,2024-04-03,242,30,1,97.13,0
4227,2025-08-26,126,14,2,62.21,0
3655,2024-12-13,45,18,4,113.61,15
729,2024-09-21,23,2,1,131.21,0
2274,2024-08-25,102,31,1,72.32,0
965,2025-09-20,110,4,3,72.91,0
1779,2025-08-10,246,16,3,22.92,5
1600,2024-07-05,92,9,2,102.79,0
2082,2025-02-09,246,35,2,11.58,10
285,2025-05-15,234,25,2,94.83,0
3450,2024-09-01,3,13,3,18.09,0
2936,2025-07-21,53,38,4,21.84,15
1322,2024-04-29,242,12,2,85.81,10
3042,2024-05-27,64,3,4,121.61,0
3723,2025-05-29,234,34,2,21.92,0
1646,2024-11-04,272,33,3,99.14,10
2713,2024-09-13,91,27,2,52.56,0
3095,2024-05-10,249,27,3,52.56,0
4154,2024-10-07,145,16,3,22.92,0
2567,2024-11-30,36,22,3,58.86,0
3103,2025-09-29,208,19,2,43.01,0
1572,2025-04-23,266,10,2,62.62,5
3087,2025-04-25,63,39,1,39.05,5
4194,2025-07-26,175,8,5,103.07,15
113,2025-06-09,273,16,2,22.92,15
3637,2025-01-09,282,31,5,72.32,0
3204,2025-06-29,192,26,1,141.76,5
3256,2025-05-29,83,23,2,102.85,15
3638,2025-01-23,189,29,2,98.91,10
1875,2025-05-29,285,23,3,102.85,0
4196,2024-08-12,156,9,3,102.79,5
1005,2025-03-04,195,11,4,127.63,0
3781,2025-09-17,300,12,3,85.81,10
1511,2024-08-15,91,13,5,18.09,0
2620,2024-09-07,33,25,3,94.83,15
1648,2025-06-05,294,30,5,97.13,5
3536,2025-05-15,181,16,5,22.92,0
2198,2025-03-31,84,12,1,85.81,0
2487,2025-06-23,231,4,3,72.91,0
2000,2024-12-11,166,29,4,98.91,10
3738,2024-12-08,208,14,1,62.21,0
30,2025-07-04,290,29,3,98.91,0
125,2025-04-03,158,24,4,73.36,0
1976,2024-08-27,20,8,1,103.07,0
3744,2024-12-28,161,6,2,114.35,5
3445,2024-08-19,264,1,2,47.8,0
1938,2024-04-09,242,20,2,60.25,5
1724,2025-05-31,135,30,5,97.13,15
597,2024-11-19,182,9,1,102.79,0
3741,2025-05-17,299,4,3,72.91,0
2100,2025-06-15,135,40,1,82.94,15
2967,2025-08-12,8,9,1,102.79,15
3769,2024-04-07,124,35,2,11.58,0
1024,2024-04-02,242,31,1,72.32,0
3883,2025-09-17,242,18,5,113.61,0
3199,2025-02-27,16,26,2,141.76,10
1809,2025-04-26,23,8,1,103.07,5
1762,2024-12-14,222,7,4,37.71,0
4303,2024-12-24,213,24,3,73.36,0
4117,2024-04-02,124,33,3,99.14,0
2881,2025-09-22,68,9,5,102.79,0
1558,2024-08-05,90,38,2,21.84,0
572,2025-03-10,211,32,4,106.66,5
434,2024-12-29,177,20,2,60.25,0
3292,2024-12-25,98,6,1,114.35,15
1201,2024-12-06,24,12,4,85.81,0
1465,2024-12-31,139,39,3,39.05,0
3522,2024-05-03,64,34,4,21.92,0
541,2024-07-01,283,27,2,52.56,0
1991,2024-09-25,46,20,3,60.25,5
1625,2024-12-04,33,3,3,121.61,0
1171,2024-12-09,154,21,2,97.59,0
3953,2024-11-22,15,21,5,97.59,5
3269,2025-08-25,19,17,3,58.44,0
4191,2024-08-06,88,28,5,93.46,5
2366,2025-02-09,252,8,2,103.07,0
1830,2024-05-13,118,3,3,121.61,15
2720,2025-06-14,82,26,4,141.76,5
3869,2025-07-28,24,15,4,43.35,0
2460,2024-11-15,53,10,3,62.62,10
1803,2024-04-29,242,5,3,15.92,10
1896,2024-04-20,231,36,4,10.4,15
1643,2024-07-21,164,28,2,93.46,10
3303,2025-05-28,155,8,1,103.07,10
2677,2024-04-10,33,9,4,102.79,0
646,2025-06-29,70,26,2,141.76,15
4369,2024-08-07,248,35,1,11.58,15
1985,2025-01-22,269,23,3,102.85,0
2345,2024-12-29,293,40,2,82.94,5
1053,2024-05-17,14,15,1,43.35,5
373,2025-02-17,253,32,3,106.66,5
3054,2025-08-26,286,35,5,11.58,0
2597,2024-07-23,243,16,3,22.92,10
2975,2025-03-20,63,11,1,127.63,0
3807,2024-06-21,226,25,4,94.83,0
794,2024-10-01,238,30,1,97.13,5
1596,2024-09-24,237,18,2,113.61,15
1018,2024-07-21,240,16,1,22.92,0
1470,2025-03-16,75,39,1,39.05,5
253,2025-08-10,265,4,1,72.91,0
4070,2024-04-08,282,11,2,127.63,5
659,2024-10-01,97,32,2,106.66,0
1222,2024-06-15,232,16,4,22.92,0
2502,2024-10-31,241,15,1,43.35,0
3142,2024-07-29,119,2,2,131.21,0
3119,2024-10-10,132,20,5,60.25,5
1781,2024-06-08,134,9,4,102.79,0
2810,2024-04-09,242,7,3,37.71,0
4113,2024-11-24,147,2,2,131.21,15
457,2024-08-17,190,2,1,131.21,0
1658,2024-05-12,15,31,1,72.32,0
3222,2024-08-05,88,36,3,10.4,0
455,2024-12-08,283,25,4,94.83,0
2847,2024-05-18,231,3,4,121.61,0
134,2024-06-20,164,15,4,43.35,5
2189,2024-12-21,166,12,3,85.81,5
709,2025-01-31,294,30,3,97.13,0
1545,2025-07-07,173,33,5,99.14,5
1991,2024-09-25,46,21,4,97.59,0
4262,2025-01-10,122,11,5,127.63,0
3922,2025-02-07,232,29,2,98.91,0
2137,2024-07-25,102,27,5,52.56,0
3683,2025-08-18,75,9,4,102.79,0
2383,2025-07-24,154,4,5,72.91,10
769,2024-04-22,124,8,4,103.07,0
3617,2025-09-14,132,3,3,121.61,0
385,2025-02-16,163,39,3,39.05,15
2415,2025-04-04,222,16,5,22.92,15
1151,2025-03-20,8,18,4,113.61,10
2287,2024-04-19,282,31,3,72.32,0
2482,2024-11-14,161,3,2,121.61,0
694,2024-07-26,205,8,2,103.07,5
1110,2025-01-18,166,12,5,85.81,0
732,2025-01-01,284,16,5,22.92,15
3282,2024-10-29,154,26,4,141.76,5
579,2024-08-29,248,31,3,72.32,0
508,2025-03-06,216,11,3,127.63,15
2146,2025-05-14,230,10,5,62.62,0
3926,2025-09-24,158,35,5,11.58,10
3045,2024-09-08,153,9,1,102.79,5
251,2024-11-30,27,24,3,73.36,5
3445,2024-08-19,264,20,5,60.25,15
1244,2025-02-10,218,1,2,47.8,5
532,2024-12-01,22,34,1,21.92,0
390,2024-08-08,67,2,3,131.21,0
2736,2024-09-18,168,12,3,85.81,10
2876,2025-05-23,185,27,3,52.56,0
2044,2024-09-12,213,36,2,10.4,5
875,2024-10-03,128,38,5,21.84,15
2754,2025-05-15,232,4,5,72.91,15
2561,2024-06-30,105,8,2,103.07,10
1826,2025-02-27,130,18,4,113.61,0
924,2025-09-06,213,15,4,43.35,5
3941,2024-08-22,105,16,3,22.92,0
3787,2024-07-09,105,19,2,43.01,5
3582,2024-08-13,205,28,4,93.46,0
1826,2025-02-27,130,4,3,72.91,15
118,2025-05-29,154,36,4,10.4,10
2625,2025-01-07,16,26,1,141.76,0
2340,2025-06-08,58,26,2,141.76,0
1109,2024-07-09,84,32,5,106.66,10
2276,2024-10-03,148,7,4,37.71,0
2855,2024-11-24,2,37,4,149.41,5
3479,2024-11-04,281,31,3,72.32,15
1918,2024-11-21,165,9,1,102.79,0
1356,2025-02-09,110,7,1,37.71,0
3434,2025-05-02,56,36,1,10.4,0
2489,2024-08-16,157,8,2,103.07,10
2995,2024-08-25,93,18,4,113.61,15
4055,2024-12-01,137,31,3,72.32,10
1628,2024-11-08,42,21,1,97.59,15
2324,2024-06-19,264,2,1,131.21,0
4265,2025-02-24,282,21,3,97.59,0
2667,2024-10-16,102,4,4,72.91,5
1898,2025-04-19,116,1,4,47.8,5
139,2025-05-12,168,18,4,113.61,5
236,2024-07-05,127,39,2,39.05,5
1906,2024-12-07,4,30,4,97.13,0
255,2025-04-05,102,24,4,73.36,15
83,2025-02-21,84,40,5,82.94,10
306,2025-04-12,280,19,1,43.01,0
35,2024-09-10,146,19,3,43.01,15
1664,2025-04-13,113,18,4,113.61,5
3369,2025-08-24,245,13,1,18.09,0
1999,2024-12-11,106,30,3,97.13,5
2328,2025-06-08,158,26,1,141.76,0
2813,2025-04-28,164,37,2,149.41,0
1761,2024-12-14,247,3,1,121.61,0
1647,2024-06-06,157,2,4,131.21,10
463,2025-01-10,286,12,3,85.81,0
3715,2024-11-05,195,33,5,99.14,0
119,2025-03-19,196,10,5,62.62,5
3105,2025-09-16,205,20,5,60.25,0
4099,2024-12-17,242,5,2,15.92,0
2504,2024-04-28,282,16,4,22.92,0
331,2025-07-18,229,36,3,10.4,0
3504,2024-10-05,278,38,5,21.84,10
4094,2025-01-10,38,27,4,52.56,15
2263,2025-02-03,2,24,5,73.36,0
4327,2024-11-14,156,8,4,103.07,10
1960,2025-01-25,130,36,2,10.4,0
504,2024-11-18,57,37,4,149.41,10
4082,2024-04-21,134,29,3,98.91,5
1664,2025-04-13,113,32,4,106.66,0
1441,2024-05-13,231,32,3,106.66,0
460,2025-09-06,82,11,1,127.63,5
148,2024-08-18,137,31,3,72.32,15
225,2024-08-24,255,32,3,106.66,0
1562,2025-03-09,87,37,1,149.41,5
3892,2024-06-21,67,3,5,121.61,10
3920,2024-04-30,58,10,1,62.62,5
2043,2024-07-24,30,40,5,82.94,10
3230,2025-01-21,290,15,1,43.35,15
4206,2025-09-30,251,19,2,43.01,0
2540,2024-10-19,241,32,2,106.66,0
764,2024-11-11,194,31,4,72.32,0
303,2024-12-30,83,10,5,62.62,0
1135,2024-09-03,44,13,4,18.09,10
3666,2024-07-15,242,37,5,149.41,0
60,2024-09-11,14,29,1,98.91,0
1817,2024-04-10,249,12,4,85.81,5
3144,2025-02-22,177,30,5,97.13,0
2722,2024-12-06,239,23,1,102.85,0
2108,2025-02-01,135,14,4,62.21,10
2397,2024-08-02,3,38,5,21.84,0
549,2025-06-30,297,27,2,52.56,0
2341,2024-12-02,67,13,4,18.09,15
4136,2025-01-10,110,34,4,21.92,0
354,2025-04-10,142,27,5,52.56,10
1685,2025-09-30,138,28,5,93.46,10
2035,2025-09-30,115,5,2,15.92,0
212,2024-08-01,29,39,3,39.05,0
1202,2025-02-20,50,15,3,43.35,0
1909,2024-08-08,1,23,2,102.85,0
1707,2024-07-20,98,14,4,62.21,5
2901,2024-12-08,204,28,3,93.46,5
509,2024-06-02,176,4,1,72.91,0
3501,2024-09-10,104,7,2,37.71,0
2898,2025-04-03,48,4,4,72.91,5
2114,2025-07-20,7,26,5,141.76,0
2826,2024-04-23,249,6,3,114.35,10
2083,2024-11-24,130,1,2,47.8,0
1801,2025-09-06,49,22,3,58.86,0
1703,2024-11-16,2,40,5,82.94,10
3508,2025-05-09,136,25,3,94.83,5
2685,2024-04-25,296,18,4,113.61,0
3936,2025-06-27,89,21,5,97.59,5
3698,2025-06-04,250,12,1,85.81,5
639,2024-11-10,135,32,4,106.66,15
3489,2025-08-01,250,24,3,73.36,0
69,2025-02-06,85,15,3,43.35,0
2076,2025-05-30,18,8,2,103.07,5
2029,2024-09-22,63,10,4,62.62,0
1507,2025-07-16,178,19,5,43.01,10
140,2024-11-20,213,38,1,21.84,0
3942,2025-05-31,7,25,4,94.83,0
3564,2024-11-15,197,6,1,114.35,0
3088,2024-12-27,235,33,5,99.14,15
2239,2024-04-11,249,31,5,72.32,5
4043,2024-04-15,64,21,1,97.59,0
217,2025-07-17,26,37,4,149.41,5
1034,2024-06-28,97,28,3,93.46,0
2920,2025-04-15,204,18,5,113.61,10
150,2024-10-22,200,36,4,10.4,15
843,2024-04-30,76,25,3,94.83,15
782,2025-05-13,117,14,2,62.21,10
4136,2025-01-10,110,14,5,62.21,5
4061,2024-10-11,146,27,3,52.56,0
2859,2025-07-06,125,36,1,10.4,0
2487,2025-06-23,231,15,3,43.35,0
1405,2024-05-11,242,9,4,102.79,0
2168,2025-05-21,2,38,1,21.84,5
149,2025-08-16,295,21,3,97.59,5
3947,2025-08-06,85,15,5,43.35,5
4296,2024-05-10,282,16,1,22.92,0
4378,2025-06-15,18,19,4,43.01,15
874,2025-01-03,51,11,3,127.63,5
2128,2024-04-02,124,14,4,62.21,5
2752,2024-12-17,148,4,1,72.91,0
391,2025-01-04,281,9,5,102.79,5
2079,2025-03-18,217,3,5,121.61,10
2333,2024-07-24,131,25,5,94.83,10
961,2025-08-11,109,8,5,103.07,0
1572,2025-04-23,266,29,2,98.91,5
3100,2024-12-28,209,1,2,47.8,5
1750,2025-05-10,269,22,5,58.86,15
3629,2024-12-02,240,31,1,72.32,5
2801,2025-07-20,70,3,5,121.61,0
4303,2024-12-24,213,29,4,98.91,0
827,2024-06-22,240,11,3,127.63,10
1934,2024-12-02,148,16,3,22.92,15
2911,2025-03-02,295,9,5,102.79,0
1752,2024-04-02,124,9,1,102.79,0
1184,2025-05-15,168,26,5,141.76,0
2526,2024-10-03,197,14,3,62.21,5
626,2024-06-17,273,19,1,43.01,0
938,2024-05-01,64,16,2,22.92,0
3090,2025-02-17,194,20,4,60.25,10
284,2024-09-22,124,29,1,98.91,0
844,2024-08-18,264,22,3,58.86,5
3357,2024-10-07,89,36,5,10.4,10
2406,2024-05-24,98,1,2,47.8,0
1856,2024-04-23,76,28,4,93.46,15
89,2024-09-25,176,23,2,102.85,0
323,2025-05-10,16,11,4,127.63,10
892,2025-08-21,66,26,2,141.76,0
3786,2024-05-19,176,23,5,102.85,0
3501,2024-09-10,104,40,3,82.94,0
633,2025-01-19,83,39,2,39.05,0
2683,2025-08-24,66,1,1,47.8,10
171,2024-11-10,144,23,1,102.85,0
1357,2024-09-08,278,28,2,93.46,5
4246,2025-08-10,81,20,3,60.25,0
4107,2024-11-24,286,17,3,58.44,0
3723,2025-05-29,234,35,1,11.58,15
3152,2025-07-04,12,9,3,102.79,15
1381,2025-05-28,260,17,1,58.44,15
54,2024-05-16,146,12,2,85.81,0
3022,2024-09-23,300,20,3,60.25,10
495,2025-08-20,32,14,2,62.21,10
4052,2024-12-09,110,2,5,131.21,5
3198,2024-12-14,251,8,5,103.07,0
3164,2024-04-19,249,37,3,149.41,0
1481,2024-09-01,166,35,5,11.58,0
366,2024-12-13,238,16,1,22.92,5
1652,2024-04-24,296,8,2,103.07,0
1232,2024-12-19,96,15,2,43.35,0
745,2024-09-27,23,9,2,102.79,10
1321,2024-05-31,214,7,5,37.71,0
3179,2025-07-22,54,26,2,141.76,10
1578,2024-07-11,96,2,2,131.21,0
3878,2024-10-06,135,37,4,149.41,15
159,2024-09-16,96,36,3,10.4,10
1417,2024-12-23,233,14,4,62.21,0
2179,2024-08-31,171,34,1,21.92,5
2152,2025-05-23,58,8,1,103.07,5
3847,2025-06-13,55,16,5,22.92,15
680,2025-01-30,161,29,2,98.91,0
605,2024-11-06,164,27,3,52.56,0
2795,2024-09-04,205,39,3,39.05,0
445,2024-12-03,87,39,2,39.05,15
3728,2025-08-28,238,1,3,47.8,5
648,2025-09-11,67,31,3,72.32,0
587,2025-08-19,287,15,3,43.35,0
1499,2025-09-19,209,32,2,106.66,0
1369,2025-01-05,235,22,5,58.86,0
2594,2025-05-13,152,20,2,60.25,0
4307,2024-10-07,164,33,5,99.14,0
4199,2024-08-05,242,30,4,97.13,15
392,2025-03-22,247,6,3,114.35,0
3200,2025-01-16,215,1,3,47.8,0
2697,2025-06-07,120,7,4,37.71,5
2658,2025-09-04,84,26,4,141.76,0
2467,2025-01-27,76,20,2,60.25,0
98,2024-07-25,97,30,2,97.13,0
2895,2024-08-03,221,38,2,21.84,15
210,2024-10-25,47,10,1,62.62,0
1390,2025-08-13,31,5,3,15.92,0
1512,2024-05-09,124,5,4,15.92,0
2079,2025-03-18,217,11,2,127.63,0
651,2024-12-25,135,6,2,114.35,10
1911,2025-08-14,3,28,2,93.46,10
2765,2025-07-12,59,16,1,22.92,15
2406,2024-05-24,98,16,5,22.92,5
452,2025-01-02,212,14,4,62.21,10
3010,2025-05-21,293,18,4,113.61,0
1408,2025-06-01,203,36,2,10.4,5
2298,2024-06-28,265,25,1,94.83,5
3156,2024-12-19,110,29,2,98.91,15
3346,2025-05-30,35,20,3,60.25,10
2204,2025-05-17,27,34,4,21.92,0
1080,2025-04-29,254,25,4,94.83,5
3593,2025-01-22,111,3,3,121.61,0
3856,2025-06-03,48,1,4,47.8,5
3120,2025-01-29,168,1,2,47.8,0
3192,2025-03-15,67,15,2,43.35,0
1816,2024-10-06,291,22,4,58.86,15
3476,2025-05-11,285,20,3,60.25,0
886,2024-11-05,103,7,2,37.71,5
373,2025-02-17,253,12,2,85.81,10
2084,2024-11-24,59,39,1,39.05,15
3358,2024-08-29,150,12,1,85.81,0
1496,2024-05-20,184,16,5,22.92,0
4245,2025-04-01,74,40,2,82.94,0
3673,2024-10-09,296,16,4,22.92,5
1165,2024-04-18,157,24,1,73.36,0
3608,2024-06-10,33,35,1,11.58,0
170,2024-11-10,131,16,3,22.92,0
3314,2025-05-14,237,1,3,47.8,10
811,2024-08-06,165,28,5,93.46,0
4338,2024-09-06,8,22,4,58.86,0
656,2025-06-08,132,7,5,37.71,0
3582,2024-08-13,205,14,4,62.21,0
1710,2024-12-29,182,25,1,94.83,15
1315,2025-06-16,69,14,3,62.21,0
847,2024-10-12,134,21,5,97.59,10
3367,2025-01-01,175,29,3,98.91,15
3285,2024-06-24,184,20,5,60.25,0
4358,2025-04-06,94,8,2,103.07,15
2083,2024-11-24,130,6,3,114.35,0
2308,2024-04-12,124,35,2,11.58,5
1498,2025-09-24,251,36,4,10.4,15
2077,2025-04-17,63,15,3,43.35,0
95,2024-10-22,262,21,1,97.59,15
93,2024-07-21,214,16,5,22.92,0
3167,2024-10-21,204,7,2,37.71,0
4373,2024-06-11,59,19,5,43.01,0
195,2024-06-07,164,28,2,93.46,0
1993,2025-02-04,143,5,1,15.92,0
2026,2025-09-03,298,18,1,113.61,0
2371,2024-04-01,242,2,2,131.21,0
1978,2024-08-22,188,35,4,11.58,10
1101,2025-08-31,40,39,2,39.05,10
2557,2025-03-04,155,10,3,62.62,0
1727,2024-07-02,220,36,5,10.4,0
3742,2025-02-11,136,29,3,98.91,0
1617,2024-09-29,210,16,2,22.92,10
394,2025-03-19,147,32,5,106.66,0
2890,2025-08-28,300,26,1,141.76,5
1343,2024-05-13,232,14,1,62.21,10
1435,2024-11-19,198,24,5,73.36,0
620,2024-04-28,291,7,4,37.71,0
805,2024-09-19,20,7,2,37.71,10
3531,2025-09-01,126,28,3,93.46,0
1487,2024-11-21,159,11,5,127.63,10
2840,2025-05-18,261,15,2,43.35,0
4233,2025-05-09,103,10,1,62.62,5
1805,2024-08-27,44,6,4,114.35,10
4150,2025-05-13,70,29,2,98.91,15
2883,2025-04-26,292,34,1,21.92,15
1271,2025-07-20,213,9,4,102.79,5
19,2025-04-21,215,24,1,73.36,0
3513,2024-11-08,62,38,5,21.84,0
1588,2024-12-13,4,27,5,52.56,0
3630,2025-08-22,135,39,5,39.05,0
3536,2025-05-15,181,2,3,131.21,0
3903,2024-04-28,64,26,4,141.76,10
1749,2024-09-28,39,19,1,43.01,10
1950,2024-09-16,15,13,3,18.09,0
3529,2024-11-05,135,17,5,58.44,0
2913,2024-10-26,68,1,4,47.8,15
475,2024-05-03,76,16,3,22.92,0
1492,2025-07-26,217,2,1,131.21,0
4063,2024-11-21,84,39,5,39.05,0
693,2024-09-10,74,5,3,15.92,5
2412,2024-06-21,242,38,2,21.84,0
436,2025-01-20,8,8,4,103.07,0
2896,2025-02-10,38,17,4,58.44,10
1345,2025-04-25,79,33,2,99.14,15
3885,2024-11-27,57,35,1,11.58,5
4018,2025-04-30,202,26,3,141.76,5
42,2025-05-26,187,29,3,98.91,15
3348,2024-05-18,19,29,1,98.91,5
345,2025-01-16,44,29,4,98.91,5
4230,2025-09-18,115,18,4,113.61,0
2435,2025-01-14,107,27,3,52.56,0
914,2024-11-11,228,17,5,58.44,0
1204,2024-09-03,195,14,3,62.21,5
3597,2024-06-29,64,28,1,93.46,0
2749,2024-06-25,19,11,1,127.63,0
729,2024-09-21,23,4,2,72.91,5
1446,2024-07-30,220,19,4,43.01,0
808,2024-11-10,128,32,2,106.66,0
1103,2024-12-07,45,37,2,149.41,0
4023,2025-03-04,213,38,3,21.84,5
3111,2024-11-24,134,22,1,58.86,5
1318,2024-07-01,39,27,3,52.56,0
3370,2025-06-22,92,40,2,82.94,15
2849,2024-08-12,219,1,1,47.8,0
3648,2025-02-02,75,40,1,82.94,0
2290,2025-05-21,87,12,5,85.81,0
3423,2024-11-14,260,29,4,98.91,0
74,2025-06-25,213,14,3,62.21,15
3113,2024-10-02,145,25,1,94.83,5
1604,2024-04-25,14,21,2,97.59,15
682,2024-09-23,253,32,1,106.66,0
3814,2024-09-11,53,37,4,149.41,15
1333,2024-09-25,246,35,4,11.58,0
1970,2025-02-23,231,23,1,102.85,0
3747,2025-02-13,17,9,5,102.79,0
381,2024-12-17,252,29,3,98.91,0
3071,2024-10-31,188,34,4,21.92,0
2082,2025-02-09,246,21,2,97.59,0
3400,2024-10-20,227,23,4,102.85,5
1611,2025-04-22,177,6,3,114.35,10
3141,2024-07-10,274,18,4,113.61,0
3624,2024-10-19,47,26,3,141.76,15
211,2025-07-05,239,27,3,52.56,0
1107,2025-03-30,230,31,1,72.32,0
1466,2024-12-31,157,22,4,58.86,0
1178,2025-06-20,205,24,1,73.36,0
822,2025-07-25,101,1,3,47.8,5
906,2025-07-04,61,34,2,21.92,0
1357,2024-09-08,278,34,1,21.92,15
1109,2024-07-09,84,4,5,72.91,5
674,2025-06-08,47,40,1,82.94,10
1867,2024-09-12,289,29,2,98.91,5
3412,2024-11-01,108,27,4,52.56,5
1807,2025-06-25,160,21,1,97.59,10
3756,2024-12-17,13,17,1,58.44,5
2619,2025-06-27,13,28,2,93.46,0
1684,2024-09-26,27,21,4,97.59,5
1159,2025-03-21,218,40,2,82.94,5
280,2024-10-22,273,34,4,21.92,0
2415,2025-04-04,222,14,4,62.21,0
1215,2025-07-28,103,19,5,43.01,5
2124,2024-04-29,76,22,3,58.86,0
3077,2024-05-09,67,3,4,121.61,5
185,2025-06-07,68,5,1,15.92,0
695,2025-03-30,24,10,1,62.62,15
321,2024-05-17,296,23,5,102.85,0
1334,2024-05-24,249,24,3,73.36,0
4266,2024-10-07,104,13,2,18.09,0
4396,2025-08-15,131,20,5,60.25,0
470,2024-06-09,157,36,3,10.4,0
4140,2024-12-30,133,39,5,39.05,5
4291,2025-03-18,188,28,1,93.46,15
661,2024-12-27,267,21,4,97.59,0
674,2025-06-08,47,12,3,85.81,5
2073,2025-04-02,199,17,3,58.44,5
1538,2024-11-23,150,15,4,43.35,0
549,2025-06-30,297,21,1,97.59,0
968,2025-09-16,2,9,1,102.79,0
3801,2024-04-28,242,37,2,149.41,0
831,2025-08-28,57,12,3,85.81,5
460,2025-09-06,82,25,2,94.83,0
2738,2024-11-26,47,16,3,22.92,0
644,2025-08-17,242,11,5,127.63,15
4078,2025-05-17,116,13,2,18.09,10
3381,2024-08-05,296,18,1,113.61,0
1431,2025-03-22,209,26,3,141.76,0
970,2024-11-08,95,33,4,99.14,5
2944,2025-06-09,228,13,3,18.09,15
2258,2024-05-04,242,11,5,127.63,0
3815,2024-04-07,134,17,4,58.44,0
2987,2025-02-01,245,4,4,72.91,0
1355,2024-10-13,199,24,4,73.36,0
3168,2025-06-20,93,12,5,85.81,10
1183,2025-03-19,52,36,4,10.4,5
4368,2024-08-04,51,26,4,141.76,0
1915,2024-09-06,214,22,4,58.86,0
